{"type":"suite","event":"started","test_count":451,"nextest":{"crate":"liminal-protocol","test_binary":"liminal_protocol","kind":"lib"}}
{"type":"test","event":"started","name":"liminal-protocol::liminal_protocol$algebra::capacity_tests::exact_q_supersession_reaches_the_mandatory_bound"}
{"type":"test","event":"started","name":"liminal-protocol::liminal_protocol$algebra::capacity_tests::baseline_rejects_more_credits_than_identities"}
{"type":"test","event":"started","name":"liminal-protocol::liminal_protocol$algebra::capacity_tests::baseline_and_zero_debt_admission_match_case_21"}
{"type":"test","event":"started","name":"liminal-protocol::liminal_protocol$algebra::capacity_tests::byte_budget_walk_preserves_the_printed_totals"}
{"type":"test","event":"started","name":"liminal-protocol::liminal_protocol$algebra::capacity_tests::recovery_charge_moves_from_k_to_baseline_once"}
{"type":"test","event":"started","name":"liminal-protocol::liminal_protocol$algebra::capacity_tests::marker_credit_keeps_the_baseline_constant"}
{"type":"test","event":"started","name":"liminal-protocol::liminal_protocol$algebra::capacity_tests::retained_baseline_feeds_mandatory_capacity_without_narrowing"}
{"type":"test","event":"started","name":"liminal-protocol::liminal_protocol$algebra::capacity_tests::required_capacity_uses_entry_before_byte_precedence"}
{"type":"test","event":"started","name":"liminal-protocol::liminal_protocol$algebra::capacity_tests::widened_overflow_is_a_capacity_failure_not_a_wrapped_success"}
{"type":"test","event":"started","name":"liminal-protocol::liminal_protocol$algebra::capacity_tests::startup_equality_enrollment_borrows_its_actual_charge"}
{"type":"test","event":"ok","name":"liminal-protocol::liminal_protocol$algebra::capacity_tests::recovery_charge_moves_from_k_to_baseline_once","exec_time":0.01875825}
{"type":"test","event":"ok","name":"liminal-protocol::liminal_protocol$algebra::capacity_tests::exact_q_supersession_reaches_the_mandatory_bound","exec_time":0.019058416}
{"type":"test","event":"started","name":"liminal-protocol::liminal_protocol$algebra::floor_tests::a_late_cursor_zero_member_never_lowers_the_floor"}
{"type":"test","event":"ok","name":"liminal-protocol::liminal_protocol$algebra::capacity_tests::widened_overflow_is_a_capacity_failure_not_a_wrapped_success","exec_time":0.018375708}
{"type":"test","event":"started","name":"liminal-protocol::liminal_protocol$algebra::floor_tests::a_measurement_the_frontier_moved_past_is_subsumed"}
{"type":"test","event":"started","name":"liminal-protocol::liminal_protocol$algebra::floor_tests::a_marker_at_the_retained_floor_pins_it_where_it_stands"}
{"type":"test","event":"ok","name":"liminal-protocol::liminal_protocol$algebra::capacity_tests::required_capacity_uses_entry_before_byte_precedence","exec_time":0.01845475}
{"type":"test","event":"started","name":"liminal-protocol::liminal_protocol$algebra::floor_tests::an_admissible_floor_is_bounded_by_the_current_high_watermark"}
{"type":"test","event":"ok","name":"liminal-protocol::liminal_protocol$algebra::capacity_tests::byte_budget_walk_preserves_the_printed_totals","exec_time":0.018525166}
{"type":"test","event":"started","name":"liminal-protocol::liminal_protocol$algebra::floor_tests::an_empty_marker_set_passes_the_computed_floor_through_unchanged"}
{"type":"test","event":"ok","name":"liminal-protocol::liminal_protocol$algebra::capacity_tests::retained_baseline_feeds_mandatory_capacity_without_narrowing","exec_time":0.018679083}
{"type":"test","event":"started","name":"liminal-protocol::liminal_protocol$algebra::floor_tests::final_leave_substitutes_candidate_watermark_for_empty_membership"}
{"type":"test","event":"ok","name":"liminal-protocol::liminal_protocol$algebra::capacity_tests::startup_equality_enrollment_borrows_its_actual_charge","exec_time":0.018980042}
{"type":"test","event":"started","name":"liminal-protocol::liminal_protocol$algebra::floor_tests::multiple_claims_match_the_document_floor_walk"}
{"type":"test","event":"ok","name":"liminal-protocol::liminal_protocol$algebra::capacity_tests::baseline_rejects_more_credits_than_identities","exec_time":0.018977416}
{"type":"test","event":"started","name":"liminal-protocol::liminal_protocol$algebra::floor_tests::one_past_maximum_is_representable"}
{"type":"test","event":"ok","name":"liminal-protocol::liminal_protocol$algebra::capacity_tests::marker_credit_keeps_the_baseline_constant","exec_time":0.018358292}
{"type":"test","event":"started","name":"liminal-protocol::liminal_protocol$algebra::floor_tests::the_clamp_target_is_the_marker_itself_and_not_one_below_it"}
{"type":"test","event":"ok","name":"liminal-protocol::liminal_protocol$algebra::capacity_tests::baseline_and_zero_debt_admission_match_case_21","exec_time":0.030436792}
{"type":"test","event":"started","name":"liminal-protocol::liminal_protocol$algebra::floor_tests::the_marker_clamp_lowers_where_cap_floor_raises"}
{"type":"test","event":"ok","name":"liminal-protocol::liminal_protocol$algebra::floor_tests::one_past_maximum_is_representable","exec_time":0.017977458}
{"type":"test","event":"ok","name":"liminal-protocol::liminal_protocol$algebra::floor_tests::multiple_claims_match_the_document_floor_walk","exec_time":0.018038}
{"type":"test","event":"started","name":"liminal-protocol::liminal_protocol$algebra::floor_tests::the_remint_never_raises_the_measured_floor"}
{"type":"test","event":"started","name":"liminal-protocol::liminal_protocol$client::authority_property_tests::exhaustive_small_scope_send_authority_conservation"}
{"type":"test","event":"ok","name":"liminal-protocol::liminal_protocol$algebra::floor_tests::a_marker_at_the_retained_floor_pins_it_where_it_stands","exec_time":0.019039625}
{"type":"test","event":"started","name":"liminal-protocol::liminal_protocol$client::d1_flip_tests::item_1_exact_record_token_applies_and_clears_expected"}
{"type":"test","event":"ok","name":"liminal-protocol::liminal_protocol$algebra::floor_tests::an_admissible_floor_is_bounded_by_the_current_high_watermark","exec_time":0.018801292}
{"type":"test","event":"started","name":"liminal-protocol::liminal_protocol$client::d1_flip_tests::item_2_different_record_token_is_ambiguous_and_retains_authority"}
{"type":"test","event":"ok","name":"liminal-protocol::liminal_protocol$algebra::floor_tests::an_empty_marker_set_passes_the_computed_floor_through_unchanged","exec_time":0.019792958}
{"type":"test","event":"started","name":"liminal-protocol::liminal_protocol$client::d1_flip_tests::item_3_unsealed_record_answer_requires_response_authority"}
{"type":"test","event":"ok","name":"liminal-protocol::liminal_protocol$algebra::floor_tests::the_clamp_target_is_the_marker_itself_and_not_one_below_it","exec_time":0.020493166}
{"type":"test","event":"started","name":"liminal-protocol::liminal_protocol$client::d1_flip_tests::item_4_all_eleven_record_outcomes_codec_round_trip_exact_token"}
{"type":"test","event":"ok","name":"liminal-protocol::liminal_protocol$algebra::floor_tests::a_late_cursor_zero_member_never_lowers_the_floor","exec_time":0.021884875}
{"type":"test","event":"started","name":"liminal-protocol::liminal_protocol$client::d1_flip_tests::item_5_named_r1_record_fixtures_fail_staged_canonical_decode"}
{"type":"test","event":"ok","name":"liminal-protocol::liminal_protocol$algebra::floor_tests::a_measurement_the_frontier_moved_past_is_subsumed","exec_time":0.025498334}
{"type":"test","event":"started","name":"liminal-protocol::liminal_protocol$client::d1_flip_tests::item_7_restored_observer_abandonment_only_blocks_fresh_observer"}
{"type":"test","event":"ok","name":"liminal-protocol::liminal_protocol$algebra::floor_tests::final_leave_substitutes_candidate_watermark_for_empty_membership","exec_time":0.025563334}
{"type":"test","event":"started","name":"liminal-protocol::liminal_protocol$client::d1_flip_tests::item_7_two_cycle_record_resume_keeps_expected_and_lost_testimony"}
{"type":"test","event":"ok","name":"liminal-protocol::liminal_protocol$algebra::floor_tests::the_marker_clamp_lowers_where_cap_floor_raises","exec_time":0.02299975}
{"type":"test","event":"started","name":"liminal-protocol::liminal_protocol$client::gen_skip_supersession_tests::coupled_active_replay_still_encodes_and_restores"}
{"type":"test","event":"ok","name":"liminal-protocol::liminal_protocol$algebra::floor_tests::the_remint_never_raises_the_measured_floor","exec_time":0.02057875}
{"type":"test","event":"started","name":"liminal-protocol::liminal_protocol$client::gen_skip_supersession_tests::decoupled_aggregate_refuses_to_encode_in_both_directions"}
{"type":"test","event":"ok","name":"liminal-protocol::liminal_protocol$client::d1_flip_tests::item_1_exact_record_token_applies_and_clears_expected","exec_time":0.019852333}
{"type":"test","event":"ok","name":"liminal-protocol::liminal_protocol$client::d1_flip_tests::item_2_different_record_token_is_ambiguous_and_retains_authority","exec_time":0.019793125}
{"type":"test","event":"started","name":"liminal-protocol::liminal_protocol$client::gen_skip_supersession_tests::inbound_skip_attach_supersedes_and_the_new_detach_records"}
{"type":"test","event":"started","name":"liminal-protocol::liminal_protocol$client::gen_skip_supersession_tests::generation_skipping_attach_supersedes_active_replay"}
{"type":"test","event":"ok","name":"liminal-protocol::liminal_protocol$client::d1_flip_tests::item_5_named_r1_record_fixtures_fail_staged_canonical_decode","exec_time":0.017413875}
{"type":"test","event":"started","name":"liminal-protocol::liminal_protocol$client::r2_tests::detach_loss_resolves_to_parked_and_reissues_exactly_once"}
{"type":"test","event":"ok","name":"liminal-protocol::liminal_protocol$client::d1_flip_tests::item_4_all_eleven_record_outcomes_codec_round_trip_exact_token","exec_time":0.018882792}
{"type":"test","event":"started","name":"liminal-protocol::liminal_protocol$client::r2_tests::pending_abandonment_gates_tokenless_admission_only"}
{"type":"test","event":"ok","name":"liminal-protocol::liminal_protocol$client::d1_flip_tests::item_3_unsealed_record_answer_requires_response_authority","exec_time":0.023082833}
{"type":"test","event":"started","name":"liminal-protocol::liminal_protocol$client::r2_tests::pending_operation_testimony_gates_every_correlation_path"}
{"type":"test","event":"ok","name":"liminal-protocol::liminal_protocol$client::d1_flip_tests::item_7_restored_observer_abandonment_only_blocks_fresh_observer","exec_time":0.018809875}
{"type":"test","event":"started","name":"liminal-protocol::liminal_protocol$client::r2_tests::pending_reconnect_testimony_gates_redemption_and_attempt_fate"}
{"type":"test","event":"ok","name":"liminal-protocol::liminal_protocol$client::d1_flip_tests::item_7_two_cycle_record_resume_keeps_expected_and_lost_testimony","exec_time":0.022839375}
{"type":"test","event":"started","name":"liminal-protocol::liminal_protocol$client::r2_tests::restore_refuses_abandonment_beside_tokenless_expected"}
{"type":"test","event":"ok","name":"liminal-protocol::liminal_protocol$client::gen_skip_supersession_tests::coupled_active_replay_still_encodes_and_restores","exec_time":0.01459525}
{"type":"test","event":"started","name":"liminal-protocol::liminal_protocol$client::r2_tests::restore_refuses_testimony_and_abandonment_coupling_mismatches"}
{"type":"test","event":"ok","name":"liminal-protocol::liminal_protocol$client::gen_skip_supersession_tests::decoupled_aggregate_refuses_to_encode_in_both_directions","exec_time":0.016922708}
{"type":"test","event":"started","name":"liminal-protocol::liminal_protocol$client::r2_tests::restored_issued_operation_rejects_prior_process_correlation"}
{"type":"test","event":"ok","name":"liminal-protocol::liminal_protocol$client::r2_tests::detach_loss_resolves_to_parked_and_reissues_exactly_once","exec_time":0.017002791}
{"type":"test","event":"started","name":"liminal-protocol::liminal_protocol$client::r2_tests::restored_issued_permit_rejects_prior_process_permit"}
{"type":"test","event":"ok","name":"liminal-protocol::liminal_protocol$client::r2_tests::pending_abandonment_gates_tokenless_admission_only","exec_time":0.018385541}
{"type":"test","event":"started","name":"liminal-protocol::liminal_protocol$client::r2_tests::same_envelope_re_record_over_terminal_replay_refuses"}
{"type":"test","event":"ok","name":"liminal-protocol::liminal_protocol$client::r2_tests::pending_operation_testimony_gates_every_correlation_path","exec_time":0.014536917}
{"type":"test","event":"ok","name":"liminal-protocol::liminal_protocol$client::gen_skip_supersession_tests::generation_skipping_attach_supersedes_active_replay","exec_time":0.01915625}
{"type":"test","event":"ok","name":"liminal-protocol::liminal_protocol$client::gen_skip_supersession_tests::inbound_skip_attach_supersedes_and_the_new_detach_records","exec_time":0.018791333}
{"type":"test","event":"started","name":"liminal-protocol::liminal_protocol$client::r2_tests::tokenless_abandonment_survives_encode_without_take"}
{"type":"test","event":"started","name":"liminal-protocol::liminal_protocol$client::r2_tests::testimony_round_trips_distinctly_for_every_kind"}
{"type":"test","event":"started","name":"liminal-protocol::liminal_protocol$client::r2_tests::same_envelope_re_record_refuses_every_inactive_status_and_admits_parked"}
{"type":"test","event":"ok","name":"liminal-protocol::liminal_protocol$client::r2_tests::pending_reconnect_testimony_gates_redemption_and_attempt_fate","exec_time":0.016960959}
{"type":"test","event":"started","name":"liminal-protocol::liminal_protocol$client::r2_tests::unissued_tokenless_abandonment_take_releases_nothing"}
{"type":"test","event":"ok","name":"liminal-protocol::liminal_protocol$client::r2_tests::restore_refuses_abandonment_beside_tokenless_expected","exec_time":0.019157125}
{"type":"test","event":"started","name":"liminal-protocol::liminal_protocol$client::resume_tests::already_dead_refuses_inbound_without_losing_value"}
{"type":"test","event":"ok","name":"liminal-protocol::liminal_protocol$client::r2_tests::restore_refuses_testimony_and_abandonment_coupling_mismatches","exec_time":0.02124675}
{"type":"test","event":"started","name":"liminal-protocol::liminal_protocol$client::resume_tests::codec_reports_envelope_errors_and_restore_invariants"}
{"type":"test","event":"ok","name":"liminal-protocol::liminal_protocol$client::r2_tests::tokenless_abandonment_survives_encode_without_take","exec_time":0.019679666}
{"type":"test","event":"started","name":"liminal-protocol::liminal_protocol$client::resume_tests::continuous_ack_remains_outside_resume_slot"}
{"type":"test","event":"ok","name":"liminal-protocol::liminal_protocol$client::r2_tests::restored_issued_operation_rejects_prior_process_correlation","exec_time":0.021627958}
{"type":"test","event":"started","name":"liminal-protocol::liminal_protocol$client::resume_tests::restored_permit_is_released_once_and_failure_parks_without_timer"}
{"type":"test","event":"ok","name":"liminal-protocol::liminal_protocol$client::authority_property_tests::exhaustive_small_scope_send_authority_conservation","exec_time":0.060907334}
{"type":"test","event":"started","name":"liminal-protocol::liminal_protocol$client::resume_tests::resume_round_trips_all_reconnect_machine_states"}
{"type":"test","event":"ok","name":"liminal-protocol::liminal_protocol$client::r2_tests::same_envelope_re_record_refuses_every_inactive_status_and_admits_parked","exec_time":0.020947}
{"type":"test","event":"ok","name":"liminal-protocol::liminal_protocol$client::r2_tests::testimony_round_trips_distinctly_for_every_kind","exec_time":0.021585417}
{"type":"test","event":"started","name":"liminal-protocol::liminal_protocol$client::resume_tests::resume_round_trips_every_expected_operation_and_continuous_ack"}
{"type":"test","event":"started","name":"liminal-protocol::liminal_protocol$client::resume_tests::resume_round_trips_every_binding_and_expected_operation"}
{"type":"test","event":"ok","name":"liminal-protocol::liminal_protocol$client::resume_tests::already_dead_refuses_inbound_without_losing_value","exec_time":0.012273333}
{"type":"test","event":"started","name":"liminal-protocol::liminal_protocol$client::resume_tests::resume_round_trips_every_replay_status_and_terminal_payload"}
{"type":"test","event":"ok","name":"liminal-protocol::liminal_protocol$client::r2_tests::restored_issued_permit_rejects_prior_process_permit","exec_time":0.023321375}
{"type":"test","event":"started","name":"liminal-protocol::liminal_protocol$client::review_tests::b1_resume_preserves_issued_permit_testimony"}
{"type":"test","event":"ok","name":"liminal-protocol::liminal_protocol$client::r2_tests::same_envelope_re_record_over_terminal_replay_refuses","exec_time":0.022206166}
{"type":"test","event":"started","name":"liminal-protocol::liminal_protocol$client::review_tests::b2_restored_attempt_has_typed_process_loss_exit"}
{"type":"test","event":"ok","name":"liminal-protocol::liminal_protocol$client::r2_tests::unissued_tokenless_abandonment_take_releases_nothing","exec_time":0.018974417}
{"type":"test","event":"started","name":"liminal-protocol::liminal_protocol$client::review_tests::b3_commit_seal_record_restores_before_authority_release"}
{"type":"test","event":"ok","name":"liminal-protocol::liminal_protocol$client::resume_tests::resume_round_trips_all_reconnect_machine_states","exec_time":0.02177775}
{"type":"test","event":"started","name":"liminal-protocol::liminal_protocol$client::review_tests::b4_cold_restored_expected_operation_is_released_once"}
{"type":"test","event":"ok","name":"liminal-protocol::liminal_protocol$client::resume_tests::codec_reports_envelope_errors_and_restore_invariants","exec_time":0.031252625}
{"type":"test","event":"ok","name":"liminal-protocol::liminal_protocol$client::resume_tests::resume_round_trips_every_replay_status_and_terminal_payload","exec_time":0.021166417}
{"type":"test","event":"ok","name":"liminal-protocol::liminal_protocol$client::resume_tests::resume_round_trips_every_expected_operation_and_continuous_ack","exec_time":0.021272834}
{"type":"test","event":"started","name":"liminal-protocol::liminal_protocol$client::review_tests::d1_sequential_record_a_response_after_b_is_refused_by_exact_token"}
{"type":"test","event":"started","name":"liminal-protocol::liminal_protocol$client::review_tests::b5_detach_has_exactly_one_initial_send_authority"}
{"type":"test","event":"started","name":"liminal-protocol::liminal_protocol$client::review_tests::b4_restored_issued_operation_has_typed_process_loss_exit"}
{"type":"test","event":"ok","name":"liminal-protocol::liminal_protocol$client::resume_tests::resume_round_trips_every_binding_and_expected_operation","exec_time":0.027254375}
{"type":"test","event":"started","name":"liminal-protocol::liminal_protocol$client::review_tests::m10_retired_terminalizes_binding_and_future_operations"}
{"type":"test","event":"ok","name":"liminal-protocol::liminal_protocol$client::review_tests::b1_resume_preserves_issued_permit_testimony","exec_time":0.027560458}
{"type":"test","event":"ok","name":"liminal-protocol::liminal_protocol$client::review_tests::b2_restored_attempt_has_typed_process_loss_exit","exec_time":0.027757958}
{"type":"test","event":"started","name":"liminal-protocol::liminal_protocol$client::review_tests::m7_sequential_observer_a_response_after_b_cannot_apply"}
{"type":"test","event":"started","name":"liminal-protocol::liminal_protocol$client::review_tests::m6_binding_state_gates_outbound_and_inbound"}
{"type":"test","event":"ok","name":"liminal-protocol::liminal_protocol$client::review_tests::b3_commit_seal_record_restores_before_authority_release","exec_time":0.028706917}
{"type":"test","event":"started","name":"liminal-protocol::liminal_protocol$client::review_tests::m8_detach_and_resume_preserve_attach_secret"}
{"type":"test","event":"ok","name":"liminal-protocol::liminal_protocol$client::resume_tests::restored_permit_is_released_once_and_failure_parks_without_timer","exec_time":0.03173825}
{"type":"test","event":"started","name":"liminal-protocol::liminal_protocol$client::review_tests::m9_terminal_and_superseded_replay_yield_to_new_generation_detach"}
{"type":"test","event":"ok","name":"liminal-protocol::liminal_protocol$client::resume_tests::continuous_ack_remains_outside_resume_slot","exec_time":0.0326015}
{"type":"test","event":"started","name":"liminal-protocol::liminal_protocol$client::rider_tests::canonical_decode_rejects_token_bearing_abandonment"}
{"type":"test","event":"ok","name":"liminal-protocol::liminal_protocol$client::review_tests::d1_sequential_record_a_response_after_b_is_refused_by_exact_token","exec_time":0.01304225}
{"type":"test","event":"started","name":"liminal-protocol::liminal_protocol$client::rider_tests::canonical_restore_rejects_token_bearing_abandonment"}
{"type":"test","event":"ok","name":"liminal-protocol::liminal_protocol$client::review_tests::b4_cold_restored_expected_operation_is_released_once","exec_time":0.014073333}
{"type":"test","event":"started","name":"liminal-protocol::liminal_protocol$client::round3_tests::active_replay_without_matching_expected_detach_refuses_restore"}
{"type":"test","event":"ok","name":"liminal-protocol::liminal_protocol$client::review_tests::b5_detach_has_exactly_one_initial_send_authority","exec_time":0.013650125}
{"type":"test","event":"started","name":"liminal-protocol::liminal_protocol$client::round3_tests::refused_detach_admission_preserves_authorization_counter"}
{"type":"test","event":"ok","name":"liminal-protocol::liminal_protocol$client::review_tests::b4_restored_issued_operation_has_typed_process_loss_exit","exec_time":0.014076666}
{"type":"test","event":"started","name":"liminal-protocol::liminal_protocol$client::round3_tests::same_identity_wrong_secret_attach_and_leave_refuse"}
{"type":"test","event":"ok","name":"liminal-protocol::liminal_protocol$client::review_tests::m9_terminal_and_superseded_replay_yield_to_new_generation_detach","exec_time":0.008959709}
{"type":"test","event":"started","name":"liminal-protocol::liminal_protocol$client::round4_tests::active_replay_requires_exact_expected_detach_full_matrix"}
{"type":"test","event":"ok","name":"liminal-protocol::liminal_protocol$client::review_tests::m10_retired_terminalizes_binding_and_future_operations","exec_time":0.011316667}
{"type":"test","event":"started","name":"liminal-protocol::liminal_protocol$client::round4_tests::expected_detach_requires_active_matching_replay_full_matrix"}
{"type":"test","event":"ok","name":"liminal-protocol::liminal_protocol$client::review_tests::m6_binding_state_gates_outbound_and_inbound","exec_time":0.011314208}
{"type":"test","event":"started","name":"liminal-protocol::liminal_protocol$client::round4_tests::in_flight_refusal_preserves_authorization_counter"}
{"type":"test","event":"ok","name":"liminal-protocol::liminal_protocol$client::review_tests::m7_sequential_observer_a_response_after_b_cannot_apply","exec_time":0.011069333}
{"type":"test","event":"started","name":"liminal-protocol::liminal_protocol$client::round4_tests::inbound_wrong_secret_refuses_with_authority_retained"}
{"type":"test","event":"ok","name":"liminal-protocol::liminal_protocol$client::rider_tests::canonical_decode_rejects_token_bearing_abandonment","exec_time":0.0131075}
{"type":"test","event":"started","name":"liminal-protocol::liminal_protocol$client::round4_tests::tokenless_restore_is_typed_abandoned_and_never_released"}
{"type":"test","event":"ok","name":"liminal-protocol::liminal_protocol$client::review_tests::m8_detach_and_resume_preserve_attach_secret","exec_time":0.015547625}
{"type":"test","event":"started","name":"liminal-protocol::liminal_protocol$client::tests::abort_and_continuous_ack_release_no_speculative_slot"}
{"type":"test","event":"ok","name":"liminal-protocol::liminal_protocol$client::rider_tests::canonical_restore_rejects_token_bearing_abandonment","exec_time":0.010767042}
{"type":"test","event":"started","name":"liminal-protocol::liminal_protocol$client::tests::operation_barrier_enforces_cardinality_and_exact_correlation"}
{"type":"test","event":"ok","name":"liminal-protocol::liminal_protocol$client::round3_tests::active_replay_without_matching_expected_detach_refuses_restore","exec_time":0.010120375}
{"type":"test","event":"started","name":"liminal-protocol::liminal_protocol$client::tests::replay_durable_leave_and_all_terminal_payloads_are_distinct"}
{"type":"test","event":"ok","name":"liminal-protocol::liminal_protocol$client::round3_tests::same_identity_wrong_secret_attach_and_leave_refuse","exec_time":0.010943458}
{"type":"test","event":"started","name":"liminal-protocol::liminal_protocol$client::tests::replay_start_fate_replay_and_nonmatching_attach_preserve_authority"}
{"type":"test","event":"ok","name":"liminal-protocol::liminal_protocol$client::round3_tests::refused_detach_admission_preserves_authorization_counter","exec_time":0.012169292}
{"type":"test","event":"started","name":"liminal-protocol::liminal_protocol$lifecycle::admission::capacity_tests::already_tracked_semantic_conversation_consumes_zero_capacity_at_full_limit"}
{"type":"test","event":"ok","name":"liminal-protocol::liminal_protocol$client::round4_tests::in_flight_refusal_preserves_authorization_counter","exec_time":0.008673167}
{"type":"test","event":"started","name":"liminal-protocol::liminal_protocol$lifecycle::admission::capacity_tests::binding_slot_selectors_return_exact_origin_specific_outcomes"}
{"type":"test","event":"ok","name":"liminal-protocol::liminal_protocol$client::round4_tests::expected_detach_requires_active_matching_replay_full_matrix","exec_time":0.010474875}
{"type":"test","event":"started","name":"liminal-protocol::liminal_protocol$lifecycle::admission::capacity_tests::capacity_counter_requires_a_nonzero_bounded_state"}
{"type":"test","event":"ok","name":"liminal-protocol::liminal_protocol$client::round4_tests::active_replay_requires_exact_expected_detach_full_matrix","exec_time":0.010866083}
{"type":"test","event":"started","name":"liminal-protocol::liminal_protocol$lifecycle::admission::capacity_tests::credential_attach_capacity_uses_all_five_receipt_scopes_in_order"}
{"type":"test","event":"ok","name":"liminal-protocol::liminal_protocol$client::round4_tests::inbound_wrong_secret_refuses_with_authority_retained","exec_time":0.012517791}
{"type":"test","event":"started","name":"liminal-protocol::liminal_protocol$lifecycle::admission::capacity_tests::credential_attach_success_carries_every_incremented_counter_atomically"}
{"type":"test","event":"ok","name":"liminal-protocol::liminal_protocol$client::tests::abort_and_continuous_ack_release_no_speculative_slot","exec_time":0.010589041}
{"type":"test","event":"started","name":"liminal-protocol::liminal_protocol$lifecycle::admission::capacity_tests::enrollment_runtime_capacity_uses_the_exact_five_scope_precedence"}
{"type":"test","event":"ok","name":"liminal-protocol::liminal_protocol$client::round4_tests::tokenless_restore_is_typed_abandoned_and_never_released","exec_time":0.012283}
{"type":"test","event":"started","name":"liminal-protocol::liminal_protocol$lifecycle::admission::capacity_tests::enrollment_success_carries_every_incremented_counter_atomically"}
{"type":"test","event":"ok","name":"liminal-protocol::liminal_protocol$client::tests::replay_durable_leave_and_all_terminal_payloads_are_distinct","exec_time":0.010728084}
{"type":"test","event":"started","name":"liminal-protocol::liminal_protocol$lifecycle::admission::capacity_tests::first_untracked_semantic_conversation_returns_exact_capacity_refusal"}
{"type":"test","event":"ok","name":"liminal-protocol::liminal_protocol$lifecycle::admission::capacity_tests::binding_slot_selectors_return_exact_origin_specific_outcomes","exec_time":0.008558792}
{"type":"test","event":"started","name":"liminal-protocol::liminal_protocol$lifecycle::admission::capacity_tests::fresh_participant_counters_reject_nonempty_restored_state"}
{"type":"test","event":"ok","name":"liminal-protocol::liminal_protocol$client::tests::replay_start_fate_replay_and_nonmatching_attach_preserve_authority","exec_time":0.012914708}
{"type":"test","event":"started","name":"liminal-protocol::liminal_protocol$lifecycle::admission::observer_tests::checked_one_past_maximum_progress_is_representable"}
{"type":"test","event":"ok","name":"liminal-protocol::liminal_protocol$client::tests::operation_barrier_enforces_cardinality_and_exact_correlation","exec_time":0.014665625}
{"type":"test","event":"ok","name":"liminal-protocol::liminal_protocol$lifecycle::admission::capacity_tests::credential_attach_capacity_uses_all_five_receipt_scopes_in_order","exec_time":0.010045584}
{"type":"test","event":"ok","name":"liminal-protocol::liminal_protocol$lifecycle::admission::capacity_tests::already_tracked_semantic_conversation_consumes_zero_capacity_at_full_limit","exec_time":0.012578708}
{"type":"test","event":"ok","name":"liminal-protocol::liminal_protocol$lifecycle::admission::capacity_tests::capacity_counter_requires_a_nonzero_bounded_state","exec_time":0.010421875}
{"type":"test","event":"started","name":"liminal-protocol::liminal_protocol$lifecycle::admission::observer_tests::refusal_echoes_inputs_without_exposing_a_commit_permit"}
{"type":"test","event":"started","name":"liminal-protocol::liminal_protocol$lifecycle::admission::observer_tests::equality_passes_and_returns_the_exact_opaque_permit"}
{"type":"test","event":"started","name":"liminal-protocol::liminal_protocol$lifecycle::admission::observer_tests::every_eligible_operation_constructs_its_exact_refusal"}
{"type":"test","event":"started","name":"liminal-protocol::liminal_protocol$lifecycle::admission::observer_tests::lower_floor_passes_without_recalculating_it"}
{"type":"test","event":"ok","name":"liminal-protocol::liminal_protocol$lifecycle::admission::capacity_tests::credential_attach_success_carries_every_incremented_counter_atomically","exec_time":0.012565209}
{"type":"test","event":"started","name":"liminal-protocol::liminal_protocol$lifecycle::admission::order_tests::case_43_exact_claim_shortfall_selects_order_exhaustion"}
{"type":"test","event":"ok","name":"liminal-protocol::liminal_protocol$lifecycle::admission::capacity_tests::enrollment_runtime_capacity_uses_the_exact_five_scope_precedence","exec_time":0.011194375}
{"type":"test","event":"started","name":"liminal-protocol::liminal_protocol$lifecycle::admission::order_tests::checked_planners_reject_claim_counter_overflow"}
{"type":"test","event":"ok","name":"liminal-protocol::liminal_protocol$lifecycle::admission::capacity_tests::enrollment_success_carries_every_incremented_counter_atomically","exec_time":0.010813792}
{"type":"test","event":"started","name":"liminal-protocol::liminal_protocol$lifecycle::admission::order_tests::closure_projection_endows_one_order_pair_and_rejects_a_second"}
{"type":"test","event":"ok","name":"liminal-protocol::liminal_protocol$lifecycle::admission::capacity_tests::fresh_participant_counters_reject_nonempty_restored_state","exec_time":0.012787209}
{"type":"test","event":"started","name":"liminal-protocol::liminal_protocol$lifecycle::admission::order_tests::empty_ledger_owns_all_values_and_enrollment_allocates_zero"}
{"type":"test","event":"ok","name":"liminal-protocol::liminal_protocol$lifecycle::admission::observer_tests::refusal_echoes_inputs_without_exposing_a_commit_permit","exec_time":0.009668208}
{"type":"test","event":"started","name":"liminal-protocol::liminal_protocol$lifecycle::admission::order_tests::exhausted_maximum_has_no_next_value"}
{"type":"test","event":"ok","name":"liminal-protocol::liminal_protocol$lifecycle::admission::capacity_tests::first_untracked_semantic_conversation_returns_exact_capacity_refusal","exec_time":0.013756084}
{"type":"test","event":"started","name":"liminal-protocol::liminal_protocol$lifecycle::admission::order_tests::fenced_recovery_consumes_ro_and_transfers_ra_without_allocating"}
{"type":"test","event":"ok","name":"liminal-protocol::liminal_protocol$lifecycle::admission::observer_tests::checked_one_past_maximum_progress_is_representable","exec_time":0.010496042}
{"type":"test","event":"started","name":"liminal-protocol::liminal_protocol$lifecycle::admission::order_tests::fenced_recovery_requires_the_coupled_ro_ra_pair"}
{"type":"test","event":"ok","name":"liminal-protocol::liminal_protocol$lifecycle::admission::observer_tests::lower_floor_passes_without_recalculating_it","exec_time":0.010449375}
{"type":"test","event":"started","name":"liminal-protocol::liminal_protocol$lifecycle::admission::order_tests::final_major_is_legal_only_when_no_claim_survives"}
{"type":"test","event":"ok","name":"liminal-protocol::liminal_protocol$lifecycle::admission::observer_tests::every_eligible_operation_constructs_its_exact_refusal","exec_time":0.0110495}
{"type":"test","event":"started","name":"liminal-protocol::liminal_protocol$lifecycle::admission::order_tests::optional_planners_apply_exact_deltas_and_preserve_recovery_claims"}
{"type":"test","event":"ok","name":"liminal-protocol::liminal_protocol$lifecycle::admission::observer_tests::equality_passes_and_returns_the_exact_opaque_permit","exec_time":0.013834333}
{"type":"test","event":"started","name":"liminal-protocol::liminal_protocol$lifecycle::admission::order_tests::restore_rejects_claims_beyond_the_counter_suffix"}
{"type":"test","event":"ok","name":"liminal-protocol::liminal_protocol$lifecycle::admission::order_tests::case_43_exact_claim_shortfall_selects_order_exhaustion","exec_time":0.012942916}
{"type":"test","event":"started","name":"liminal-protocol::liminal_protocol$lifecycle::admission::record_tests::bytes_fail_after_entries_pass"}
{"type":"test","event":"ok","name":"liminal-protocol::liminal_protocol$lifecycle::admission::order_tests::checked_planners_reject_claim_counter_overflow","exec_time":0.012658583}
{"type":"test","event":"started","name":"liminal-protocol::liminal_protocol$lifecycle::admission::record_tests::entries_precede_bytes_when_both_components_fail"}
{"type":"test","event":"ok","name":"liminal-protocol::liminal_protocol$lifecycle::admission::order_tests::closure_projection_endows_one_order_pair_and_rejects_a_second","exec_time":0.013008541}
{"type":"test","event":"started","name":"liminal-protocol::liminal_protocol$lifecycle::admission::record_tests::equality_passes_and_carries_the_exact_charge"}
{"type":"test","event":"ok","name":"liminal-protocol::liminal_protocol$lifecycle::admission::order_tests::exhausted_maximum_has_no_next_value","exec_time":0.010713625}
{"type":"test","event":"started","name":"liminal-protocol::liminal_protocol$lifecycle::admission::sequence_tests::case_21_supersession_projects_the_exact_exhausted_budget"}
{"type":"test","event":"ok","name":"liminal-protocol::liminal_protocol$lifecycle::admission::order_tests::empty_ledger_owns_all_values_and_enrollment_allocates_zero","exec_time":0.011704708}
{"type":"test","event":"started","name":"liminal-protocol::liminal_protocol$lifecycle::admission::sequence_tests::case_26_exact_seventeen_value_suffix_is_admissible"}
{"type":"test","event":"ok","name":"liminal-protocol::liminal_protocol$lifecycle::admission::order_tests::fenced_recovery_requires_the_coupled_ro_ra_pair","exec_time":0.010556209}
{"type":"test","event":"started","name":"liminal-protocol::liminal_protocol$lifecycle::admission::sequence_tests::case_31_enrollment_and_record_fixed_points_both_exhaust"}
{"type":"test","event":"ok","name":"liminal-protocol::liminal_protocol$lifecycle::admission::order_tests::optional_planners_apply_exact_deltas_and_preserve_recovery_claims","exec_time":0.010352208}
{"type":"test","event":"started","name":"liminal-protocol::liminal_protocol$lifecycle::admission::sequence_tests::case_47_derives_all_four_canonical_budgets"}
{"type":"test","event":"ok","name":"liminal-protocol::liminal_protocol$lifecycle::admission::order_tests::final_major_is_legal_only_when_no_claim_survives","exec_time":0.01103175}
{"type":"test","event":"started","name":"liminal-protocol::liminal_protocol$lifecycle::admission::sequence_tests::case_54_shutdown_reserve_is_derived_as_six"}
{"type":"test","event":"ok","name":"liminal-protocol::liminal_protocol$lifecycle::admission::order_tests::restore_rejects_claims_beyond_the_counter_suffix","exec_time":0.010369667}
{"type":"test","event":"started","name":"liminal-protocol::liminal_protocol$lifecycle::admission::sequence_tests::checked_planners_report_counter_overflow_before_admission"}
{"type":"test","event":"ok","name":"liminal-protocol::liminal_protocol$lifecycle::admission::order_tests::fenced_recovery_consumes_ro_and_transfers_ra_without_allocating","exec_time":0.015975875}
{"type":"test","event":"started","name":"liminal-protocol::liminal_protocol$lifecycle::admission::sequence_tests::checked_wide_derived_sum_never_wraps"}
{"type":"test","event":"ok","name":"liminal-protocol::liminal_protocol$lifecycle::admission::record_tests::bytes_fail_after_entries_pass","exec_time":0.011499541}
{"type":"test","event":"started","name":"liminal-protocol::liminal_protocol$lifecycle::admission::sequence_tests::closure_projection_endows_one_sequence_pair_and_rejects_a_second"}
{"type":"test","event":"ok","name":"liminal-protocol::liminal_protocol$lifecycle::admission::record_tests::entries_precede_bytes_when_both_components_fail","exec_time":0.010193875}
{"type":"test","event":"started","name":"liminal-protocol::liminal_protocol$lifecycle::admission::sequence_tests::fenced_recovery_consumes_rs_and_transfers_rt_into_t"}
{"type":"test","event":"ok","name":"liminal-protocol::liminal_protocol$lifecycle::admission::record_tests::equality_passes_and_carries_the_exact_charge","exec_time":0.009654958}
{"type":"test","event":"started","name":"liminal-protocol::liminal_protocol$lifecycle::admission::sequence_tests::fenced_recovery_requires_the_coupled_sequence_pair"}
{"type":"test","event":"ok","name":"liminal-protocol::liminal_protocol$lifecycle::admission::sequence_tests::case_21_supersession_projects_the_exact_exhausted_budget","exec_time":0.008868375}
{"type":"test","event":"started","name":"liminal-protocol::liminal_protocol$lifecycle::admission::sequence_tests::maximum_boundary_allows_only_a_zero_resulting_reserve"}
{"type":"test","event":"ok","name":"liminal-protocol::liminal_protocol$lifecycle::admission::sequence_tests::case_26_exact_seventeen_value_suffix_is_admissible","exec_time":0.009455417}
{"type":"test","event":"started","name":"liminal-protocol::liminal_protocol$lifecycle::admission::sequence_tests::optional_planners_apply_exact_primitive_claim_deltas"}
{"type":"test","event":"ok","name":"liminal-protocol::liminal_protocol$lifecycle::admission::sequence_tests::case_47_derives_all_four_canonical_budgets","exec_time":0.008994}
{"type":"test","event":"started","name":"liminal-protocol::liminal_protocol$lifecycle::admission::sequence_tests::optional_planners_preserve_an_existing_recovery_pair"}
{"type":"test","event":"ok","name":"liminal-protocol::liminal_protocol$lifecycle::admission::sequence_tests::case_54_shutdown_reserve_is_derived_as_six","exec_time":0.011190209}
{"type":"test","event":"started","name":"liminal-protocol::liminal_protocol$lifecycle::admission::sequence_tests::restore_rejects_an_unowned_suffix_and_reports_derived_budget"}
{"type":"test","event":"ok","name":"liminal-protocol::liminal_protocol$lifecycle::admission::sequence_tests::case_31_enrollment_and_record_fixed_points_both_exhaust","exec_time":0.011762125}
{"type":"test","event":"started","name":"liminal-protocol::liminal_protocol$lifecycle::aggregate_commit_tests::aggregate_decision_refuses_a_foreign_shell_and_returns_the_commit_intact"}
{"type":"test","event":"ok","name":"liminal-protocol::liminal_protocol$lifecycle::admission::sequence_tests::checked_planners_report_counter_overflow_before_admission","exec_time":0.011313917}
{"type":"test","event":"started","name":"liminal-protocol::liminal_protocol$lifecycle::aggregate_commit_tests::aggregate_decision_requires_genesis_validation_first"}
{"type":"test","event":"ok","name":"liminal-protocol::liminal_protocol$lifecycle::admission::sequence_tests::fenced_recovery_requires_the_coupled_sequence_pair","exec_time":0.009810292}
{"type":"test","event":"started","name":"liminal-protocol::liminal_protocol$lifecycle::aggregate_commit_tests::attached_aggregate_commit_crashes_safely_and_replays_to_live_state"}
{"type":"test","event":"ok","name":"liminal-protocol::liminal_protocol$lifecycle::admission::sequence_tests::checked_wide_derived_sum_never_wraps","exec_time":0.013535625}
{"type":"test","event":"ok","name":"liminal-protocol::liminal_protocol$lifecycle::admission::sequence_tests::fenced_recovery_consumes_rs_and_transfers_rt_into_t","exec_time":0.010066917}
{"type":"test","event":"started","name":"liminal-protocol::liminal_protocol$lifecycle::aggregate_commit_tests::enrolled_aggregate_commit_crashes_safely_and_replays_to_live_state"}
{"type":"test","event":"started","name":"liminal-protocol::liminal_protocol$lifecycle::aggregate_commit_tests::detached_aggregate_commit_crashes_safely_and_replays_to_live_state"}
{"type":"test","event":"ok","name":"liminal-protocol::liminal_protocol$lifecycle::admission::sequence_tests::optional_planners_preserve_an_existing_recovery_pair","exec_time":0.011145334}
{"type":"test","event":"started","name":"liminal-protocol::liminal_protocol$lifecycle::aggregate_commit_tests::left_aggregate_commit_crashes_safely_and_replays_to_live_state"}
{"type":"test","event":"ok","name":"liminal-protocol::liminal_protocol$lifecycle::admission::sequence_tests::closure_projection_endows_one_sequence_pair_and_rejects_a_second","exec_time":0.012635208}
{"type":"test","event":"started","name":"liminal-protocol::liminal_protocol$lifecycle::aggregate_commit_tests::left_aggregate_commit_returns_the_frontiers_through_the_barrier"}
{"type":"test","event":"ok","name":"liminal-protocol::liminal_protocol$lifecycle::admission::sequence_tests::optional_planners_apply_exact_primitive_claim_deltas","exec_time":0.010158708}
{"type":"test","event":"started","name":"liminal-protocol::liminal_protocol$lifecycle::aggregate_commit_tests::nonzero_debt_ack_aggregate_commit_crashes_safely_and_replays_to_live_state"}
{"type":"test","event":"ok","name":"liminal-protocol::liminal_protocol$lifecycle::aggregate_commit_tests::aggregate_decision_refuses_a_foreign_shell_and_returns_the_commit_intact","exec_time":0.010135958}
{"type":"test","event":"started","name":"liminal-protocol::liminal_protocol$lifecycle::aggregate_commit_tests::nonzero_debt_ack_event_records_the_committed_cursor_fact_key"}
{"type":"test","event":"ok","name":"liminal-protocol::liminal_protocol$lifecycle::admission::sequence_tests::maximum_boundary_allows_only_a_zero_resulting_reserve","exec_time":0.013849917}
{"type":"test","event":"started","name":"liminal-protocol::liminal_protocol$lifecycle::aggregate_commit_tests::ordinary_fate_aggregate_commit_crashes_safely_and_replays_to_live_state"}
{"type":"test","event":"ok","name":"liminal-protocol::liminal_protocol$lifecycle::admission::sequence_tests::restore_rejects_an_unowned_suffix_and_reports_derived_budget","exec_time":0.010989417}
{"type":"test","event":"started","name":"liminal-protocol::liminal_protocol$lifecycle::aggregate_commit_tests::recovered_fate_aggregate_commit_crashes_safely_and_replays_to_live_state"}
{"type":"test","event":"ok","name":"liminal-protocol::liminal_protocol$lifecycle::aggregate_commit_tests::aggregate_decision_requires_genesis_validation_first","exec_time":0.012082542}
{"type":"test","event":"started","name":"liminal-protocol::liminal_protocol$lifecycle::attach_tests::active_same_participant_attach_records_supersession"}
{"type":"test","event":"ok","name":"liminal-protocol::liminal_protocol$lifecycle::aggregate_commit_tests::detached_aggregate_commit_crashes_safely_and_replays_to_live_state","exec_time":0.010959583}
{"type":"test","event":"ok","name":"liminal-protocol::liminal_protocol$lifecycle::aggregate_commit_tests::enrolled_aggregate_commit_crashes_safely_and_replays_to_live_state","exec_time":0.009679666}
{"type":"test","event":"started","name":"liminal-protocol::liminal_protocol$lifecycle::attach_tests::fenced_recovery_composes_pending_detach_and_sets_both_marker_fields"}
{"type":"test","event":"started","name":"liminal-protocol::liminal_protocol$lifecycle::attach_tests::clear_closure_admission_reaches_ordinary_binding_authority"}
{"type":"test","event":"ok","name":"liminal-protocol::liminal_protocol$lifecycle::aggregate_commit_tests::left_aggregate_commit_crashes_safely_and_replays_to_live_state","exec_time":0.010099334}
{"type":"test","event":"started","name":"liminal-protocol::liminal_protocol$lifecycle::attach_tests::ordinary_attach_cannot_claim_marker_acceptance"}
{"type":"test","event":"ok","name":"liminal-protocol::liminal_protocol$lifecycle::aggregate_commit_tests::nonzero_debt_ack_aggregate_commit_crashes_safely_and_replays_to_live_state","exec_time":0.010917208}
{"type":"test","event":"started","name":"liminal-protocol::liminal_protocol$lifecycle::attach_tests::supersession_cannot_coexist_with_a_committed_detach_cell"}
{"type":"test","event":"ok","name":"liminal-protocol::liminal_protocol$lifecycle::aggregate_commit_tests::nonzero_debt_ack_event_records_the_committed_cursor_fact_key","exec_time":0.010364291}
{"type":"test","event":"started","name":"liminal-protocol::liminal_protocol$lifecycle::binding_tests::binding_terminal_order_fixes_phase_and_derives_index_from_id"}
{"type":"test","event":"ok","name":"liminal-protocol::liminal_protocol$lifecycle::aggregate_commit_tests::left_aggregate_commit_returns_the_frontiers_through_the_barrier","exec_time":0.011900833}
{"type":"test","event":"started","name":"liminal-protocol::liminal_protocol$lifecycle::binding_tests::detached_binding_transition_projects_terminal_sequence_only_when_committed"}
{"type":"test","event":"ok","name":"liminal-protocol::liminal_protocol$lifecycle::aggregate_commit_tests::attached_aggregate_commit_crashes_safely_and_replays_to_live_state","exec_time":0.013720541}
{"type":"test","event":"started","name":"liminal-protocol::liminal_protocol$lifecycle::binding_tests::detached_fates_have_only_detached_causes"}
{"type":"test","event":"ok","name":"liminal-protocol::liminal_protocol$lifecycle::aggregate_commit_tests::recovered_fate_aggregate_commit_crashes_safely_and_replays_to_live_state","exec_time":0.010931708}
{"type":"test","event":"started","name":"liminal-protocol::liminal_protocol$lifecycle::binding_tests::died_binding_transition_projects_terminal_sequence_only_when_committed"}
{"type":"test","event":"ok","name":"liminal-protocol::liminal_protocol$lifecycle::aggregate_commit_tests::ordinary_fate_aggregate_commit_crashes_safely_and_replays_to_live_state","exec_time":0.011661375}
{"type":"test","event":"started","name":"liminal-protocol::liminal_protocol$lifecycle::binding_tests::died_fates_have_only_died_causes"}
{"type":"test","event":"ok","name":"liminal-protocol::liminal_protocol$lifecycle::attach_tests::clear_closure_admission_reaches_ordinary_binding_authority","exec_time":0.01435725}
{"type":"test","event":"started","name":"liminal-protocol::liminal_protocol$lifecycle::binding_tests::pending_commit_preserves_identity_order_and_cause"}
{"type":"test","event":"ok","name":"liminal-protocol::liminal_protocol$lifecycle::attach_tests::active_same_participant_attach_records_supersession","exec_time":0.017824917}
{"type":"test","event":"ok","name":"liminal-protocol::liminal_protocol$lifecycle::attach_tests::fenced_recovery_composes_pending_detach_and_sets_both_marker_fields","exec_time":0.014768875}
{"type":"test","event":"started","name":"liminal-protocol::liminal_protocol$lifecycle::claim_frontier_tests::allocated_high_excludes_old_candidate_major_but_future_candidate_owns_union"}
{"type":"test","event":"started","name":"liminal-protocol::liminal_protocol$lifecycle::binding_tests::restart_cause_is_derived_from_old_binding_epoch"}
{"type":"test","event":"ok","name":"liminal-protocol::liminal_protocol$lifecycle::attach_tests::ordinary_attach_cannot_claim_marker_acceptance","exec_time":0.014075916}
{"type":"test","event":"started","name":"liminal-protocol::liminal_protocol$lifecycle::claim_frontier_tests::candidate_and_retained_sequence_order_must_follow_admission_order"}
{"type":"test","event":"ok","name":"liminal-protocol::liminal_protocol$lifecycle::attach_tests::supersession_cannot_coexist_with_a_committed_detach_cell","exec_time":0.012649792}
{"type":"test","event":"ok","name":"liminal-protocol::liminal_protocol$lifecycle::binding_tests::died_binding_transition_projects_terminal_sequence_only_when_committed","exec_time":0.011695042}
{"type":"test","event":"started","name":"liminal-protocol::liminal_protocol$lifecycle::claim_frontier_tests::case_25_clear_headroom_constructs_the_same_exact_claim_owners"}
{"type":"test","event":"ok","name":"liminal-protocol::liminal_protocol$lifecycle::binding_tests::binding_terminal_order_fixes_phase_and_derives_index_from_id","exec_time":0.012936417}
{"type":"test","event":"started","name":"liminal-protocol::liminal_protocol$lifecycle::claim_frontier_tests::candidate_cells_accept_exactly_two_i_and_reject_the_third"}
{"type":"test","event":"started","name":"liminal-protocol::liminal_protocol$lifecycle::claim_frontier_tests::case_25_equality_debt_constructs_exact_initial_frontier"}
{"type":"test","event":"ok","name":"liminal-protocol::liminal_protocol$lifecycle::binding_tests::detached_fates_have_only_detached_causes","exec_time":0.01957225}
{"type":"test","event":"started","name":"liminal-protocol::liminal_protocol$lifecycle::claim_frontier_tests::case_56_shape_derives_prefate_recovery_from_candidate_while_pc_is_current"}
{"type":"test","event":"ok","name":"liminal-protocol::liminal_protocol$lifecycle::binding_tests::died_fates_have_only_died_causes","exec_time":0.018820417}
{"type":"test","event":"ok","name":"liminal-protocol::liminal_protocol$lifecycle::binding_tests::detached_binding_transition_projects_terminal_sequence_only_when_committed","exec_time":0.019955792}
{"type":"test","event":"started","name":"liminal-protocol::liminal_protocol$lifecycle::claim_frontier_tests::complete_retained_corpus_accepts_end_and_stores_only_marker_anchors"}
{"type":"test","event":"started","name":"liminal-protocol::liminal_protocol$lifecycle::claim_frontier_tests::compact_product_accessors_enforce_the_validated_rank_extent"}
{"type":"test","event":"ok","name":"liminal-protocol::liminal_protocol$lifecycle::binding_tests::restart_cause_is_derived_from_old_binding_epoch","exec_time":0.017143625}
{"type":"test","event":"started","name":"liminal-protocol::liminal_protocol$lifecycle::claim_frontier_tests::duplicate_scan_selects_exact_lowest_tuple_across_record_and_candidate"}
{"type":"test","event":"ok","name":"liminal-protocol::liminal_protocol$lifecycle::claim_frontier_tests::allocated_high_excludes_old_candidate_major_but_future_candidate_owns_union","exec_time":0.017817583}
{"type":"test","event":"started","name":"liminal-protocol::liminal_protocol$lifecycle::claim_frontier_tests::endpoint_sweep_reports_first_expanded_collision_inside_compact_ranges"}
{"type":"test","event":"ok","name":"liminal-protocol::liminal_protocol$lifecycle::claim_frontier_tests::case_25_clear_headroom_constructs_the_same_exact_claim_owners","exec_time":0.018409334}
{"type":"test","event":"started","name":"liminal-protocol::liminal_protocol$lifecycle::claim_frontier_tests::exact_detached_dcr_is_the_only_postfate_recovery_authority"}
{"type":"test","event":"ok","name":"liminal-protocol::liminal_protocol$lifecycle::claim_frontier_tests::candidate_cells_accept_exactly_two_i_and_reject_the_third","exec_time":0.020609542}
{"type":"test","event":"started","name":"liminal-protocol::liminal_protocol$lifecycle::claim_frontier_tests::immutable_marker_requires_m_owner_and_typed_compacted_cause"}
{"type":"test","event":"ok","name":"liminal-protocol::liminal_protocol$lifecycle::binding_tests::pending_commit_preserves_identity_order_and_cause","exec_time":0.022264209}
{"type":"test","event":"started","name":"liminal-protocol::liminal_protocol$lifecycle::claim_frontier_tests::initial_frontier_crash_replay_is_deterministic"}
{"type":"test","event":"ok","name":"liminal-protocol::liminal_protocol$lifecycle::claim_frontier_tests::case_25_equality_debt_constructs_exact_initial_frontier","exec_time":0.02246425}
{"type":"test","event":"started","name":"liminal-protocol::liminal_protocol$lifecycle::claim_frontier_tests::initial_frontier_rejects_each_attached_charge_dimension_mismatch"}
{"type":"test","event":"ok","name":"liminal-protocol::liminal_protocol$lifecycle::claim_frontier_tests::candidate_and_retained_sequence_order_must_follow_admission_order","exec_time":0.023408917}
{"type":"test","event":"started","name":"liminal-protocol::liminal_protocol$lifecycle::claim_frontier_tests::marker_drain_core_consumes_m_and_tuple_without_advancing_allocated_high"}
{"type":"test","event":"ok","name":"liminal-protocol::liminal_protocol$lifecycle::claim_frontier_tests::compact_product_accessors_enforce_the_validated_rank_extent","exec_time":0.016363625}
{"type":"test","event":"started","name":"liminal-protocol::liminal_protocol$lifecycle::claim_frontier_tests::numeric_frontiers_precede_duplicate_candidate_diagnosis"}
{"type":"test","event":"ok","name":"liminal-protocol::liminal_protocol$lifecycle::claim_frontier_tests::complete_retained_corpus_accepts_end_and_stores_only_marker_anchors","exec_time":0.018514625}
{"type":"test","event":"started","name":"liminal-protocol::liminal_protocol$lifecycle::claim_frontier_tests::order_candidates_reject_duplicate_major_groups_and_below_high_keys"}
{"type":"test","event":"ok","name":"liminal-protocol::liminal_protocol$lifecycle::claim_frontier_tests::case_56_shape_derives_prefate_recovery_from_candidate_while_pc_is_current","exec_time":0.019190334}
{"type":"test","event":"started","name":"liminal-protocol::liminal_protocol$lifecycle::claim_frontier_tests::recovery_selector_rejects_missing_and_detached_prefate_authority"}
{"type":"test","event":"ok","name":"liminal-protocol::liminal_protocol$lifecycle::claim_frontier_tests::endpoint_sweep_reports_first_expanded_collision_inside_compact_ranges","exec_time":0.012787042}
{"type":"test","event":"started","name":"liminal-protocol::liminal_protocol$lifecycle::claim_frontier_tests::released_marker_history_allows_multiple_old_records_for_one_participant"}
{"type":"test","event":"ok","name":"liminal-protocol::liminal_protocol$lifecycle::claim_frontier_tests::immutable_marker_requires_m_owner_and_typed_compacted_cause","exec_time":0.009631875}
{"type":"test","event":"started","name":"liminal-protocol::liminal_protocol$lifecycle::closure_accounting_tests::equality_passes_with_componentwise_successor_maximum_and_exact_cycle_charge"}
{"type":"test","event":"ok","name":"liminal-protocol::liminal_protocol$lifecycle::claim_frontier_tests::duplicate_scan_selects_exact_lowest_tuple_across_record_and_candidate","exec_time":0.014173416}
{"type":"test","event":"started","name":"liminal-protocol::liminal_protocol$lifecycle::closure_accounting_tests::ordinary_required_capacity_uses_canonical_widened_addition_order"}
{"type":"test","event":"ok","name":"liminal-protocol::liminal_protocol$lifecycle::claim_frontier_tests::exact_detached_dcr_is_the_only_postfate_recovery_authority","exec_time":0.013425625}
{"type":"test","event":"started","name":"liminal-protocol::liminal_protocol$lifecycle::closure_accounting_tests::recovery_fence_uses_unchanged_state_and_zero_delta_before_numeric_checks"}
{"type":"test","event":"ok","name":"liminal-protocol::liminal_protocol$lifecycle::claim_frontier_tests::initial_frontier_crash_replay_is_deterministic","exec_time":0.011433458}
{"type":"test","event":"started","name":"liminal-protocol::liminal_protocol$lifecycle::closure_accounting_tests::remaining_precedence_is_delivered_then_churn_then_entries_then_bytes"}
{"type":"test","event":"ok","name":"liminal-protocol::liminal_protocol$lifecycle::claim_frontier_tests::initial_frontier_rejects_each_attached_charge_dimension_mismatch","exec_time":0.01100975}
{"type":"test","event":"started","name":"liminal-protocol::liminal_protocol$lifecycle::closure_accounting_tests::restore_rejects_mixed_clear_state_and_unencodable_or_impossible_values"}
{"type":"test","event":"ok","name":"liminal-protocol::liminal_protocol$lifecycle::claim_frontier_tests::marker_drain_core_consumes_m_and_tuple_without_advancing_allocated_high","exec_time":0.011644375}
{"type":"test","event":"started","name":"liminal-protocol::liminal_protocol$lifecycle::conversation_tests::abort_recovers_the_exact_unmodified_prestate"}
{"type":"test","event":"ok","name":"liminal-protocol::liminal_protocol$lifecycle::claim_frontier_tests::numeric_frontiers_precede_duplicate_candidate_diagnosis","exec_time":0.011388042}
{"type":"test","event":"started","name":"liminal-protocol::liminal_protocol$lifecycle::conversation_tests::any_prefix_replay_produces_a_valid_shell_state"}
{"type":"test","event":"ok","name":"liminal-protocol::liminal_protocol$lifecycle::claim_frontier_tests::order_candidates_reject_duplicate_major_groups_and_below_high_keys","exec_time":0.011068291}
{"type":"test","event":"started","name":"liminal-protocol::liminal_protocol$lifecycle::conversation_tests::canonical_decode_rejects_truncation_unknown_codec_kind_and_length"}
{"type":"test","event":"ok","name":"liminal-protocol::liminal_protocol$lifecycle::claim_frontier_tests::recovery_selector_rejects_missing_and_detached_prefate_authority","exec_time":0.01629225}
{"type":"test","event":"started","name":"liminal-protocol::liminal_protocol$lifecycle::conversation_tests::decision_holds_state_until_commit_and_encodes_stable_header"}
{"type":"test","event":"ok","name":"liminal-protocol::liminal_protocol$lifecycle::claim_frontier_tests::released_marker_history_allows_multiple_old_records_for_one_participant","exec_time":0.013770833}
{"type":"test","event":"started","name":"liminal-protocol::liminal_protocol$lifecycle::conversation_tests::every_lifecycle_operation_round_trips_encode_decode_replay"}
{"type":"test","event":"ok","name":"liminal-protocol::liminal_protocol$lifecycle::closure_accounting_tests::equality_passes_with_componentwise_successor_maximum_and_exact_cycle_charge","exec_time":0.013870166}
{"type":"test","event":"started","name":"liminal-protocol::liminal_protocol$lifecycle::conversation_tests::left_bodies_round_trip_every_optional_field_combination"}
{"type":"test","event":"ok","name":"liminal-protocol::liminal_protocol$lifecycle::closure_accounting_tests::ordinary_required_capacity_uses_canonical_widened_addition_order","exec_time":0.014013375}
{"type":"test","event":"started","name":"liminal-protocol::liminal_protocol$lifecycle::conversation_tests::left_decode_rejects_unassigned_flags_and_invalid_results"}
{"type":"test","event":"ok","name":"liminal-protocol::liminal_protocol$lifecycle::closure_accounting_tests::remaining_precedence_is_delivered_then_churn_then_entries_then_bytes","exec_time":0.012272667}
{"type":"test","event":"started","name":"liminal-protocol::liminal_protocol$lifecycle::conversation_tests::operation_abort_recovers_the_exact_unmodified_prestate"}
{"type":"test","event":"ok","name":"liminal-protocol::liminal_protocol$lifecycle::closure_accounting_tests::recovery_fence_uses_unchanged_state_and_zero_delta_before_numeric_checks","exec_time":0.013315958}
{"type":"test","event":"started","name":"liminal-protocol::liminal_protocol$lifecycle::conversation_tests::operation_decision_refuses_foreign_conversation_provenance_for_every_kind"}
{"type":"test","event":"ok","name":"liminal-protocol::liminal_protocol$lifecycle::closure_accounting_tests::restore_rejects_mixed_clear_state_and_unencodable_or_impossible_values","exec_time":0.013702208}
{"type":"test","event":"ok","name":"liminal-protocol::liminal_protocol$lifecycle::conversation_tests::abort_recovers_the_exact_unmodified_prestate","exec_time":0.012752542}
{"type":"test","event":"started","name":"liminal-protocol::liminal_protocol$lifecycle::conversation_tests::operation_decision_requires_genesis_validation_first"}
{"type":"test","event":"started","name":"liminal-protocol::liminal_protocol$lifecycle::conversation_tests::operation_decision_refuses_ordinal_exhaustion"}
{"type":"test","event":"ok","name":"liminal-protocol::liminal_protocol$lifecycle::conversation_tests::canonical_decode_rejects_truncation_unknown_codec_kind_and_length","exec_time":0.01114675}
{"type":"test","event":"started","name":"liminal-protocol::liminal_protocol$lifecycle::conversation_tests::operation_decode_rejects_a_generation_one_attach"}
{"type":"test","event":"ok","name":"liminal-protocol::liminal_protocol$lifecycle::conversation_tests::decision_holds_state_until_commit_and_encodes_stable_header","exec_time":0.011938958}
{"type":"test","event":"ok","name":"liminal-protocol::liminal_protocol$lifecycle::conversation_tests::left_decode_rejects_unassigned_flags_and_invalid_results","exec_time":0.010688958}
{"type":"test","event":"ok","name":"liminal-protocol::liminal_protocol$lifecycle::conversation_tests::every_lifecycle_operation_round_trips_encode_decode_replay","exec_time":0.011560666}
{"type":"test","event":"ok","name":"liminal-protocol::liminal_protocol$lifecycle::conversation_tests::left_bodies_round_trip_every_optional_field_combination","exec_time":0.011049542}
{"type":"test","event":"ok","name":"liminal-protocol::liminal_protocol$lifecycle::conversation_tests::operation_abort_recovers_the_exact_unmodified_prestate","exec_time":0.010404333}
{"type":"test","event":"started","name":"liminal-protocol::liminal_protocol$lifecycle::conversation_tests::operation_events_replay_in_committed_order_after_genesis"}
{"type":"test","event":"started","name":"liminal-protocol::liminal_protocol$lifecycle::conversation_tests::operation_decode_rejects_zero_generations_and_non_genesis_enrollment"}
{"type":"test","event":"started","name":"liminal-protocol::liminal_protocol$lifecycle::conversation_tests::operation_decode_rejects_non_canonical_lengths"}
{"type":"test","event":"started","name":"liminal-protocol::liminal_protocol$lifecycle::conversation_tests::ordinal_exhaustion_refuses_before_commit_and_replay_mutation"}
{"type":"test","event":"started","name":"liminal-protocol::liminal_protocol$lifecycle::conversation_tests::operation_replay_requires_genesis_validation_first"}
{"type":"test","event":"ok","name":"liminal-protocol::liminal_protocol$lifecycle::conversation_tests::operation_decision_refuses_foreign_conversation_provenance_for_every_kind","exec_time":0.010141041}
{"type":"test","event":"started","name":"liminal-protocol::liminal_protocol$lifecycle::conversation_tests::repeated_genesis_decision_refuses_and_preserves_committed_state"}
{"type":"test","event":"ok","name":"liminal-protocol::liminal_protocol$lifecycle::conversation_tests::operation_decision_refuses_ordinal_exhaustion","exec_time":0.016229959}
{"type":"test","event":"started","name":"liminal-protocol::liminal_protocol$lifecycle::conversation_tests::replay_is_deterministic_and_matches_commit_consumption"}
{"type":"test","event":"ok","name":"liminal-protocol::liminal_protocol$lifecycle::conversation_tests::operation_decode_rejects_a_generation_one_attach","exec_time":0.014857542}
{"type":"test","event":"started","name":"liminal-protocol::liminal_protocol$lifecycle::conversation_tests::replay_requires_exact_conversation_ordinal_and_body_precondition"}
{"type":"test","event":"ok","name":"liminal-protocol::liminal_protocol$lifecycle::conversation_tests::operation_decision_requires_genesis_validation_first","exec_time":0.021015792}
{"type":"test","event":"started","name":"liminal-protocol::liminal_protocol$lifecycle::cursor_facts_tests::binding_epoch_authority_failure_preserves_cursors_and_facts"}
{"type":"test","event":"ok","name":"liminal-protocol::liminal_protocol$lifecycle::conversation_tests::repeated_genesis_decision_refuses_and_preserves_committed_state","exec_time":0.015052833}
{"type":"test","event":"started","name":"liminal-protocol::liminal_protocol$lifecycle::cursor_facts_tests::cumulative_ack_selector_never_mutates_on_noop_gap_or_regression"}
{"type":"test","event":"ok","name":"liminal-protocol::liminal_protocol$lifecycle::conversation_tests::operation_events_replay_in_committed_order_after_genesis","exec_time":0.015640417}
{"type":"test","event":"started","name":"liminal-protocol::liminal_protocol$lifecycle::cursor_facts_tests::nonzero_ack_rejects_testimony_from_another_durable_prestate"}
{"type":"test","event":"ok","name":"liminal-protocol::liminal_protocol$lifecycle::conversation_tests::operation_decode_rejects_non_canonical_lengths","exec_time":0.018668}
{"type":"test","event":"started","name":"liminal-protocol::liminal_protocol$lifecycle::cursor_facts_tests::nonzero_ack_uses_durable_endpoint_membership_not_conversation_contiguity"}
{"type":"test","event":"ok","name":"liminal-protocol::liminal_protocol$lifecycle::conversation_tests::operation_replay_requires_genesis_validation_first","exec_time":0.018604}
{"type":"test","event":"ok","name":"liminal-protocol::liminal_protocol$lifecycle::conversation_tests::operation_decode_rejects_zero_generations_and_non_genesis_enrollment","exec_time":0.018690208}
{"type":"test","event":"started","name":"liminal-protocol::liminal_protocol$lifecycle::cursor_facts_tests::two_bound_participants_ack_the_same_retained_suffix_during_nonzero_debt"}
{"type":"test","event":"started","name":"liminal-protocol::liminal_protocol$lifecycle::cursor_facts_tests::recipient_obligation_testimony_requires_a_sorted_live_index"}
{"type":"test","event":"ok","name":"liminal-protocol::liminal_protocol$lifecycle::conversation_tests::ordinal_exhaustion_refuses_before_commit_and_replay_mutation","exec_time":0.018688458}
{"type":"test","event":"started","name":"liminal-protocol::liminal_protocol$lifecycle::detach_tests::a_current_binding_rejects_committed_and_invalid_terminalized_cells"}
{"type":"test","event":"ok","name":"liminal-protocol::liminal_protocol$lifecycle::conversation_tests::replay_is_deterministic_and_matches_commit_consumption","exec_time":0.014036459}
{"type":"test","event":"started","name":"liminal-protocol::liminal_protocol$lifecycle::detach_tests::a_new_detach_cannot_replace_an_accepted_pending_cell"}
{"type":"test","event":"ok","name":"liminal-protocol::liminal_protocol$lifecycle::conversation_tests::replay_requires_exact_conversation_ordinal_and_body_precondition","exec_time":0.013606458}
{"type":"test","event":"started","name":"liminal-protocol::liminal_protocol$lifecycle::detach_tests::committed_attach_terminalized_replay_retains_old_epoch"}
{"type":"test","event":"ok","name":"liminal-protocol::liminal_protocol$lifecycle::cursor_facts_tests::binding_epoch_authority_failure_preserves_cursors_and_facts","exec_time":0.013287208}
{"type":"test","event":"started","name":"liminal-protocol::liminal_protocol$lifecycle::detach_tests::every_pending_replay_branch_validates_the_paired_finalization"}
{"type":"test","event":"ok","name":"liminal-protocol::liminal_protocol$lifecycle::cursor_facts_tests::cumulative_ack_selector_never_mutates_on_noop_gap_or_regression","exec_time":0.012608667}
{"type":"test","event":"started","name":"liminal-protocol::liminal_protocol$lifecycle::detach_tests::exact_token_without_exact_verifier_cannot_produce_terminalized_result"}
{"type":"test","event":"ok","name":"liminal-protocol::liminal_protocol$lifecycle::cursor_facts_tests::nonzero_ack_rejects_testimony_from_another_durable_prestate","exec_time":0.017892875}
{"type":"test","event":"started","name":"liminal-protocol::liminal_protocol$lifecycle::detach_tests::pending_replay_commits_only_the_real_drain_sequence"}
{"type":"test","event":"ok","name":"liminal-protocol::liminal_protocol$lifecycle::cursor_facts_tests::two_bound_participants_ack_the_same_retained_suffix_during_nonzero_debt","exec_time":0.014829708}
{"type":"test","event":"started","name":"liminal-protocol::liminal_protocol$lifecycle::detach_tests::pending_replay_equal_progress_is_stable_without_a_drain"}
{"type":"test","event":"ok","name":"liminal-protocol::liminal_protocol$lifecycle::detach_tests::a_current_binding_rejects_committed_and_invalid_terminalized_cells","exec_time":0.015333166}
{"type":"test","event":"started","name":"liminal-protocol::liminal_protocol$lifecycle::detach_tests::pending_replay_requires_drain_and_rewrites_a_repeated_refusal_epoch"}
{"type":"test","event":"ok","name":"liminal-protocol::liminal_protocol$lifecycle::conversation_tests::any_prefix_replay_produces_a_valid_shell_state","exec_time":0.054997292}
{"type":"test","event":"started","name":"liminal-protocol::liminal_protocol$lifecycle::edge_tests::cursor_ack_orderings_are_atomic_and_boundary_checked"}
{"type":"test","event":"ok","name":"liminal-protocol::liminal_protocol$lifecycle::cursor_facts_tests::nonzero_ack_uses_durable_endpoint_membership_not_conversation_contiguity","exec_time":0.019961542}
{"type":"test","event":"started","name":"liminal-protocol::liminal_protocol$lifecycle::edge_tests::cursor_storage_fate_supersession_and_leave_preserve_typestate"}
{"type":"test","event":"ok","name":"liminal-protocol::liminal_protocol$lifecycle::detach_tests::committed_attach_terminalized_replay_retains_old_epoch","exec_time":0.016275458}
{"type":"test","event":"ok","name":"liminal-protocol::liminal_protocol$lifecycle::detach_tests::a_new_detach_cannot_replace_an_accepted_pending_cell","exec_time":0.016903125}
{"type":"test","event":"ok","name":"liminal-protocol::liminal_protocol$lifecycle::cursor_facts_tests::recipient_obligation_testimony_requires_a_sorted_live_index","exec_time":0.021040125}
{"type":"test","event":"started","name":"liminal-protocol::liminal_protocol$lifecycle::edge_tests::detached_marker_release_is_leave_only"}
{"type":"test","event":"started","name":"liminal-protocol::liminal_protocol$lifecycle::edge_tests::detached_cursor_release_is_leave_only_and_unrelated_facts_are_safe"}
{"type":"test","event":"started","name":"liminal-protocol::liminal_protocol$lifecycle::edge_tests::detached_recovery_fence_proof_binds_every_authority_field"}
{"type":"test","event":"ok","name":"liminal-protocol::liminal_protocol$lifecycle::detach_tests::exact_token_without_exact_verifier_cannot_produce_terminalized_result","exec_time":0.012884625}
{"type":"test","event":"started","name":"liminal-protocol::liminal_protocol$lifecycle::edge_tests::detached_recovery_leave_requires_exact_private_k_claim"}
{"type":"test","event":"ok","name":"liminal-protocol::liminal_protocol$lifecycle::detach_tests::every_pending_replay_branch_validates_the_paired_finalization","exec_time":0.012921542}
{"type":"test","event":"started","name":"liminal-protocol::liminal_protocol$lifecycle::edge_tests::fenced_recovery_fate_preserves_op_authority_until_exact_completion"}
{"type":"test","event":"ok","name":"liminal-protocol::liminal_protocol$lifecycle::detach_tests::pending_replay_requires_drain_and_rewrites_a_repeated_refusal_epoch","exec_time":0.01259375}
{"type":"test","event":"started","name":"liminal-protocol::liminal_protocol$lifecycle::edge_tests::fenced_recovery_fate_preserves_or_covers_pc_with_exact_cursor_authority"}
{"type":"test","event":"ok","name":"liminal-protocol::liminal_protocol$lifecycle::detach_tests::pending_replay_commits_only_the_real_drain_sequence","exec_time":0.014132916}
{"type":"test","event":"started","name":"liminal-protocol::liminal_protocol$lifecycle::edge_tests::marker_delivery_derives_progress_and_covers_every_invalidator"}
{"type":"test","event":"ok","name":"liminal-protocol::liminal_protocol$lifecycle::detach_tests::pending_replay_equal_progress_is_stable_without_a_drain","exec_time":0.017823041}
{"type":"test","event":"started","name":"liminal-protocol::liminal_protocol$lifecycle::edge_tests::observer_completion_binds_exact_event_and_strict_successor"}
{"type":"test","event":"ok","name":"liminal-protocol::liminal_protocol$lifecycle::edge_tests::cursor_ack_orderings_are_atomic_and_boundary_checked","exec_time":0.020443416}
{"type":"test","event":"started","name":"liminal-protocol::liminal_protocol$lifecycle::edge_tests::observer_marker_independent_and_binding_orderings_are_closed"}
{"type":"test","event":"ok","name":"liminal-protocol::liminal_protocol$lifecycle::edge_tests::fenced_recovery_fate_preserves_op_authority_until_exact_completion","exec_time":0.0171095}
{"type":"test","event":"started","name":"liminal-protocol::liminal_protocol$lifecycle::edge_tests::only_clear_closure_state_admits_an_ordinary_detached_attach"}
{"type":"test","event":"ok","name":"liminal-protocol::liminal_protocol$lifecycle::edge_tests::detached_recovery_leave_requires_exact_private_k_claim","exec_time":0.016948333}
{"type":"test","event":"ok","name":"liminal-protocol::liminal_protocol$lifecycle::edge_tests::detached_marker_release_is_leave_only","exec_time":0.017186042}
{"type":"test","event":"started","name":"liminal-protocol::liminal_protocol$lifecycle::edge_tests::physical_completion_requires_its_exact_compaction_range"}
{"type":"test","event":"ok","name":"liminal-protocol::liminal_protocol$lifecycle::edge_tests::detached_recovery_fence_proof_binds_every_authority_field","exec_time":0.017242875}
{"type":"test","event":"started","name":"liminal-protocol::liminal_protocol$lifecycle::edge_tests::ordinary_binding_fate_requires_attach_and_exact_terminal_provenance"}
{"type":"test","event":"started","name":"liminal-protocol::liminal_protocol$lifecycle::edge_tests::physical_progress_classes_preserve_or_cover_and_refusals_do_neither"}
{"type":"test","event":"ok","name":"liminal-protocol::liminal_protocol$lifecycle::edge_tests::detached_cursor_release_is_leave_only_and_unrelated_facts_are_safe","exec_time":0.018253666}
{"type":"test","event":"started","name":"liminal-protocol::liminal_protocol$lifecycle::edge_tests::recovery_claim_provenance_covers_marker_delivery_progress_and_post_fate_dcr"}
{"type":"test","event":"ok","name":"liminal-protocol::liminal_protocol$lifecycle::edge_tests::cursor_storage_fate_supersession_and_leave_preserve_typestate","exec_time":0.020244}
{"type":"test","event":"started","name":"liminal-protocol::liminal_protocol$lifecycle::edge_tests::strict_successor_set_contains_six_kinds_and_excludes_direct_recovery"}
{"type":"test","event":"ok","name":"liminal-protocol::liminal_protocol$lifecycle::edge_tests::marker_delivery_derives_progress_and_covers_every_invalidator","exec_time":0.02153575}
{"type":"test","event":"started","name":"liminal-protocol::liminal_protocol$lifecycle::enrollment_closure_tests::ample_headroom_keeps_initial_enrollment_clear_and_marker_free"}
{"type":"test","event":"ok","name":"liminal-protocol::liminal_protocol$lifecycle::edge_tests::fenced_recovery_fate_preserves_or_covers_pc_with_exact_cursor_authority","exec_time":0.023547542}
{"type":"test","event":"started","name":"liminal-protocol::liminal_protocol$lifecycle::enrollment_closure_tests::case_25_startup_equality_begins_debt_without_a_recovery_quartet"}
{"type":"test","event":"ok","name":"liminal-protocol::liminal_protocol$lifecycle::edge_tests::observer_marker_independent_and_binding_orderings_are_closed","exec_time":0.013228042}
{"type":"test","event":"started","name":"liminal-protocol::liminal_protocol$lifecycle::enrollment_closure_tests::initial_allocator_binding_and_attached_shape_are_checked"}
{"type":"test","event":"ok","name":"liminal-protocol::liminal_protocol$lifecycle::edge_tests::ordinary_binding_fate_requires_attach_and_exact_terminal_provenance","exec_time":0.02178025}
{"type":"test","event":"started","name":"liminal-protocol::liminal_protocol$lifecycle::enrollment_tests::allocation_proof_is_bound_to_the_request_conversation"}
{"type":"test","event":"ok","name":"liminal-protocol::liminal_protocol$lifecycle::edge_tests::observer_completion_binds_exact_event_and_strict_successor","exec_time":0.027836666}
{"type":"test","event":"ok","name":"liminal-protocol::liminal_protocol$lifecycle::edge_tests::physical_completion_requires_its_exact_compaction_range","exec_time":0.022385708}
{"type":"test","event":"ok","name":"liminal-protocol::liminal_protocol$lifecycle::edge_tests::recovery_claim_provenance_covers_marker_delivery_progress_and_post_fate_dcr","exec_time":0.021519667}
{"type":"test","event":"ok","name":"liminal-protocol::liminal_protocol$lifecycle::edge_tests::only_clear_closure_state_admits_an_ordinary_detached_attach","exec_time":0.022621958}
{"type":"test","event":"ok","name":"liminal-protocol::liminal_protocol$lifecycle::edge_tests::strict_successor_set_contains_six_kinds_and_excludes_direct_recovery","exec_time":0.020308417}
{"type":"test","event":"started","name":"liminal-protocol::liminal_protocol$lifecycle::incarnation_tests::case_42_non_max_collision_skips_before_publication"}
{"type":"test","event":"started","name":"liminal-protocol::liminal_protocol$lifecycle::enrollment_tests::enrollment_consumes_allocated_slot_and_derives_every_fixed_value"}
{"type":"test","event":"ok","name":"liminal-protocol::liminal_protocol$lifecycle::edge_tests::physical_progress_classes_preserve_or_cover_and_refusals_do_neither","exec_time":0.022815959}
{"type":"test","event":"started","name":"liminal-protocol::liminal_protocol$lifecycle::incarnation_tests::allocating_max_once_atomically_sets_exhaustion"}
{"type":"test","event":"started","name":"liminal-protocol::liminal_protocol$lifecycle::incarnation_tests::case_42_server_max_returns_exact_unchanged_exhaustion"}
{"type":"test","event":"started","name":"liminal-protocol::liminal_protocol$lifecycle::incarnation_tests::case_42_seeded_ordinal_exhaustion_is_idempotent"}
{"type":"test","event":"started","name":"liminal-protocol::liminal_protocol$lifecycle::enrollment_tests::exhausted_sentinel_cannot_become_a_participant"}
{"type":"test","event":"ok","name":"liminal-protocol::liminal_protocol$lifecycle::enrollment_closure_tests::case_25_startup_equality_begins_debt_without_a_recovery_quartet","exec_time":0.011029167}
{"type":"test","event":"started","name":"liminal-protocol::liminal_protocol$lifecycle::incarnation_tests::complete_reference_collection_must_fit_its_declared_bound"}
{"type":"test","event":"ok","name":"liminal-protocol::liminal_protocol$lifecycle::enrollment_closure_tests::ample_headroom_keeps_initial_enrollment_clear_and_marker_free","exec_time":0.016788666}
{"type":"test","event":"started","name":"liminal-protocol::liminal_protocol$lifecycle::incarnation_tests::fresh_server_allocates_zero_then_checked_increments"}
{"type":"test","event":"ok","name":"liminal-protocol::liminal_protocol$lifecycle::enrollment_closure_tests::initial_allocator_binding_and_attached_shape_are_checked","exec_time":0.016117584}
{"type":"test","event":"started","name":"liminal-protocol::liminal_protocol$lifecycle::incarnation_tests::referenced_max_sets_exhaustion_without_publishing_a_pair"}
{"type":"test","event":"ok","name":"liminal-protocol::liminal_protocol$lifecycle::incarnation_tests::case_42_server_max_returns_exact_unchanged_exhaustion","exec_time":0.011494042}
{"type":"test","event":"started","name":"liminal-protocol::liminal_protocol$lifecycle::incarnation_tests::restore_rejects_both_exhaustion_bit_mismatches"}
{"type":"test","event":"ok","name":"liminal-protocol::liminal_protocol$lifecycle::incarnation_tests::case_42_seeded_ordinal_exhaustion_is_idempotent","exec_time":0.011322625}
{"type":"test","event":"ok","name":"liminal-protocol::liminal_protocol$lifecycle::incarnation_tests::case_42_non_max_collision_skips_before_publication","exec_time":0.012281292}
{"type":"test","event":"ok","name":"liminal-protocol::liminal_protocol$lifecycle::enrollment_tests::enrollment_consumes_allocated_slot_and_derives_every_fixed_value","exec_time":0.011870042}
{"type":"test","event":"started","name":"liminal-protocol::liminal_protocol$lifecycle::lookup_tests::absent_identity_precedes_impossible_cell_bytes"}
{"type":"test","event":"started","name":"liminal-protocol::liminal_protocol$lifecycle::incarnation_tests::same_connection_rotation_changes_generation_not_incarnation"}
{"type":"test","event":"started","name":"liminal-protocol::liminal_protocol$lifecycle::incarnation_tests::startup_checked_increment_is_a_deterministic_fsync_intent"}
{"type":"test","event":"ok","name":"liminal-protocol::liminal_protocol$lifecycle::incarnation_tests::complete_reference_collection_must_fit_its_declared_bound","exec_time":0.011512459}
{"type":"test","event":"started","name":"liminal-protocol::liminal_protocol$lifecycle::lookup_tests::attach_token_tombstone_and_provenance_precede_presented_authority"}
{"type":"test","event":"ok","name":"liminal-protocol::liminal_protocol$lifecycle::incarnation_tests::allocating_max_once_atomically_sets_exhaustion","exec_time":0.012713208}
{"type":"test","event":"started","name":"liminal-protocol::liminal_protocol$lifecycle::lookup_tests::committed_leave_token_exception_has_fixed_internal_order"}
{"type":"test","event":"ok","name":"liminal-protocol::liminal_protocol$lifecycle::enrollment_tests::exhausted_sentinel_cannot_become_a_participant","exec_time":0.012720542}
{"type":"test","event":"started","name":"liminal-protocol::liminal_protocol$lifecycle::lookup_tests::detach_exact_resolution_and_pending_different_token_precede_binding"}
{"type":"test","event":"ok","name":"liminal-protocol::liminal_protocol$lifecycle::incarnation_tests::fresh_server_allocates_zero_then_checked_increments","exec_time":0.01680775}
{"type":"test","event":"started","name":"liminal-protocol::liminal_protocol$lifecycle::lookup_tests::detach_ordinary_order_is_stale_then_no_binding_then_authorized"}
{"type":"test","event":"ok","name":"liminal-protocol::liminal_protocol$lifecycle::incarnation_tests::referenced_max_sets_exhaustion_without_publishing_a_pair","exec_time":0.01649175}
{"type":"test","event":"ok","name":"liminal-protocol::liminal_protocol$lifecycle::lookup_tests::detach_exact_resolution_and_pending_different_token_precede_binding","exec_time":0.009550166}
{"type":"test","event":"ok","name":"liminal-protocol::liminal_protocol$lifecycle::lookup_tests::committed_leave_token_exception_has_fixed_internal_order","exec_time":0.009894708}
{"type":"test","event":"ok","name":"liminal-protocol::liminal_protocol$lifecycle::lookup_tests::attach_token_tombstone_and_provenance_precede_presented_authority","exec_time":0.010293917}
{"type":"test","event":"ok","name":"liminal-protocol::liminal_protocol$lifecycle::incarnation_tests::same_connection_rotation_changes_generation_not_incarnation","exec_time":0.009934916}
{"type":"test","event":"ok","name":"liminal-protocol::liminal_protocol$lifecycle::incarnation_tests::startup_checked_increment_is_a_deterministic_fsync_intent","exec_time":0.010753875}
{"type":"test","event":"started","name":"liminal-protocol::liminal_protocol$lifecycle::lookup_tests::enrollment_receipt_and_provenance_are_phase_specific"}
{"type":"test","event":"started","name":"liminal-protocol::liminal_protocol$lifecycle::lookup_tests::detach_tombstone_precedes_exact_committed_cell"}
{"type":"test","event":"started","name":"liminal-protocol::liminal_protocol$lifecycle::lookup_tests::different_leave_token_gets_retired_and_detached_live_leave_is_authorized"}
{"type":"test","event":"started","name":"liminal-protocol::liminal_protocol$lifecycle::lookup_tests::enrollment_mapping_resolves_live_and_tombstoned_identities_before_status"}
{"type":"test","event":"started","name":"liminal-protocol::liminal_protocol$lifecycle::lookup_tests::exact_attach_receipt_reports_current_bound_or_unbound_status"}
{"type":"test","event":"started","name":"liminal-protocol::liminal_protocol$lifecycle::lookup_tests::every_generic_binding_request_has_total_phase_one_through_five_order"}
{"type":"test","event":"ok","name":"liminal-protocol::liminal_protocol$lifecycle::enrollment_tests::allocation_proof_is_bound_to_the_request_conversation","exec_time":0.02374225}
{"type":"test","event":"started","name":"liminal-protocol::liminal_protocol$lifecycle::lookup_tests::fresh_attach_runs_presented_tombstone_unknown_stale_then_authorized"}
{"type":"test","event":"ok","name":"liminal-protocol::liminal_protocol$lifecycle::lookup_tests::absent_identity_precedes_impossible_cell_bytes","exec_time":0.011042791}
{"type":"test","event":"started","name":"liminal-protocol::liminal_protocol$lifecycle::lookup_tests::live_attach_receipt_checks_secret_then_generation_then_marker"}
{"type":"test","event":"ok","name":"liminal-protocol::liminal_protocol$lifecycle::incarnation_tests::restore_rejects_both_exhaustion_bit_mismatches","exec_time":0.023750041}
{"type":"test","event":"started","name":"liminal-protocol::liminal_protocol$lifecycle::lookup_tests::terminalized_exact_token_precedes_current_generation_and_binding"}
{"type":"test","event":"ok","name":"liminal-protocol::liminal_protocol$lifecycle::lookup_tests::different_leave_token_gets_retired_and_detached_live_leave_is_authorized","exec_time":0.015710042}
{"type":"test","event":"started","name":"liminal-protocol::liminal_protocol$lifecycle::lookup_tests::terminalized_exact_token_rejects_request_conversation_mismatch"}
{"type":"test","event":"ok","name":"liminal-protocol::liminal_protocol$lifecycle::lookup_tests::exact_attach_receipt_reports_current_bound_or_unbound_status","exec_time":0.020222292}
{"type":"test","event":"started","name":"liminal-protocol::liminal_protocol$lifecycle::lookup_tests::terminalized_replay_does_not_reflect_another_identity_binding"}
{"type":"test","event":"ok","name":"liminal-protocol::liminal_protocol$lifecycle::lookup_tests::enrollment_mapping_resolves_live_and_tombstoned_identities_before_status","exec_time":0.020065875}
{"type":"test","event":"ok","name":"liminal-protocol::liminal_protocol$lifecycle::lookup_tests::detach_ordinary_order_is_stale_then_no_binding_then_authorized","exec_time":0.021134625}
{"type":"test","event":"started","name":"liminal-protocol::liminal_protocol$lifecycle::membership_tests::committed_detach_cell_must_match_retained_terminal_and_derives_sequence"}
{"type":"test","event":"started","name":"liminal-protocol::liminal_protocol$lifecycle::membership_tests::bound_leave_derives_active_epoch_and_moves_generic_fingerprints"}
{"type":"test","event":"ok","name":"liminal-protocol::liminal_protocol$lifecycle::lookup_tests::enrollment_receipt_and_provenance_are_phase_specific","exec_time":0.021181084}
{"type":"test","event":"started","name":"liminal-protocol::liminal_protocol$lifecycle::membership_tests::empty_cell_and_no_history_derives_none_without_caller_option"}
{"type":"test","event":"ok","name":"liminal-protocol::liminal_protocol$lifecycle::lookup_tests::detach_tombstone_precedes_exact_committed_cell","exec_time":0.021142041}
{"type":"test","event":"started","name":"liminal-protocol::liminal_protocol$lifecycle::membership_tests::pending_terminal_requires_typed_no_intervening_composition"}
{"type":"test","event":"ok","name":"liminal-protocol::liminal_protocol$lifecycle::lookup_tests::fresh_attach_runs_presented_tombstone_unknown_stale_then_authorized","exec_time":0.021168958}
{"type":"test","event":"started","name":"liminal-protocol::liminal_protocol$lifecycle::membership_tests::separately_committed_death_is_history_even_with_empty_detach_cell"}
{"type":"test","event":"ok","name":"liminal-protocol::liminal_protocol$lifecycle::lookup_tests::live_attach_receipt_checks_secret_then_generation_then_marker","exec_time":0.020756959}
{"type":"test","event":"started","name":"liminal-protocol::liminal_protocol$lifecycle::membership_tests::terminalized_cell_uses_retained_history_because_fix_one_drops_sequence"}
{"type":"test","event":"ok","name":"liminal-protocol::liminal_protocol$lifecycle::lookup_tests::every_generic_binding_request_has_total_phase_one_through_five_order","exec_time":0.025261292}
{"type":"test","event":"started","name":"liminal-protocol::liminal_protocol$lifecycle::obligation_dispatch::tests::debt_dispatch_invariant_never_falls_back_or_fabricates_wire_refusal"}
{"type":"test","event":"ok","name":"liminal-protocol::liminal_protocol$lifecycle::lookup_tests::terminalized_exact_token_rejects_request_conversation_mismatch","exec_time":0.014892}
{"type":"test","event":"started","name":"liminal-protocol::liminal_protocol$lifecycle::obligation_dispatch::tests::nonzero_debt_permits_testified_below_floor_and_defers_above_high_watermark"}
{"type":"test","event":"ok","name":"liminal-protocol::liminal_protocol$lifecycle::lookup_tests::terminalized_exact_token_precedes_current_generation_and_binding","exec_time":0.022536042}
{"type":"test","event":"started","name":"liminal-protocol::liminal_protocol$lifecycle::observer_recovery_tests::accepted_batch_preserves_order_and_arms_only_equal_epochs"}
{"type":"test","event":"ok","name":"liminal-protocol::liminal_protocol$lifecycle::membership_tests::bound_leave_derives_active_epoch_and_moves_generic_fingerprints","exec_time":0.013362375}
{"type":"test","event":"started","name":"liminal-protocol::liminal_protocol$lifecycle::observer_recovery_tests::empty_batch_is_an_empty_commit"}
{"type":"test","event":"ok","name":"liminal-protocol::liminal_protocol$lifecycle::membership_tests::committed_detach_cell_must_match_retained_terminal_and_derives_sequence","exec_time":0.013807625}
{"type":"test","event":"started","name":"liminal-protocol::liminal_protocol$lifecycle::observer_recovery_tests::first_request_order_duplicate_precedes_capacity_and_progress_lookup"}
{"type":"test","event":"ok","name":"liminal-protocol::liminal_protocol$lifecycle::lookup_tests::terminalized_replay_does_not_reflect_another_identity_binding","exec_time":0.014808958}
{"type":"test","event":"started","name":"liminal-protocol::liminal_protocol$lifecycle::observer_recovery_tests::later_epoch_failure_produces_no_partial_arm_plan"}
{"type":"test","event":"ok","name":"liminal-protocol::liminal_protocol$lifecycle::membership_tests::empty_cell_and_no_history_derives_none_without_caller_option","exec_time":0.015589375}
{"type":"test","event":"started","name":"liminal-protocol::liminal_protocol$lifecycle::observer_recovery_tests::over_limit_beats_duplicate_without_progress_lookup"}
{"type":"test","event":"ok","name":"liminal-protocol::liminal_protocol$lifecycle::obligation_dispatch::tests::nonzero_debt_permits_testified_below_floor_and_defers_above_high_watermark","exec_time":0.012158042}
{"type":"test","event":"started","name":"liminal-protocol::liminal_protocol$lifecycle::observer_recovery_tests::request_order_capacity_precedes_unknown_and_ahead"}
{"type":"test","event":"ok","name":"liminal-protocol::liminal_protocol$lifecycle::membership_tests::separately_committed_death_is_history_even_with_empty_detach_cell","exec_time":0.012432834}
{"type":"test","event":"started","name":"liminal-protocol::liminal_protocol$lifecycle::observer_recovery_tests::tracked_conversation_adds_zero_occupancy"}
{"type":"test","event":"ok","name":"liminal-protocol::liminal_protocol$lifecycle::membership_tests::terminalized_cell_uses_retained_history_because_fix_one_drops_sequence","exec_time":0.018908292}
{"type":"test","event":"started","name":"liminal-protocol::liminal_protocol$lifecycle::observer_recovery_tests::unknown_and_ahead_are_selected_by_request_index"}
{"type":"test","event":"ok","name":"liminal-protocol::liminal_protocol$lifecycle::obligation_dispatch::tests::debt_dispatch_invariant_never_falls_back_or_fabricates_wire_refusal","exec_time":0.019683834}
{"type":"test","event":"started","name":"liminal-protocol::liminal_protocol$lifecycle::observer_recovery_transaction_tests::abort_installs_no_arm_and_commit_installs_the_whole_plan"}
{"type":"test","event":"ok","name":"liminal-protocol::liminal_protocol$lifecycle::observer_recovery_tests::accepted_batch_preserves_order_and_arms_only_equal_epochs","exec_time":0.017118625}
{"type":"test","event":"started","name":"liminal-protocol::liminal_protocol$lifecycle::observer_recovery_transaction_tests::aborted_advance_leaves_progress_and_arm_untouched"}
{"type":"test","event":"ok","name":"liminal-protocol::liminal_protocol$lifecycle::membership_tests::pending_terminal_requires_typed_no_intervening_composition","exec_time":0.030583458}
{"type":"test","event":"started","name":"liminal-protocol::liminal_protocol$lifecycle::observer_recovery_transaction_tests::aborted_track_leaves_the_conversation_untracked"}
{"type":"test","event":"ok","name":"liminal-protocol::liminal_protocol$lifecycle::observer_recovery_tests::later_epoch_failure_produces_no_partial_arm_plan","exec_time":0.0200535}
{"type":"test","event":"started","name":"liminal-protocol::liminal_protocol$lifecycle::observer_recovery_transaction_tests::advance_requires_a_known_conversation_and_strict_progress"}
{"type":"test","event":"ok","name":"liminal-protocol::liminal_protocol$lifecycle::observer_recovery_tests::first_request_order_duplicate_precedes_capacity_and_progress_lookup","exec_time":0.020357209}
{"type":"test","event":"started","name":"liminal-protocol::liminal_protocol$lifecycle::observer_recovery_transaction_tests::advancing_past_an_installed_arm_fires_it_exactly_once"}
{"type":"test","event":"ok","name":"liminal-protocol::liminal_protocol$lifecycle::observer_recovery_tests::request_order_capacity_precedes_unknown_and_ahead","exec_time":0.017133083}
{"type":"test","event":"started","name":"liminal-protocol::liminal_protocol$lifecycle::observer_recovery_transaction_tests::committed_track_is_readable_and_recoverable"}
{"type":"test","event":"ok","name":"liminal-protocol::liminal_protocol$lifecycle::observer_recovery_tests::empty_batch_is_an_empty_commit","exec_time":0.021955042}
{"type":"test","event":"started","name":"liminal-protocol::liminal_protocol$lifecycle::observer_recovery_transaction_tests::interleavings_never_split_arm_installation_and_durable_replay_converges"}
{"type":"test","event":"ok","name":"liminal-protocol::liminal_protocol$lifecycle::observer_recovery_tests::unknown_and_ahead_are_selected_by_request_index","exec_time":0.023496625}
{"type":"test","event":"started","name":"liminal-protocol::liminal_protocol$lifecycle::observer_recovery_transaction_tests::refused_recovery_returns_the_aggregate_unchanged"}
{"type":"test","event":"ok","name":"liminal-protocol::liminal_protocol$lifecycle::observer_recovery_tests::tracked_conversation_adds_zero_occupancy","exec_time":0.024316167}
{"type":"test","event":"ok","name":"liminal-protocol::liminal_protocol$lifecycle::observer_recovery_tests::over_limit_beats_duplicate_without_progress_lookup","exec_time":0.02577525}
{"type":"test","event":"started","name":"liminal-protocol::liminal_protocol$lifecycle::observer_recovery_transaction_tests::restore_round_trips_and_rejects_every_corruption_class"}
{"type":"test","event":"started","name":"liminal-protocol::liminal_protocol$lifecycle::observer_recovery_transaction_tests::replaying_a_committed_recovery_is_idempotent"}
{"type":"test","event":"ok","name":"liminal-protocol::liminal_protocol$lifecycle::observer_recovery_transaction_tests::abort_installs_no_arm_and_commit_installs_the_whole_plan","exec_time":0.020451625}
{"type":"test","event":"started","name":"liminal-protocol::liminal_protocol$lifecycle::observer_recovery_transaction_tests::track_registers_once_and_refuses_duplicates_unchanged"}
{"type":"test","event":"ok","name":"liminal-protocol::liminal_protocol$lifecycle::observer_recovery_transaction_tests::aborted_advance_leaves_progress_and_arm_untouched","exec_time":0.019496958}
{"type":"test","event":"started","name":"liminal-protocol::liminal_protocol$lifecycle::operation_event_tests::attached_operation_repeats_the_attach_commits_attached_record"}
{"type":"test","event":"ok","name":"liminal-protocol::liminal_protocol$lifecycle::observer_recovery_transaction_tests::advance_requires_a_known_conversation_and_strict_progress","exec_time":0.014251542}
{"type":"test","event":"started","name":"liminal-protocol::liminal_protocol$lifecycle::operation_event_tests::binding_fate_operation_repeats_the_ordinary_fates_committed_facts"}
{"type":"test","event":"ok","name":"liminal-protocol::liminal_protocol$lifecycle::observer_recovery_transaction_tests::aborted_track_leaves_the_conversation_untracked","exec_time":0.019388917}
{"type":"test","event":"started","name":"liminal-protocol::liminal_protocol$lifecycle::operation_event_tests::binding_fate_operation_repeats_the_recovered_fates_committed_facts"}
{"type":"test","event":"ok","name":"liminal-protocol::liminal_protocol$lifecycle::observer_recovery_transaction_tests::committed_track_is_readable_and_recoverable","exec_time":0.022135541}
{"type":"test","event":"started","name":"liminal-protocol::liminal_protocol$lifecycle::operation_event_tests::detached_operation_records_the_committed_cells_own_attempt_token"}
{"type":"test","event":"ok","name":"liminal-protocol::liminal_protocol$lifecycle::observer_recovery_transaction_tests::advancing_past_an_installed_arm_fires_it_exactly_once","exec_time":0.023169375}
{"type":"test","event":"started","name":"liminal-protocol::liminal_protocol$lifecycle::operation_event_tests::enrolled_operation_repeats_the_enrollment_commits_attached_record"}
{"type":"test","event":"ok","name":"liminal-protocol::liminal_protocol$lifecycle::observer_recovery_transaction_tests::refused_recovery_returns_the_aggregate_unchanged","exec_time":0.031698958}
{"type":"test","event":"started","name":"liminal-protocol::liminal_protocol$lifecycle::operation_event_tests::left_operation_repeats_the_retired_identitys_committed_result"}
{"type":"test","event":"ok","name":"liminal-protocol::liminal_protocol$lifecycle::observer_recovery_transaction_tests::track_registers_once_and_refuses_duplicates_unchanged","exec_time":0.028092542}
{"type":"test","event":"started","name":"liminal-protocol::liminal_protocol$lifecycle::operation_event_tests::nonzero_debt_ack_operation_repeats_the_ack_commits_request"}
{"type":"test","event":"ok","name":"liminal-protocol::liminal_protocol$lifecycle::observer_recovery_transaction_tests::replaying_a_committed_recovery_is_idempotent","exec_time":0.035942667}
{"type":"test","event":"started","name":"liminal-protocol::liminal_protocol$lifecycle::operations::binding_fate_f8_tests::a_non_owner_transition_failure_stays_outside_the_owner_transition_carrier"}
{"type":"test","event":"ok","name":"liminal-protocol::liminal_protocol$lifecycle::operation_event_tests::attached_operation_repeats_the_attach_commits_attached_record","exec_time":0.031672583}
{"type":"test","event":"started","name":"liminal-protocol::liminal_protocol$lifecycle::operations::binding_fate_f8_tests::a_retained_charge_refusal_carries_its_own_cause"}
{"type":"test","event":"ok","name":"liminal-protocol::liminal_protocol$lifecycle::operation_event_tests::binding_fate_operation_repeats_the_recovered_fates_committed_facts","exec_time":0.028479375}
{"type":"test","event":"started","name":"liminal-protocol::liminal_protocol$lifecycle::operations::binding_fate_f8_tests::a_retained_unacked_marker_pins_the_measured_floor"}
{"type":"test","event":"ok","name":"liminal-protocol::liminal_protocol$lifecycle::operation_event_tests::binding_fate_operation_repeats_the_ordinary_fates_committed_facts","exec_time":0.030452875}
{"type":"test","event":"started","name":"liminal-protocol::liminal_protocol$lifecycle::operations::binding_fate_f8_tests::the_retired_precedence_pole_backstop_names_itself_if_it_ever_fires"}
{"type":"test","event":"ok","name":"liminal-protocol::liminal_protocol$lifecycle::observer_recovery_transaction_tests::restore_round_trips_and_rejects_every_corruption_class","exec_time":0.038739708}
{"type":"test","event":"started","name":"liminal-protocol::liminal_protocol$lifecycle::operations::binding_fate_finalizer_tests::a_floor_subsumed_while_the_finalizer_waited_installs_as_a_no_op"}
{"type":"test","event":"ok","name":"liminal-protocol::liminal_protocol$lifecycle::operation_event_tests::enrolled_operation_repeats_the_enrollment_commits_attached_record","exec_time":0.027984542}
{"type":"test","event":"started","name":"liminal-protocol::liminal_protocol$lifecycle::operations::binding_fate_finalizer_tests::a_marker_retained_while_the_finalizer_waited_pins_the_installed_floor"}
{"type":"test","event":"ok","name":"liminal-protocol::liminal_protocol$lifecycle::operation_event_tests::nonzero_debt_ack_operation_repeats_the_ack_commits_request","exec_time":0.01213525}
{"type":"test","event":"ok","name":"liminal-protocol::liminal_protocol$lifecycle::operation_event_tests::left_operation_repeats_the_retired_identitys_committed_result","exec_time":0.013077375}
{"type":"test","event":"started","name":"liminal-protocol::liminal_protocol$lifecycle::operations::binding_fate_tests::ordinary_binding_fate_projects_measured_resulting_floor"}
{"type":"test","event":"started","name":"liminal-protocol::liminal_protocol$lifecycle::operations::binding_fate_finalizer_tests::an_uncontested_finalizer_floor_installs_unchanged"}
{"type":"test","event":"ok","name":"liminal-protocol::liminal_protocol$lifecycle::operation_event_tests::detached_operation_records_the_committed_cells_own_attempt_token","exec_time":0.031142708}
{"type":"test","event":"started","name":"liminal-protocol::liminal_protocol$lifecycle::operations::binding_fate_tests::recovered_binding_fate_projects_measured_resulting_floor"}
{"type":"test","event":"ok","name":"liminal-protocol::liminal_protocol$lifecycle::operations::binding_fate_f8_tests::a_retained_unacked_marker_pins_the_measured_floor","exec_time":0.009500292}
{"type":"test","event":"started","name":"liminal-protocol::liminal_protocol$lifecycle::operations::binding_terminal_tests::terminal_disposition_selector_commits_or_pends_from_protocol_state"}
{"type":"test","event":"ok","name":"liminal-protocol::liminal_protocol$lifecycle::operations::binding_fate_f8_tests::a_retained_charge_refusal_carries_its_own_cause","exec_time":0.009817167}
{"type":"test","event":"started","name":"liminal-protocol::liminal_protocol$lifecycle::operations::enrollment_operation_tests::allocator_identity_domain_mismatch_does_not_mint_commit_values"}
{"type":"test","event":"ok","name":"liminal-protocol::liminal_protocol$lifecycle::operations::binding_fate_finalizer_tests::a_floor_subsumed_while_the_finalizer_waited_installs_as_a_no_op","exec_time":0.009227375}
{"type":"test","event":"started","name":"liminal-protocol::liminal_protocol$lifecycle::operations::enrollment_operation_tests::allocator_mismatch_does_not_mint_commit_values"}
{"type":"test","event":"ok","name":"liminal-protocol::liminal_protocol$lifecycle::operations::binding_fate_f8_tests::a_non_owner_transition_failure_stays_outside_the_owner_transition_carrier","exec_time":0.011786708}
{"type":"test","event":"started","name":"liminal-protocol::liminal_protocol$lifecycle::operations::enrollment_operation_tests::case_25_success_returns_one_atomic_commit"}
{"type":"test","event":"ok","name":"liminal-protocol::liminal_protocol$lifecycle::operations::binding_fate_f8_tests::the_retired_precedence_pole_backstop_names_itself_if_it_ever_fires","exec_time":0.011062917}
{"type":"test","event":"started","name":"liminal-protocol::liminal_protocol$lifecycle::operations::enrollment_operation_tests::crash_replay_from_identical_prestate_is_identical"}
{"type":"test","event":"ok","name":"liminal-protocol::liminal_protocol$lifecycle::operations::binding_fate_finalizer_tests::a_marker_retained_while_the_finalizer_waited_pins_the_installed_floor","exec_time":0.010682833}
{"type":"test","event":"started","name":"liminal-protocol::liminal_protocol$lifecycle::operations::enrollment_operation_tests::receipt_deadlines_validate_precedence_and_widen_before_addition"}
{"type":"test","event":"ok","name":"liminal-protocol::liminal_protocol$lifecycle::operations::binding_fate_tests::ordinary_binding_fate_projects_measured_resulting_floor","exec_time":0.01047775}
{"type":"test","event":"started","name":"liminal-protocol::liminal_protocol$lifecycle::operations::enrollment_operation_tests::stage_six_and_eight_refusals_are_ordered_and_nonmutating"}
{"type":"test","event":"ok","name":"liminal-protocol::liminal_protocol$lifecycle::operations::enrollment_operation_tests::allocator_identity_domain_mismatch_does_not_mint_commit_values","exec_time":0.009283208}
{"type":"test","event":"started","name":"liminal-protocol::liminal_protocol$lifecycle::operations::enrollment_operation_tests::token_replay_precedes_every_capacity_and_never_allocates"}
{"type":"test","event":"ok","name":"liminal-protocol::liminal_protocol$lifecycle::operations::binding_terminal_tests::terminal_disposition_selector_commits_or_pends_from_protocol_state","exec_time":0.010187583}
{"type":"test","event":"started","name":"liminal-protocol::liminal_protocol$lifecycle::operations::live_frontier_reconcile_tests::reconcile_leaves_an_in_step_unaccepted_marker_alone"}
{"type":"test","event":"ok","name":"liminal-protocol::liminal_protocol$lifecycle::operations::binding_fate_tests::recovered_binding_fate_projects_measured_resulting_floor","exec_time":0.01203225}
{"type":"test","event":"started","name":"liminal-protocol::liminal_protocol$lifecycle::operations::live_frontier_reconcile_tests::reconcile_never_touches_the_derived_ahead_direction"}
{"type":"test","event":"ok","name":"liminal-protocol::liminal_protocol$lifecycle::operations::binding_fate_finalizer_tests::an_uncontested_finalizer_floor_installs_unchanged","exec_time":0.015240292}
{"type":"test","event":"started","name":"liminal-protocol::liminal_protocol$lifecycle::operations::live_frontier_reconcile_tests::reconcile_retires_the_orphaned_anchor_and_is_idempotent"}
{"type":"test","event":"ok","name":"liminal-protocol::liminal_protocol$lifecycle::operations::enrollment_operation_tests::allocator_mismatch_does_not_mint_commit_values","exec_time":0.011886125}
{"type":"test","event":"started","name":"liminal-protocol::liminal_protocol$lifecycle::operations::marker_ack_tests::commit_advances_exactly_once_and_crash_replay_is_idempotent"}
{"type":"test","event":"ok","name":"liminal-protocol::liminal_protocol$lifecycle::operations::enrollment_operation_tests::crash_replay_from_identical_prestate_is_identical","exec_time":0.011139958}
{"type":"test","event":"started","name":"liminal-protocol::liminal_protocol$lifecycle::operations::marker_ack_tests::exact_delivery_uses_authorized_cursor_and_epoch_and_retains_proof"}
{"type":"test","event":"ok","name":"liminal-protocol::liminal_protocol$lifecycle::operations::enrollment_operation_tests::case_25_success_returns_one_atomic_commit","exec_time":0.013595083}
{"type":"test","event":"started","name":"liminal-protocol::liminal_protocol$lifecycle::operations::marker_ack_tests::marker_ack_commit_exposes_ruled_q3_persistence_census"}
{"type":"test","event":"ok","name":"liminal-protocol::liminal_protocol$lifecycle::operations::enrollment_operation_tests::receipt_deadlines_validate_precedence_and_widen_before_addition","exec_time":0.010515958}
{"type":"test","event":"started","name":"liminal-protocol::liminal_protocol$lifecycle::operations::marker_ack_tests::marker_refusals_and_exact_accepted_replay_are_typed_and_nonmutating"}
{"type":"test","event":"ok","name":"liminal-protocol::liminal_protocol$lifecycle::operations::enrollment_operation_tests::stage_six_and_eight_refusals_are_ordered_and_nonmutating","exec_time":0.012477875}
{"type":"test","event":"started","name":"liminal-protocol::liminal_protocol$lifecycle::operations::marker_ack_tests::opaque_update_validates_identity_generation_and_from_cursor_before_mutation"}
{"type":"test","event":"ok","name":"liminal-protocol::liminal_protocol$lifecycle::operations::live_frontier_reconcile_tests::reconcile_never_touches_the_derived_ahead_direction","exec_time":0.009384208}
{"type":"test","event":"started","name":"liminal-protocol::liminal_protocol$lifecycle::operations::marker_ack_tests::shared_lookup_precedence_runs_before_marker_proof"}
{"type":"test","event":"ok","name":"liminal-protocol::liminal_protocol$lifecycle::operations::live_frontier_reconcile_tests::reconcile_leaves_an_in_step_unaccepted_marker_alone","exec_time":0.010587125}
{"type":"test","event":"started","name":"liminal-protocol::liminal_protocol$lifecycle::operations::marker_ack_tests::wrong_receiving_epoch_is_no_binding_before_marker_proof"}
{"type":"test","event":"ok","name":"liminal-protocol::liminal_protocol$lifecycle::operations::enrollment_operation_tests::token_replay_precedes_every_capacity_and_never_allocates","exec_time":0.014355959}
{"type":"test","event":"started","name":"liminal-protocol::liminal_protocol$lifecycle::operations::marker_drain_tests::already_materialized_marker_edge_cannot_coexist_with_pending_candidate"}
{"type":"test","event":"ok","name":"liminal-protocol::liminal_protocol$lifecycle::operations::marker_ack_tests::commit_advances_exactly_once_and_crash_replay_is_idempotent","exec_time":0.011166584}
{"type":"test","event":"started","name":"liminal-protocol::liminal_protocol$lifecycle::operations::marker_drain_tests::detached_candidate_appends_and_selects_exact_dmr"}
{"type":"test","event":"ok","name":"liminal-protocol::liminal_protocol$lifecycle::operations::live_frontier_reconcile_tests::reconcile_retires_the_orphaned_anchor_and_is_idempotent","exec_time":0.011586625}
{"type":"test","event":"started","name":"liminal-protocol::liminal_protocol$lifecycle::operations::marker_drain_tests::drain_consumes_next_marker_and_returns_one_atomic_authority_commit"}
{"type":"test","event":"ok","name":"liminal-protocol::liminal_protocol$lifecycle::operations::marker_ack_tests::exact_delivery_uses_authorized_cursor_and_epoch_and_retains_proof","exec_time":0.011246583}
{"type":"test","event":"started","name":"liminal-protocol::liminal_protocol$lifecycle::operations::marker_drain_tests::drained_detached_marker_cannot_be_reused_as_delivered_recovery_proof"}
{"type":"test","event":"ok","name":"liminal-protocol::liminal_protocol$lifecycle::operations::marker_ack_tests::marker_ack_commit_exposes_ruled_q3_persistence_census","exec_time":0.009629333}
{"type":"test","event":"started","name":"liminal-protocol::liminal_protocol$lifecycle::operations::marker_drain_tests::marker_drain_acceptance_tests::marker_commit_projects_typed_history_compacted_without_debug_parse"}
{"type":"test","event":"ok","name":"liminal-protocol::liminal_protocol$lifecycle::operations::marker_ack_tests::marker_refusals_and_exact_accepted_replay_are_typed_and_nonmutating","exec_time":0.011717292}
{"type":"test","event":"started","name":"liminal-protocol::liminal_protocol$lifecycle::operations::marker_drain_tests::missing_candidate_is_an_invariant_fault_and_replay_is_deterministic"}
{"type":"test","event":"ok","name":"liminal-protocol::liminal_protocol$lifecycle::operations::marker_ack_tests::opaque_update_validates_identity_generation_and_from_cursor_before_mutation","exec_time":0.009981625}
{"type":"test","event":"started","name":"liminal-protocol::liminal_protocol$lifecycle::operations::marker_drain_tests::op_and_pc_remain_strict_while_bound_marker_appends"}
{"type":"test","event":"ok","name":"liminal-protocol::liminal_protocol$lifecycle::operations::marker_ack_tests::shared_lookup_precedence_runs_before_marker_proof","exec_time":0.009969667}
{"type":"test","event":"started","name":"liminal-protocol::liminal_protocol$lifecycle::operations::marker_proof_tests::case_34_marker_ack_matrix_uses_the_frozen_total_precedence"}
{"type":"test","event":"ok","name":"liminal-protocol::liminal_protocol$lifecycle::operations::marker_ack_tests::wrong_receiving_epoch_is_no_binding_before_marker_proof","exec_time":0.009603708}
{"type":"test","event":"started","name":"liminal-protocol::liminal_protocol$lifecycle::operations::marker_proof_tests::credential_attach_input_requires_some_marker_and_preserves_its_distinct_envelope"}
{"type":"test","event":"ok","name":"liminal-protocol::liminal_protocol$lifecycle::operations::marker_drain_tests::drained_detached_marker_cannot_be_reused_as_delivered_recovery_proof","exec_time":0.0093405}
{"type":"test","event":"started","name":"liminal-protocol::liminal_protocol$lifecycle::operations::marker_proof_tests::exact_delivery_mints_an_opaque_operation_bound_permit"}
{"type":"test","event":"ok","name":"liminal-protocol::liminal_protocol$lifecycle::operations::marker_drain_tests::already_materialized_marker_edge_cannot_coexist_with_pending_candidate","exec_time":0.009542334}
{"type":"test","event":"started","name":"liminal-protocol::liminal_protocol$lifecycle::operations::marker_proof_tests::selection_is_nonmutating_and_crash_replay_is_identical"}
{"type":"test","event":"ok","name":"liminal-protocol::liminal_protocol$lifecycle::operations::marker_drain_tests::drain_consumes_next_marker_and_returns_one_atomic_authority_commit","exec_time":0.010397875}
{"type":"test","event":"started","name":"liminal-protocol::liminal_protocol$lifecycle::operations::marker_proof_tests::wrong_participant_epoch_marker_or_generation_never_counts_as_exact_delivery"}
{"type":"test","event":"ok","name":"liminal-protocol::liminal_protocol$lifecycle::operations::marker_drain_tests::detached_candidate_appends_and_selects_exact_dmr","exec_time":0.010473709}
{"type":"test","event":"started","name":"liminal-protocol::liminal_protocol$lifecycle::operations::nonzero_participant_ack_tests::aggregate_commit_rejects_unrelated_and_split_restored_prestates"}
{"type":"test","event":"ok","name":"liminal-protocol::liminal_protocol$lifecycle::operations::marker_drain_tests::marker_drain_acceptance_tests::marker_commit_projects_typed_history_compacted_without_debug_parse","exec_time":0.01684375}
{"type":"test","event":"started","name":"liminal-protocol::liminal_protocol$lifecycle::operations::nonzero_participant_ack_tests::aggregate_invariant_checks_are_ordered_and_nonmutating"}
{"type":"test","event":"ok","name":"liminal-protocol::liminal_protocol$lifecycle::operations::marker_proof_tests::case_34_marker_ack_matrix_uses_the_frozen_total_precedence","exec_time":0.011551}
{"type":"test","event":"started","name":"liminal-protocol::liminal_protocol$lifecycle::operations::nonzero_participant_ack_tests::common_lookup_precedes_episode_validation_and_never_mutates"}
{"type":"test","event":"ok","name":"liminal-protocol::liminal_protocol$lifecycle::operations::marker_proof_tests::credential_attach_input_requires_some_marker_and_preserves_its_distinct_envelope","exec_time":0.011433042}
{"type":"test","event":"started","name":"liminal-protocol::liminal_protocol$lifecycle::operations::nonzero_participant_ack_tests::nonzero_debt_ack_moves_the_same_committed_cursor_through_live_frontier_ownership"}
{"type":"test","event":"ok","name":"liminal-protocol::liminal_protocol$lifecycle::operations::marker_drain_tests::op_and_pc_remain_strict_while_bound_marker_appends","exec_time":0.012363875}
{"type":"test","event":"started","name":"liminal-protocol::liminal_protocol$lifecycle::operations::nonzero_participant_ack_tests::noop_gap_and_regression_return_wire_values_without_mutating_episode"}
{"type":"test","event":"ok","name":"liminal-protocol::liminal_protocol$lifecycle::operations::marker_drain_tests::missing_candidate_is_an_invariant_fault_and_replay_is_deterministic","exec_time":0.012674}
{"type":"test","event":"started","name":"liminal-protocol::liminal_protocol$lifecycle::operations::nonzero_participant_ack_tests::oracle::nonzero_debt_obligation_and_scalar_commit_cannot_diverge"}
{"type":"test","event":"ok","name":"liminal-protocol::liminal_protocol$lifecycle::operations::marker_proof_tests::exact_delivery_mints_an_opaque_operation_bound_permit","exec_time":0.010220709}
{"type":"test","event":"started","name":"liminal-protocol::liminal_protocol$lifecycle::operations::nonzero_participant_ack_tests::oracle::nonzero_debt_obligation_and_scalar_refusal_cannot_diverge"}
{"type":"test","event":"ok","name":"liminal-protocol::liminal_protocol$lifecycle::operations::marker_proof_tests::selection_is_nonmutating_and_crash_replay_is_identical","exec_time":0.010176417}
{"type":"test","event":"started","name":"liminal-protocol::liminal_protocol$lifecycle::operations::nonzero_participant_ack_tests::oracle::nonzero_debt_sparse_gap_never_selects_scalar_fallback"}
{"type":"test","event":"ok","name":"liminal-protocol::liminal_protocol$lifecycle::operations::nonzero_participant_ack_tests::aggregate_commit_rejects_unrelated_and_split_restored_prestates","exec_time":0.025448792}
{"type":"test","event":"started","name":"liminal-protocol::liminal_protocol$lifecycle::operations::nonzero_participant_ack_tests::oracle::two_participants_ack_same_retained_suffix_through_total_wrapper"}
{"type":"test","event":"ok","name":"liminal-protocol::liminal_protocol$lifecycle::operations::marker_proof_tests::wrong_participant_epoch_marker_or_generation_never_counts_as_exact_delivery","exec_time":0.025866666}
{"type":"test","event":"started","name":"liminal-protocol::liminal_protocol$lifecycle::operations::ordinary_record_projection_tests::compacted_accepted_marker_releases_credit_without_planning_a_replacement"}
{"type":"test","event":"ok","name":"liminal-protocol::liminal_protocol$lifecycle::operations::nonzero_participant_ack_tests::nonzero_debt_ack_moves_the_same_committed_cursor_through_live_frontier_ownership","exec_time":0.018021625}
{"type":"test","event":"started","name":"liminal-protocol::liminal_protocol$lifecycle::operations::ordinary_record_projection_tests::compacted_credit_owner_can_receive_one_new_marker_in_the_same_fixed_point"}
{"type":"test","event":"ok","name":"liminal-protocol::liminal_protocol$lifecycle::operations::nonzero_participant_ack_tests::oracle::nonzero_debt_obligation_and_scalar_refusal_cannot_diverge","exec_time":0.016900083}
{"type":"test","event":"started","name":"liminal-protocol::liminal_protocol$lifecycle::operations::ordinary_record_projection_tests::consuming_capacity_walk_wrapper_relays_exact_owners_and_seals_marker_prefix"}
{"type":"test","event":"ok","name":"liminal-protocol::liminal_protocol$lifecycle::operations::nonzero_participant_ack_tests::aggregate_invariant_checks_are_ordered_and_nonmutating","exec_time":0.033010834}
{"type":"test","event":"started","name":"liminal-protocol::liminal_protocol$lifecycle::operations::ordinary_record_projection_tests::consuming_wrapper_rejects_a_disconnected_keyed_charge"}
{"type":"test","event":"ok","name":"liminal-protocol::liminal_protocol$lifecycle::operations::nonzero_participant_ack_tests::common_lookup_precedes_episode_validation_and_never_mutates","exec_time":0.032633042}
{"type":"test","event":"started","name":"liminal-protocol::liminal_protocol$lifecycle::operations::ordinary_record_projection_tests::consuming_wrapper_releases_compacted_credit_then_reovertakes_same_participant"}
{"type":"test","event":"ok","name":"liminal-protocol::liminal_protocol$lifecycle::operations::ordinary_record_projection_tests::compacted_credit_owner_can_receive_one_new_marker_in_the_same_fixed_point","exec_time":0.014693959}
{"type":"test","event":"started","name":"liminal-protocol::liminal_protocol$lifecycle::operations::ordinary_record_projection_tests::current_credited_marker_uses_marker_max_and_keeps_accepted_credit"}
{"type":"test","event":"ok","name":"liminal-protocol::liminal_protocol$lifecycle::operations::nonzero_participant_ack_tests::oracle::nonzero_debt_sparse_gap_never_selects_scalar_fallback","exec_time":0.03146775}
{"type":"test","event":"ok","name":"liminal-protocol::liminal_protocol$lifecycle::operations::ordinary_record_projection_tests::consuming_capacity_walk_wrapper_relays_exact_owners_and_seals_marker_prefix","exec_time":0.014571292}
{"type":"test","event":"started","name":"liminal-protocol::liminal_protocol$lifecycle::operations::ordinary_record_projection_tests::keyed_charge_mismatch_is_rejected_before_any_derived_total_is_used"}
{"type":"test","event":"ok","name":"liminal-protocol::liminal_protocol$lifecycle::operations::ordinary_record_projection_tests::compacted_accepted_marker_releases_credit_without_planning_a_replacement","exec_time":0.015158875}
{"type":"test","event":"ok","name":"liminal-protocol::liminal_protocol$lifecycle::operations::nonzero_participant_ack_tests::oracle::two_participants_ack_same_retained_suffix_through_total_wrapper","exec_time":0.014999875}
{"type":"test","event":"ok","name":"liminal-protocol::liminal_protocol$lifecycle::operations::nonzero_participant_ack_tests::noop_gap_and_regression_return_wire_values_without_mutating_episode","exec_time":0.032462416}
{"type":"test","event":"started","name":"liminal-protocol::liminal_protocol$lifecycle::operations::ordinary_record_projection_tests::hard_observer_blocks_the_exact_capacity_walk_floor"}
{"type":"test","event":"started","name":"liminal-protocol::liminal_protocol$lifecycle::operations::ordinary_record_projection_tests::two_overtaken_participants_receive_ascending_exact_marker_candidates"}
{"type":"test","event":"started","name":"liminal-protocol::liminal_protocol$lifecycle::operations::ordinary_record_projection_tests::mandatory_candidate_wins_before_optional_projection_or_counter_planning"}
{"type":"test","event":"started","name":"liminal-protocol::liminal_protocol$lifecycle::operations::ordinary_record_projection_tests::ordinary_capacity_walk_derives_floor_marker_and_both_ledgers"}
{"type":"test","event":"ok","name":"liminal-protocol::liminal_protocol$lifecycle::operations::nonzero_participant_ack_tests::oracle::nonzero_debt_obligation_and_scalar_commit_cannot_diverge","exec_time":0.033432458}
{"type":"test","event":"started","name":"liminal-protocol::liminal_protocol$lifecycle::operations::ordinary_record_projection_tests::unaccepted_marker_prevents_capacity_search_crossing_its_sequence"}
{"type":"test","event":"ok","name":"liminal-protocol::liminal_protocol$lifecycle::operations::ordinary_record_projection_tests::ordinary_capacity_walk_derives_floor_marker_and_both_ledgers","exec_time":0.014766416}
{"type":"test","event":"started","name":"liminal-protocol::liminal_protocol$lifecycle::operations::ordinary_record_projection_tests::uncredited_historical_marker_contributes_its_exact_charge_not_marker_max"}
{"type":"test","event":"ok","name":"liminal-protocol::liminal_protocol$lifecycle::operations::ordinary_record_projection_tests::keyed_charge_mismatch_is_rejected_before_any_derived_total_is_used","exec_time":0.015705292}
{"type":"test","event":"started","name":"liminal-protocol::liminal_protocol$lifecycle::operations::participant_ack_tests::all_four_ack_relations_select_exact_wire_outcomes"}
{"type":"test","event":"ok","name":"liminal-protocol::liminal_protocol$lifecycle::operations::ordinary_record_projection_tests::current_credited_marker_uses_marker_max_and_keeps_accepted_credit","exec_time":0.016030875}
{"type":"test","event":"started","name":"liminal-protocol::liminal_protocol$lifecycle::operations::participant_ack_tests::commit_advances_exactly_once_and_crash_replay_is_idempotent"}
{"type":"test","event":"ok","name":"liminal-protocol::liminal_protocol$lifecycle::operations::ordinary_record_projection_tests::consuming_wrapper_releases_compacted_credit_then_reovertakes_same_participant","exec_time":0.016499916}
{"type":"test","event":"ok","name":"liminal-protocol::liminal_protocol$lifecycle::operations::ordinary_record_projection_tests::unaccepted_marker_prevents_capacity_search_crossing_its_sequence","exec_time":0.015007292}
{"type":"test","event":"ok","name":"liminal-protocol::liminal_protocol$lifecycle::operations::ordinary_record_projection_tests::consuming_wrapper_rejects_a_disconnected_keyed_charge","exec_time":0.016634208}
{"type":"test","event":"started","name":"liminal-protocol::liminal_protocol$lifecycle::operations::participant_ack_tests::opaque_update_validates_identity_generation_and_from_cursor_before_mutation"}
{"type":"test","event":"started","name":"liminal-protocol::liminal_protocol$lifecycle::operations::participant_ack_tests::durable_obligation_context_mismatch_is_typed_invariant_not_ack_gap"}
{"type":"test","event":"started","name":"liminal-protocol::liminal_protocol$lifecycle::operations::participant_ack_tests::durable_obligation_endpoint_skips_internal_gaps_but_rejects_gap_endpoint"}
{"type":"test","event":"ok","name":"liminal-protocol::liminal_protocol$lifecycle::operations::ordinary_record_projection_tests::two_overtaken_participants_receive_ascending_exact_marker_candidates","exec_time":0.017012583}
{"type":"test","event":"started","name":"liminal-protocol::liminal_protocol$lifecycle::operations::participant_ack_tests::refusals_and_noop_never_mutate_membership"}
{"type":"test","event":"ok","name":"liminal-protocol::liminal_protocol$lifecycle::operations::ordinary_record_projection_tests::mandatory_candidate_wins_before_optional_projection_or_counter_planning","exec_time":0.01697375}
{"type":"test","event":"started","name":"liminal-protocol::liminal_protocol$lifecycle::operations::participant_ack_tests::shared_lookup_precedence_is_preserved_before_ack_relations"}
{"type":"test","event":"ok","name":"liminal-protocol::liminal_protocol$lifecycle::operations::ordinary_record_projection_tests::hard_observer_blocks_the_exact_capacity_walk_floor","exec_time":0.020561625}
{"type":"test","event":"started","name":"liminal-protocol::liminal_protocol$lifecycle::operations::participant_ack_tests::wrong_receiving_epoch_is_no_binding_before_ack_relations"}
{"type":"test","event":"ok","name":"liminal-protocol::liminal_protocol$lifecycle::operations::participant_ack_tests::all_four_ack_relations_select_exact_wire_outcomes","exec_time":0.015367959}
{"type":"test","event":"ok","name":"liminal-protocol::liminal_protocol$lifecycle::operations::ordinary_record_projection_tests::uncredited_historical_marker_contributes_its_exact_charge_not_marker_max","exec_time":0.01600325}
{"type":"test","event":"started","name":"liminal-protocol::liminal_protocol$lifecycle::operations::record_admission_selector_acceptance_tests::record_selector_names_marker_closure_refusal_and_preserves_owner"}
{"type":"test","event":"started","name":"liminal-protocol::liminal_protocol$lifecycle::operations::record_admission_selector_acceptance_tests::record_selector_names_order_exhaustion_and_preserves_owner"}
{"type":"test","event":"ok","name":"liminal-protocol::liminal_protocol$lifecycle::operations::participant_ack_tests::commit_advances_exactly_once_and_crash_replay_is_idempotent","exec_time":0.017757042}
{"type":"test","event":"started","name":"liminal-protocol::liminal_protocol$lifecycle::operations::record_admission_tests::capacity_walk_total_operation_commits_full_payload_and_replays_identically"}
{"type":"test","event":"ok","name":"liminal-protocol::liminal_protocol$lifecycle::operations::participant_ack_tests::durable_obligation_endpoint_skips_internal_gaps_but_rejects_gap_endpoint","exec_time":0.018353167}
{"type":"test","event":"started","name":"liminal-protocol::liminal_protocol$lifecycle::operations::record_admission_tests::case_31_sequence_exhaustion_returns_exact_budget_and_unchanged_replay"}
{"type":"test","event":"ok","name":"liminal-protocol::liminal_protocol$lifecycle::operations::participant_ack_tests::opaque_update_validates_identity_generation_and_from_cursor_before_mutation","exec_time":0.0184015}
{"type":"test","event":"ok","name":"liminal-protocol::liminal_protocol$lifecycle::operations::participant_ack_tests::durable_obligation_context_mismatch_is_typed_invariant_not_ack_gap","exec_time":0.0182275}
{"type":"test","event":"ok","name":"liminal-protocol::liminal_protocol$lifecycle::operations::participant_ack_tests::refusals_and_noop_never_mutate_membership","exec_time":0.016849709}
{"type":"test","event":"started","name":"liminal-protocol::liminal_protocol$lifecycle::operations::record_admission_tests::into_persistence_parts_moves_the_complete_atomic_set_exactly_once"}
{"type":"test","event":"started","name":"liminal-protocol::liminal_protocol$lifecycle::operations::record_admission_tests::case_32_size_dimensions_preserve_state_and_lookup_precedes_size"}
{"type":"test","event":"started","name":"liminal-protocol::liminal_protocol$lifecycle::operations::record_admission_tests::classify_record_admission_binding_covers_the_lookup_rows_and_only_those"}
{"type":"test","event":"ok","name":"liminal-protocol::liminal_protocol$lifecycle::operations::participant_ack_tests::wrong_receiving_epoch_is_no_binding_before_ack_relations","exec_time":0.013676334}
{"type":"test","event":"started","name":"liminal-protocol::liminal_protocol$lifecycle::operations::record_admission_tests::observer_fixed_point_refusal_maps_through_shared_selector_without_mutation"}
{"type":"test","event":"ok","name":"liminal-protocol::liminal_protocol$lifecycle::operations::participant_ack_tests::shared_lookup_precedence_is_preserved_before_ack_relations","exec_time":0.017610084}
{"type":"test","event":"started","name":"liminal-protocol::liminal_protocol$lifecycle::operations::record_admission_tests::projected_marker_drains_first_and_replays_with_complete_unchanged_input"}
{"type":"test","event":"ok","name":"liminal-protocol::liminal_protocol$lifecycle::operations::record_admission_selector_acceptance_tests::record_selector_names_marker_closure_refusal_and_preserves_owner","exec_time":0.011383708}
{"type":"test","event":"started","name":"liminal-protocol::liminal_protocol$lifecycle::operations::record_admission_tests::untracked_semantic_conversation_refusal_carries_exact_envelope_and_limit"}
{"type":"test","event":"ok","name":"liminal-protocol::liminal_protocol$lifecycle::operations::record_admission_selector_acceptance_tests::record_selector_names_order_exhaustion_and_preserves_owner","exec_time":0.0119135}
{"type":"test","event":"started","name":"liminal-protocol::liminal_protocol$lifecycle::storage_tests::all_four_detach_cells_restore_with_atomic_binding_pair_checks"}
{"type":"test","event":"ok","name":"liminal-protocol::liminal_protocol$lifecycle::operations::record_admission_tests::observer_fixed_point_refusal_maps_through_shared_selector_without_mutation","exec_time":0.009607542}
{"type":"test","event":"started","name":"liminal-protocol::liminal_protocol$lifecycle::storage_tests::all_seven_stored_edges_restore_and_opaque_variants_require_exact_provenance"}
{"type":"test","event":"ok","name":"liminal-protocol::liminal_protocol$lifecycle::operations::record_admission_tests::capacity_walk_total_operation_commits_full_payload_and_replays_identically","exec_time":0.011080375}
{"type":"test","event":"started","name":"liminal-protocol::liminal_protocol$lifecycle::storage_tests::binding_terminals_restore_only_from_valid_cause_partitions"}
{"type":"test","event":"ok","name":"liminal-protocol::liminal_protocol$lifecycle::operations::record_admission_tests::case_32_size_dimensions_preserve_state_and_lookup_precedes_size","exec_time":0.011083125}
{"type":"test","event":"ok","name":"liminal-protocol::liminal_protocol$lifecycle::operations::record_admission_tests::projected_marker_drains_first_and_replays_with_complete_unchanged_input","exec_time":0.010303416}
{"type":"test","event":"started","name":"liminal-protocol::liminal_protocol$lifecycle::storage_tests::cursor_episode_restores_variable_participant_facts_and_rejects_bad_pairs"}
{"type":"test","event":"started","name":"liminal-protocol::liminal_protocol$lifecycle::storage_tests::case_56_joint_restore_keeps_prefate_candidate_quartet_while_pc_is_current"}
{"type":"test","event":"ok","name":"liminal-protocol::liminal_protocol$lifecycle::operations::record_admission_tests::into_persistence_parts_moves_the_complete_atomic_set_exactly_once","exec_time":0.015281}
{"type":"test","event":"started","name":"liminal-protocol::liminal_protocol$lifecycle::storage_tests::fenced_and_recovered_authorities_restore_only_from_exact_epoch_provenance"}
{"type":"test","event":"ok","name":"liminal-protocol::liminal_protocol$lifecycle::operations::record_admission_tests::classify_record_admission_binding_covers_the_lookup_rows_and_only_those","exec_time":0.015287667}
{"type":"test","event":"started","name":"liminal-protocol::liminal_protocol$lifecycle::storage_tests::historical_causal_rows_require_exact_owned_lifecycle_history"}
{"type":"test","event":"ok","name":"liminal-protocol::liminal_protocol$lifecycle::operations::record_admission_tests::case_31_sequence_exhaustion_returns_exact_budget_and_unchanged_replay","exec_time":0.015774459}
{"type":"test","event":"started","name":"liminal-protocol::liminal_protocol$lifecycle::storage_tests::joint_cold_restore_uses_historical_old_epoch_across_fenced_recovery"}
{"type":"test","event":"ok","name":"liminal-protocol::liminal_protocol$lifecycle::storage_tests::all_four_detach_cells_restore_with_atomic_binding_pair_checks","exec_time":0.011151667}
{"type":"test","event":"started","name":"liminal-protocol::liminal_protocol$lifecycle::storage_tests::live_membership_rejects_terminal_identity_and_generation_drift"}
{"type":"test","event":"ok","name":"liminal-protocol::liminal_protocol$lifecycle::operations::record_admission_tests::untracked_semantic_conversation_refusal_carries_exact_envelope_and_limit","exec_time":0.0122715}
{"type":"test","event":"started","name":"liminal-protocol::liminal_protocol$lifecycle::storage_tests::post_fenced_active_quartet_resolves_from_old_history_under_current_storage"}
{"type":"test","event":"ok","name":"liminal-protocol::liminal_protocol$lifecycle::storage_tests::all_seven_stored_edges_restore_and_opaque_variants_require_exact_provenance","exec_time":0.013416708}
{"type":"test","event":"started","name":"liminal-protocol::liminal_protocol$lifecycle::storage_tests::producer_emitted_enrollment_and_superseding_origins_replay_through_total_restore"}
{"type":"test","event":"ok","name":"liminal-protocol::liminal_protocol$lifecycle::storage_tests::binding_terminals_restore_only_from_valid_cause_partitions","exec_time":0.017004875}
{"type":"test","event":"ok","name":"liminal-protocol::liminal_protocol$lifecycle::storage_tests::case_56_joint_restore_keeps_prefate_candidate_quartet_while_pc_is_current","exec_time":0.016577667}
{"type":"test","event":"ok","name":"liminal-protocol::liminal_protocol$lifecycle::storage_tests::fenced_and_recovered_authorities_restore_only_from_exact_epoch_provenance","exec_time":0.012413375}
{"type":"test","event":"started","name":"liminal-protocol::liminal_protocol$lifecycle::storage_tests::total_restore_of_replayed_enrollment_equals_live_state"}
{"type":"test","event":"started","name":"liminal-protocol::liminal_protocol$lifecycle::storage_tests::recovered_origin_cannot_execute_ordinary_pcp_or_cursor_release"}
{"type":"test","event":"started","name":"liminal-protocol::liminal_protocol$lifecycle::storage_tests::retired_tombstone_validates_complete_permanent_leave_result"}
{"type":"test","event":"ok","name":"liminal-protocol::liminal_protocol$lifecycle::storage_tests::joint_cold_restore_uses_historical_old_epoch_across_fenced_recovery","exec_time":0.012355}
{"type":"test","event":"started","name":"liminal-protocol::liminal_protocol$lifecycle::storage_tests::total_restore_refuses_a_duplicated_participant_identity"}
{"type":"test","event":"ok","name":"liminal-protocol::liminal_protocol$lifecycle::storage_tests::historical_causal_rows_require_exact_owned_lifecycle_history","exec_time":0.012255875}
{"type":"test","event":"started","name":"liminal-protocol::liminal_protocol$lifecycle::storage_tests::total_restore_refuses_binding_origins_from_another_history"}
{"type":"test","event":"ok","name":"liminal-protocol::liminal_protocol$lifecycle::storage_tests::live_membership_rejects_terminal_identity_and_generation_drift","exec_time":0.009207208}
{"type":"test","event":"started","name":"liminal-protocol::liminal_protocol$lifecycle::storage_tests::total_restore_refuses_cross_conversation_component_splices"}
{"type":"test","event":"ok","name":"liminal-protocol::liminal_protocol$lifecycle::storage_tests::cursor_episode_restores_variable_participant_facts_and_rejects_bad_pairs","exec_time":0.019502125}
{"type":"test","event":"started","name":"liminal-protocol::liminal_protocol$lifecycle::storage_tests::total_restore_seals_ordinary_cursor_and_fate_authority"}
{"type":"test","event":"ok","name":"liminal-protocol::liminal_protocol$lifecycle::storage_tests::post_fenced_active_quartet_resolves_from_old_history_under_current_storage","exec_time":0.009716917}
{"type":"test","event":"started","name":"liminal-protocol::liminal_protocol$outcome::internal_tests::binding_recovery_carries_only_unclean_restart_cause"}
{"type":"test","event":"ok","name":"liminal-protocol::liminal_protocol$lifecycle::storage_tests::producer_emitted_enrollment_and_superseding_origins_replay_through_total_restore","exec_time":0.009187042}
{"type":"test","event":"started","name":"liminal-protocol::liminal_protocol$outcome::internal_tests::candidate_phase_values_match_canonical_order"}
{"type":"test","event":"ok","name":"liminal-protocol::liminal_protocol$lifecycle::storage_tests::total_restore_of_replayed_enrollment_equals_live_state","exec_time":0.010833708}
{"type":"test","event":"started","name":"liminal-protocol::liminal_protocol$outcome::internal_tests::fix_two_corruption_taxonomy_keeps_non_occurrence_reasons"}
{"type":"test","event":"ok","name":"liminal-protocol::liminal_protocol$lifecycle::storage_tests::total_restore_refuses_a_duplicated_participant_identity","exec_time":0.011191791}
{"type":"test","event":"started","name":"liminal-protocol::liminal_protocol$outcome::keepalive_tests::accepted_socket_phase_has_exactly_the_three_runtime_reason_shapes"}
{"type":"test","event":"ok","name":"liminal-protocol::liminal_protocol$lifecycle::storage_tests::total_restore_refuses_binding_origins_from_another_history","exec_time":0.011237709}
{"type":"test","event":"started","name":"liminal-protocol::liminal_protocol$outcome::keepalive_tests::platform_name_round_trips_without_loss"}
{"type":"test","event":"ok","name":"liminal-protocol::liminal_protocol$lifecycle::storage_tests::recovered_origin_cannot_execute_ordinary_pcp_or_cursor_release","exec_time":0.012721666}
{"type":"test","event":"started","name":"liminal-protocol::liminal_protocol$outcome::keepalive_tests::startup_phase_has_exactly_the_five_startup_reason_shapes"}
{"type":"test","event":"ok","name":"liminal-protocol::liminal_protocol$lifecycle::storage_tests::total_restore_refuses_cross_conversation_component_splices","exec_time":0.01178}
{"type":"test","event":"ok","name":"liminal-protocol::liminal_protocol$lifecycle::storage_tests::retired_tombstone_validates_complete_permanent_leave_result","exec_time":0.013263583}
{"type":"test","event":"started","name":"liminal-protocol::liminal_protocol$outcome::local_tests::park_order_exhaustion_fixes_counter_and_value"}
{"type":"test","event":"started","name":"liminal-protocol::liminal_protocol$outcome::local_tests::park_capacity_has_only_the_five_legal_pairs"}
{"type":"test","event":"ok","name":"liminal-protocol::liminal_protocol$outcome::internal_tests::binding_recovery_carries_only_unclean_restart_cause","exec_time":0.011067375}
{"type":"test","event":"started","name":"liminal-protocol::liminal_protocol$outcome::parking_tests::all_eighteen_parked_configuration_dimensions_are_constructible"}
{"type":"test","event":"ok","name":"liminal-protocol::liminal_protocol$lifecycle::storage_tests::total_restore_seals_ordinary_cursor_and_fate_authority","exec_time":0.012054792}
{"type":"test","event":"started","name":"liminal-protocol::liminal_protocol$outcome::parking_tests::all_nine_configuration_shape_dimensions_are_constructible"}
{"type":"test","event":"ok","name":"liminal-protocol::liminal_protocol$outcome::internal_tests::candidate_phase_values_match_canonical_order","exec_time":0.010761875}
{"type":"test","event":"started","name":"liminal-protocol::liminal_protocol$outcome::parking_tests::handshake_failure_keeps_both_limits_and_all_widened_operands"}
{"type":"test","event":"ok","name":"liminal-protocol::liminal_protocol$outcome::keepalive_tests::platform_name_round_trips_without_loss","exec_time":0.011641167}
{"type":"test","event":"started","name":"liminal-protocol::liminal_protocol$outcome::startup_tests::all_nine_capability_nonzero_fields_are_named"}
{"type":"test","event":"ok","name":"liminal-protocol::liminal_protocol$outcome::internal_tests::fix_two_corruption_taxonomy_keeps_non_occurrence_reasons","exec_time":0.012304625}
{"type":"test","event":"ok","name":"liminal-protocol::liminal_protocol$outcome::keepalive_tests::accepted_socket_phase_has_exactly_the_three_runtime_reason_shapes","exec_time":0.0122775}
{"type":"test","event":"ok","name":"liminal-protocol::liminal_protocol$outcome::local_tests::park_capacity_has_only_the_five_legal_pairs","exec_time":0.0103695}
{"type":"test","event":"ok","name":"liminal-protocol::liminal_protocol$outcome::keepalive_tests::startup_phase_has_exactly_the_five_startup_reason_shapes","exec_time":0.010713167}
{"type":"test","event":"started","name":"liminal-protocol::liminal_protocol$reason_code::band_tests::roster_reason_codes_collide_with_neither_neighbouring_band"}
{"type":"test","event":"ok","name":"liminal-protocol::liminal_protocol$outcome::local_tests::park_order_exhaustion_fixes_counter_and_value","exec_time":0.010416625}
{"type":"test","event":"started","name":"liminal-protocol::liminal_protocol$outcome::startup_tests::connection_exhaustion_encodes_only_the_two_valid_payload_shapes"}
{"type":"test","event":"started","name":"liminal-protocol::liminal_protocol$outcome::startup_tests::retention_has_only_the_three_fix_two_dimensions"}
{"type":"test","event":"started","name":"liminal-protocol::liminal_protocol$outcome::startup_tests::capability_deadline_order_is_a_flat_tagged_body"}
{"type":"test","event":"started","name":"liminal-protocol::liminal_protocol$reason_code::band_tests::roster_reason_codes_hold_their_wire_values"}
{"type":"test","event":"ok","name":"liminal-protocol::liminal_protocol$outcome::parking_tests::all_eighteen_parked_configuration_dimensions_are_constructible","exec_time":0.010376833}
{"type":"test","event":"started","name":"liminal-protocol::liminal_protocol$reason_code::band_tests::roster_reason_codes_lie_inside_the_reserved_server_band"}
{"type":"test","event":"ok","name":"liminal-protocol::liminal_protocol$outcome::parking_tests::all_nine_configuration_shape_dimensions_are_constructible","exec_time":0.010042042}
{"type":"test","event":"started","name":"liminal-protocol::liminal_protocol$wire::authority_tests::credential_attach_constructors_stay_inside_the_register_rows"}
{"type":"test","event":"ok","name":"liminal-protocol::liminal_protocol$outcome::parking_tests::handshake_failure_keeps_both_limits_and_all_widened_operands","exec_time":0.011320709}
{"type":"test","event":"started","name":"liminal-protocol::liminal_protocol$wire::authority_tests::enrollment_constructors_stay_inside_the_register_rows"}
{"type":"test","event":"ok","name":"liminal-protocol::liminal_protocol$outcome::startup_tests::all_nine_capability_nonzero_fields_are_named","exec_time":0.015922167}
{"type":"test","event":"started","name":"liminal-protocol::liminal_protocol$wire::authority_tests::enrollment_receipt_expired_public_form_matches_the_sealed_lookup_wrapper"}
{"type":"test","event":"ok","name":"liminal-protocol::liminal_protocol$reason_code::band_tests::roster_reason_codes_hold_their_wire_values","exec_time":0.015559084}
{"type":"test","event":"ok","name":"liminal-protocol::liminal_protocol$reason_code::band_tests::roster_reason_codes_collide_with_neither_neighbouring_band","exec_time":0.018052459}
{"type":"test","event":"started","name":"liminal-protocol::liminal_protocol$wire::authority_tests::lifecycle_matrix::leave_constructors_stay_inside_the_register_rows"}
{"type":"test","event":"started","name":"liminal-protocol::liminal_protocol$wire::authority_tests::lifecycle_matrix::detach_constructors_stay_inside_the_register_rows"}
{"type":"test","event":"ok","name":"liminal-protocol::liminal_protocol$outcome::startup_tests::capability_deadline_order_is_a_flat_tagged_body","exec_time":0.017897333}
{"type":"test","event":"started","name":"liminal-protocol::liminal_protocol$wire::authority_tests::lifecycle_matrix::marker_ack_constructors_stay_inside_the_register_rows"}
{"type":"test","event":"ok","name":"liminal-protocol::liminal_protocol$outcome::startup_tests::retention_has_only_the_three_fix_two_dimensions","exec_time":0.018118666}
{"type":"test","event":"started","name":"liminal-protocol::liminal_protocol$wire::authority_tests::lifecycle_matrix::narrow_constructors_embed_the_exact_origin_arm"}
{"type":"test","event":"ok","name":"liminal-protocol::liminal_protocol$reason_code::band_tests::roster_reason_codes_lie_inside_the_reserved_server_band","exec_time":0.024200584}
{"type":"test","event":"started","name":"liminal-protocol::liminal_protocol$wire::authority_tests::lifecycle_matrix::participant_ack_constructors_stay_inside_the_register_rows"}
{"type":"test","event":"ok","name":"liminal-protocol::liminal_protocol$wire::authority_tests::enrollment_constructors_stay_inside_the_register_rows","exec_time":0.02204825}
{"type":"test","event":"started","name":"liminal-protocol::liminal_protocol$wire::authority_tests::records_matrix::bound_values_move_out_intact"}
{"type":"test","event":"ok","name":"liminal-protocol::liminal_protocol$outcome::startup_tests::connection_exhaustion_encodes_only_the_two_valid_payload_shapes","exec_time":0.026883541}
{"type":"test","event":"started","name":"liminal-protocol::liminal_protocol$wire::authority_tests::records_matrix::observer_recovery_constructors_stay_inside_the_register_rows"}
{"type":"test","event":"ok","name":"liminal-protocol::liminal_protocol$wire::authority_tests::credential_attach_constructors_stay_inside_the_register_rows","exec_time":0.025224666}
{"type":"test","event":"started","name":"liminal-protocol::liminal_protocol$wire::authority_tests::records_matrix::record_admission_constructors_stay_inside_the_register_rows"}
{"type":"test","event":"ok","name":"liminal-protocol::liminal_protocol$wire::authority_tests::lifecycle_matrix::detach_constructors_stay_inside_the_register_rows","exec_time":0.016654292}
{"type":"test","event":"started","name":"liminal-protocol::liminal_protocol$wire::codec_tests::all_client_requests_round_trip"}
{"type":"test","event":"ok","name":"liminal-protocol::liminal_protocol$wire::authority_tests::lifecycle_matrix::leave_constructors_stay_inside_the_register_rows","exec_time":0.01605275}
{"type":"test","event":"ok","name":"liminal-protocol::liminal_protocol$wire::authority_tests::lifecycle_matrix::narrow_constructors_embed_the_exact_origin_arm","exec_time":0.016516291}
{"type":"test","event":"started","name":"liminal-protocol::liminal_protocol$wire::codec_tests::header_and_prefix_are_network_order_and_exact"}
{"type":"test","event":"started","name":"liminal-protocol::liminal_protocol$wire::codec_tests::fixed_request_and_delivery_sizes_match_the_contract"}
{"type":"test","event":"ok","name":"liminal-protocol::liminal_protocol$wire::authority_tests::enrollment_receipt_expired_public_form_matches_the_sealed_lookup_wrapper","exec_time":0.021545875}
{"type":"test","event":"started","name":"liminal-protocol::liminal_protocol$wire::codec_tests::inbound_gate_authentication_precedes_capability"}
{"type":"test","event":"ok","name":"liminal-protocol::liminal_protocol$wire::authority_tests::records_matrix::observer_recovery_constructors_stay_inside_the_register_rows","exec_time":0.010341667}
{"type":"test","event":"ok","name":"liminal-protocol::liminal_protocol$wire::authority_tests::lifecycle_matrix::marker_ack_constructors_stay_inside_the_register_rows","exec_time":0.019063167}
{"type":"test","event":"started","name":"liminal-protocol::liminal_protocol$wire::codec_tests::inbound_gate_maps_unknown_and_selected_body_failures"}
{"type":"test","event":"started","name":"liminal-protocol::liminal_protocol$wire::codec_tests::inbound_gate_framing_precedes_version"}
{"type":"test","event":"ok","name":"liminal-protocol::liminal_protocol$wire::authority_tests::records_matrix::record_admission_constructors_stay_inside_the_register_rows","exec_time":0.010085334}
{"type":"test","event":"started","name":"liminal-protocol::liminal_protocol$wire::codec_tests::inbound_gate_size_precedes_framing"}
{"type":"test","event":"ok","name":"liminal-protocol::liminal_protocol$wire::authority_tests::records_matrix::bound_values_move_out_intact","exec_time":0.010989}
{"type":"test","event":"started","name":"liminal-protocol::liminal_protocol$wire::codec_tests::inbound_gate_uses_the_pre_capability_constant_before_allocation"}
{"type":"test","event":"ok","name":"liminal-protocol::liminal_protocol$wire::authority_tests::lifecycle_matrix::participant_ack_constructors_stay_inside_the_register_rows","exec_time":0.012981584}
{"type":"test","event":"started","name":"liminal-protocol::liminal_protocol$wire::codec_tests::inbound_gate_version_precedes_discriminant"}
{"type":"test","event":"ok","name":"liminal-protocol::liminal_protocol$wire::codec_tests::all_client_requests_round_trip","exec_time":0.013210083}
{"type":"test","event":"started","name":"liminal-protocol::liminal_protocol$wire::codec_tests::malformed_sdk_transport_rejection_does_not_receive_the_exception"}
{"type":"test","event":"ok","name":"liminal-protocol::liminal_protocol$wire::codec_tests::inbound_gate_authentication_precedes_capability","exec_time":0.01082725}
{"type":"test","event":"ok","name":"liminal-protocol::liminal_protocol$wire::codec_tests::inbound_gate_framing_precedes_version","exec_time":0.01046275}
{"type":"test","event":"ok","name":"liminal-protocol::liminal_protocol$wire::codec_tests::fixed_request_and_delivery_sizes_match_the_contract","exec_time":0.012855834}
{"type":"test","event":"started","name":"liminal-protocol::liminal_protocol$wire::codec_tests::recovery_count_is_bounded_before_allocation"}
{"type":"test","event":"started","name":"liminal-protocol::liminal_protocol$wire::codec_tests::non_participant_outer_type_bypasses_every_participant_gate_stage"}
{"type":"test","event":"started","name":"liminal-protocol::liminal_protocol$wire::codec_tests::sdk_transport_rejection_bypasses_local_authentication_and_capability"}
{"type":"test","event":"ok","name":"liminal-protocol::liminal_protocol$wire::codec_tests::header_and_prefix_are_network_order_and_exact","exec_time":0.013119792}
{"type":"test","event":"started","name":"liminal-protocol::liminal_protocol$wire::codec_tests::server_push_acceptance_tests::all_push_record_kinds_round_trip"}
{"type":"test","event":"ok","name":"liminal-protocol::liminal_protocol$wire::codec_tests::inbound_gate_size_precedes_framing","exec_time":0.010698958}
{"type":"test","event":"started","name":"liminal-protocol::liminal_protocol$wire::codec_tests::server_push_acceptance_tests::server_push_direction_and_codec_round_trip_all_record_kinds"}
{"type":"test","event":"ok","name":"liminal-protocol::liminal_protocol$wire::codec_tests::inbound_gate_maps_unknown_and_selected_body_failures","exec_time":0.015502709}
{"type":"test","event":"started","name":"liminal-protocol::liminal_protocol$wire::codec_tests::short_output_reports_exact_requirement"}
{"type":"test","event":"ok","name":"liminal-protocol::liminal_protocol$wire::codec_tests::inbound_gate_version_precedes_discriminant","exec_time":0.014339417}
{"type":"test","event":"started","name":"liminal-protocol::liminal_protocol$wire::codec_tests::trailing_truncated_and_zero_generation_classes_are_stable"}
{"type":"test","event":"ok","name":"liminal-protocol::liminal_protocol$wire::codec_tests::inbound_gate_uses_the_pre_capability_constant_before_allocation","exec_time":0.019500709}
{"type":"test","event":"started","name":"liminal-protocol::liminal_protocol$wire::codec_tests::validated_frame_limit_enforces_the_explicit_complete_frame_range"}
{"type":"test","event":"ok","name":"liminal-protocol::liminal_protocol$wire::codec_tests::sdk_transport_rejection_bypasses_local_authentication_and_capability","exec_time":0.013300166}
{"type":"test","event":"started","name":"liminal-protocol::liminal_protocol$wire::codec_tests::wrong_direction_and_unassigned_values_are_unknown"}
{"type":"test","event":"ok","name":"liminal-protocol::liminal_protocol$wire::codec_tests::non_participant_outer_type_bypasses_every_participant_gate_stage","exec_time":0.014052375}
{"type":"test","event":"started","name":"liminal-protocol::liminal_protocol$wire::server_codec_tests::all_37_server_values_round_trip_as_complete_frames"}
{"type":"test","event":"ok","name":"liminal-protocol::liminal_protocol$wire::codec_tests::recovery_count_is_bounded_before_allocation","exec_time":0.012238167}
{"type":"test","event":"ok","name":"liminal-protocol::liminal_protocol$wire::codec_tests::server_push_acceptance_tests::all_push_record_kinds_round_trip","exec_time":0.012991541}
{"type":"test","event":"ok","name":"liminal-protocol::liminal_protocol$wire::codec_tests::server_push_acceptance_tests::server_push_direction_and_codec_round_trip_all_record_kinds","exec_time":0.014531708}
{"type":"test","event":"started","name":"liminal-protocol::liminal_protocol$wire::server_codec_tests::decoder_rejects_impossible_duplicate_success_fields"}
{"type":"test","event":"started","name":"liminal-protocol::liminal_protocol$wire::server_codec_tests::closure_churn_count_and_limit_use_u64_wire_widths"}
{"type":"test","event":"started","name":"liminal-protocol::liminal_protocol$wire::server_codec_tests::all_37_server_values_round_trip_with_contiguous_tags"}
{"type":"test","event":"ok","name":"liminal-protocol::liminal_protocol$wire::codec_tests::short_output_reports_exact_requirement","exec_time":0.011697208}
{"type":"test","event":"started","name":"liminal-protocol::liminal_protocol$wire::server_codec_tests::decoder_rejects_invalid_order_backpressure_and_receipt_relations"}
{"type":"test","event":"ok","name":"liminal-protocol::liminal_protocol$wire::codec_tests::trailing_truncated_and_zero_generation_classes_are_stable","exec_time":0.011145167}
{"type":"test","event":"started","name":"liminal-protocol::liminal_protocol$wire::server_codec_tests::decoder_rejects_invalid_terminal_generation_and_order_relations"}
{"type":"test","event":"ok","name":"liminal-protocol::liminal_protocol$wire::codec_tests::validated_frame_limit_enforces_the_explicit_complete_frame_range","exec_time":0.011605209}
{"type":"test","event":"started","name":"liminal-protocol::liminal_protocol$wire::server_codec_tests::duplicate_success_fields_are_derived_by_typed_constructors"}
{"type":"test","event":"ok","name":"liminal-protocol::liminal_protocol$wire::codec_tests::malformed_sdk_transport_rejection_does_not_receive_the_exception","exec_time":0.020755292}
{"type":"test","event":"started","name":"liminal-protocol::liminal_protocol$wire::server_codec_tests::every_originating_request_pair_has_exact_routing"}
{"type":"test","event":"ok","name":"liminal-protocol::liminal_protocol$wire::server_codec_tests::closure_churn_count_and_limit_use_u64_wire_widths","exec_time":0.008763459}
{"type":"test","event":"started","name":"liminal-protocol::liminal_protocol$wire::server_codec_tests::invalid_tags_missing_trailing_and_zero_generation_are_classified"}
{"type":"test","event":"ok","name":"liminal-protocol::liminal_protocol$wire::codec_tests::wrong_direction_and_unassigned_values_are_unknown","exec_time":0.00996675}
{"type":"test","event":"started","name":"liminal-protocol::liminal_protocol$wire::server_codec_tests::recovery_count_routes_before_unread_suffix"}
{"type":"test","event":"ok","name":"liminal-protocol::liminal_protocol$wire::server_codec_tests::decoder_rejects_impossible_duplicate_success_fields","exec_time":0.009679708}
{"type":"test","event":"started","name":"liminal-protocol::liminal_protocol$wire::server_codec_tests::terminalized_detach_wire_arm_retains_old_epoch"}
{"type":"test","event":"ok","name":"liminal-protocol::liminal_protocol$wire::server_codec_tests::all_37_server_values_round_trip_with_contiguous_tags","exec_time":0.009217167}
{"type":"test","event":"started","name":"liminal-protocol::liminal_protocol$wire::server_codec_tests::unsupported_body_version_is_preserved"}
{"type":"test","event":"ok","name":"liminal-protocol::liminal_protocol$wire::server_codec_tests::all_37_server_values_round_trip_as_complete_frames","exec_time":0.010217291}
{"type":"test","event":"started","name":"liminal-protocol::liminal_protocol$wire::tags_tests::attempt_and_authority_registries_are_origin_specific"}
{"type":"test","event":"ok","name":"liminal-protocol::liminal_protocol$wire::server_codec_tests::decoder_rejects_invalid_terminal_generation_and_order_relations","exec_time":0.011980375}
{"type":"test","event":"started","name":"liminal-protocol::liminal_protocol$wire::tags_tests::capacity_and_edge_registries_are_exact"}
{"type":"test","event":"ok","name":"liminal-protocol::liminal_protocol$wire::server_codec_tests::every_originating_request_pair_has_exact_routing","exec_time":0.012054625}
{"type":"test","event":"started","name":"liminal-protocol::liminal_protocol$wire::tags_tests::client_registry_is_exactly_eight_contiguous_values"}
{"type":"test","event":"ok","name":"liminal-protocol::liminal_protocol$lifecycle::observer_recovery_transaction_tests::interleavings_never_split_arm_installation_and_durable_replay_converges","exec_time":0.297304709}
{"type":"test","event":"started","name":"liminal-protocol::liminal_protocol$wire::tags_tests::close_cause_payload_does_not_change_its_tag"}
{"type":"test","event":"ok","name":"liminal-protocol::liminal_protocol$wire::server_codec_tests::decoder_rejects_invalid_order_backpressure_and_receipt_relations","exec_time":0.0160095}
{"type":"test","event":"started","name":"liminal-protocol::liminal_protocol$wire::tags_tests::close_cause_registry_is_exact"}
{"type":"test","event":"ok","name":"liminal-protocol::liminal_protocol$wire::server_codec_tests::unsupported_body_version_is_preserved","exec_time":0.013684959}
{"type":"test","event":"started","name":"liminal-protocol::liminal_protocol$wire::tags_tests::pushed_and_record_registries_preserve_their_explicit_bases"}
{"type":"test","event":"ok","name":"liminal-protocol::liminal_protocol$wire::server_codec_tests::duplicate_success_fields_are_derived_by_typed_constructors","exec_time":0.018873417}
{"type":"test","event":"started","name":"liminal-protocol::liminal_protocol$wire::tags_tests::receipt_marker_ack_and_recovery_reason_registries_are_exact"}
{"type":"test","event":"ok","name":"liminal-protocol::liminal_protocol$wire::tags_tests::attempt_and_authority_registries_are_origin_specific","exec_time":0.018193958}
{"type":"test","event":"started","name":"liminal-protocol::liminal_protocol$wire::tags_tests::server_registry_is_exactly_thirty_seven_contiguous_values"}
{"type":"test","event":"ok","name":"liminal-protocol::liminal_protocol$wire::server_codec_tests::recovery_count_routes_before_unread_suffix","exec_time":0.019201875}
{"type":"test","event":"started","name":"liminal-protocol::liminal_protocol$wire::tags_tests::transport_and_decode_registries_are_exact"}
{"type":"test","event":"ok","name":"liminal-protocol::liminal_protocol$wire::server_codec_tests::invalid_tags_missing_trailing_and_zero_generation_are_classified","exec_time":0.026670625}
{"type":"suite","event":"started","test_count":25,"nextest":{"crate":"liminal-protocol","test_binary":"acceptance_01_25","kind":"test"}}
{"type":"test","event":"started","name":"liminal-protocol::acceptance_01_25$acceptance_01_same_session_duplicate_guard"}
{"type":"test","event":"ok","name":"liminal-protocol::liminal_protocol$wire::tags_tests::close_cause_payload_does_not_change_its_tag","exec_time":0.017333}
{"type":"test","event":"started","name":"liminal-protocol::acceptance_01_25$acceptance_02_crash_before_ack_redelivers_identical_key"}
{"type":"test","event":"ok","name":"liminal-protocol::liminal_protocol$wire::server_codec_tests::terminalized_detach_wire_arm_retains_old_epoch","exec_time":0.026973458}
{"type":"test","event":"started","name":"liminal-protocol::acceptance_01_25$acceptance_03_failed_admissions_do_not_consume_sequence"}
{"type":"test","event":"ok","name":"liminal-protocol::liminal_protocol$wire::tags_tests::capacity_and_edge_registries_are_exact","exec_time":0.0234605}
{"type":"test","event":"started","name":"liminal-protocol::acceptance_01_25$acceptance_04_all_participants_observe_one_conversation_sequence"}
{"type":"test","event":"ok","name":"liminal-protocol::liminal_protocol$wire::tags_tests::client_registry_is_exactly_eight_contiguous_values","exec_time":0.023247542}
{"type":"test","event":"started","name":"liminal-protocol::acceptance_01_25$acceptance_05_replay_live_cutover_is_lossless_and_ordered"}
{"type":"test","event":"ok","name":"liminal-protocol::liminal_protocol$wire::tags_tests::receipt_marker_ack_and_recovery_reason_registries_are_exact","exec_time":0.016517208}
{"type":"test","event":"started","name":"liminal-protocol::acceptance_01_25$acceptance_06_history_compaction_marker_accept_decline_and_replay"}
{"type":"test","event":"ok","name":"liminal-protocol::liminal_protocol$wire::tags_tests::pushed_and_record_registries_preserve_their_explicit_bases","exec_time":0.020433708}
{"type":"test","event":"started","name":"liminal-protocol::acceptance_01_25$acceptance_07_conversation_demux_has_independent_cursors"}
{"type":"test","event":"ok","name":"liminal-protocol::liminal_protocol$wire::tags_tests::transport_and_decode_registries_are_exact","exec_time":0.015305292}
{"type":"test","event":"started","name":"liminal-protocol::acceptance_01_25$acceptance_08_silence_never_advances_replay"}
{"type":"test","event":"ok","name":"liminal-protocol::liminal_protocol$wire::tags_tests::close_cause_registry_is_exact","exec_time":0.023462}
{"type":"test","event":"started","name":"liminal-protocol::acceptance_01_25$acceptance_09_enrollment_replay_is_stable_and_expiry_cannot_ghost_mint"}
{"type":"test","event":"ok","name":"liminal-protocol::liminal_protocol$wire::tags_tests::server_registry_is_exactly_thirty_seven_contiguous_values","exec_time":0.016585042}
{"type":"suite","event":"ok","passed":451,"failed":0,"ignored":0,"measured":0,"filtered_out":0,"exec_time":7.522758758,"nextest":{"crate":"liminal-protocol","test_binary":"liminal_protocol","kind":"lib"}}
{"type":"test","event":"started","name":"liminal-protocol::acceptance_01_25$acceptance_10_member_replay_detach_reattach_leave_and_floor"}
{"type":"test","event":"ok","name":"liminal-protocol::acceptance_01_25$acceptance_03_failed_admissions_do_not_consume_sequence","exec_time":0.016783333}
{"type":"test","event":"started","name":"liminal-protocol::acceptance_01_25$acceptance_11_generation_race_has_one_rotation_and_one_handoff_pair"}
{"type":"test","event":"ok","name":"liminal-protocol::acceptance_01_25$acceptance_02_crash_before_ack_redelivers_identical_key","exec_time":0.017156042}
{"type":"test","event":"ok","name":"liminal-protocol::acceptance_01_25$acceptance_01_same_session_duplicate_guard","exec_time":0.017670292}
{"type":"test","event":"started","name":"liminal-protocol::acceptance_01_25$acceptance_13_leave_authority_decode_replay_and_serialized_races"}
{"type":"test","event":"started","name":"liminal-protocol::acceptance_01_25$acceptance_12_retired_replays_never_disclose_secret_or_remint"}
{"type":"test","event":"ok","name":"liminal-protocol::acceptance_01_25$acceptance_04_all_participants_observe_one_conversation_sequence","exec_time":0.015085333}
{"type":"test","event":"started","name":"liminal-protocol::acceptance_01_25$acceptance_14_unbound_receipt_never_grants_new_connection_authority"}
{"type":"test","event":"ok","name":"liminal-protocol::acceptance_01_25$acceptance_08_silence_never_advances_replay","exec_time":0.015519125}
{"type":"test","event":"started","name":"liminal-protocol::acceptance_01_25$acceptance_15_sdk_generation_monotonicity_deadlines_and_receipt_cap"}
{"type":"test","event":"ok","name":"liminal-protocol::acceptance_01_25$acceptance_05_replay_live_cutover_is_lossless_and_ordered","exec_time":0.021191375}
{"type":"test","event":"started","name":"liminal-protocol::acceptance_01_25$acceptance_16_four_worked_floor_cases"}
{"type":"test","event":"ok","name":"liminal-protocol::acceptance_01_25$acceptance_09_enrollment_replay_is_stable_and_expiry_cannot_ghost_mint","exec_time":0.018465084}
{"type":"test","event":"ok","name":"liminal-protocol::acceptance_01_25$acceptance_06_history_compaction_marker_accept_decline_and_replay","exec_time":0.02155625}
{"type":"test","event":"started","name":"liminal-protocol::acceptance_01_25$acceptance_18_identity_ordinals_and_capacity_scope_precedence"}
{"type":"test","event":"started","name":"liminal-protocol::acceptance_01_25$acceptance_17_expired_winner_and_stale_loser_are_exactly_classified"}
{"type":"test","event":"ok","name":"liminal-protocol::acceptance_01_25$acceptance_13_leave_authority_decode_replay_and_serialized_races","exec_time":0.017188625}
{"type":"test","event":"ok","name":"liminal-protocol::acceptance_01_25$acceptance_07_conversation_demux_has_independent_cursors","exec_time":0.02701475}
{"type":"test","event":"started","name":"liminal-protocol::acceptance_01_25$acceptance_20_lost_credential_recovery_is_terminal_and_preserves_identity"}
{"type":"test","event":"ok","name":"liminal-protocol::acceptance_01_25$acceptance_11_generation_race_has_one_rotation_and_one_handoff_pair","exec_time":0.018843292}
{"type":"test","event":"started","name":"liminal-protocol::acceptance_01_25$acceptance_19_backpressure_wakes_once_but_acks_never_park"}
{"type":"test","event":"ok","name":"liminal-protocol::acceptance_01_25$acceptance_10_member_replay_detach_reattach_leave_and_floor","exec_time":0.030101541}
{"type":"test","event":"started","name":"liminal-protocol::acceptance_01_25$acceptance_22_old_enrollment_token_becomes_known_not_reminted"}
{"type":"test","event":"started","name":"liminal-protocol::acceptance_01_25$acceptance_21_reachable_joint_generation_sequence_boundary"}
{"type":"test","event":"ok","name":"liminal-protocol::acceptance_01_25$acceptance_12_retired_replays_never_disclose_secret_or_remint","exec_time":0.027433}
{"type":"test","event":"started","name":"liminal-protocol::acceptance_01_25$acceptance_23_backpressure_progress_cycles_are_event_driven_and_nonmutating"}
{"type":"test","event":"ok","name":"liminal-protocol::acceptance_01_25$acceptance_14_unbound_receipt_never_grants_new_connection_authority","exec_time":0.026277833}
{"type":"test","event":"started","name":"liminal-protocol::acceptance_01_25$acceptance_24_pending_finalization_crash_recovery_is_atomic"}
{"type":"test","event":"ok","name":"liminal-protocol::acceptance_01_25$acceptance_15_sdk_generation_monotonicity_deadlines_and_receipt_cap","exec_time":0.025407542}
{"type":"test","event":"started","name":"liminal-protocol::acceptance_01_25$acceptance_25_configuration_matrix_and_generated_capacity_boundary"}
{"type":"test","event":"ok","name":"liminal-protocol::acceptance_01_25$acceptance_16_four_worked_floor_cases","exec_time":0.024314166}
{"type":"suite","event":"started","test_count":19,"nextest":{"crate":"liminal-protocol","test_binary":"acceptance_26_44","kind":"test"}}
{"type":"test","event":"started","name":"liminal-protocol::acceptance_26_44$case_26_entry_sequence_equality_snapshot"}
{"type":"test","event":"ok","name":"liminal-protocol::acceptance_01_25$acceptance_17_expired_winner_and_stale_loser_are_exactly_classified","exec_time":0.027391958}
{"type":"test","event":"started","name":"liminal-protocol::acceptance_26_44$case_27_reconnect_race_and_connection_capacity"}
{"type":"test","event":"ok","name":"liminal-protocol::acceptance_01_25$acceptance_22_old_enrollment_token_becomes_known_not_reminted","exec_time":0.019608542}
{"type":"test","event":"ok","name":"liminal-protocol::acceptance_01_25$acceptance_19_backpressure_wakes_once_but_acks_never_park","exec_time":0.022527209}
{"type":"test","event":"started","name":"liminal-protocol::acceptance_26_44$case_29_post_leave_enrollment_and_credential_token_replay"}
{"type":"test","event":"started","name":"liminal-protocol::acceptance_26_44$case_28_detach_replay_terminalization_and_leave_precedence"}
{"type":"test","event":"ok","name":"liminal-protocol::acceptance_01_25$acceptance_20_lost_credential_recovery_is_terminal_and_preserves_identity","exec_time":0.023947791}
{"type":"test","event":"started","name":"liminal-protocol::acceptance_26_44$case_30_candidate_order_controls_marker_and_terminal_append_order"}
{"type":"test","event":"ok","name":"liminal-protocol::acceptance_01_25$acceptance_24_pending_finalization_crash_recovery_is_atomic","exec_time":0.01784875}
{"type":"test","event":"started","name":"liminal-protocol::acceptance_26_44$case_31_sequence_exhaustion_is_atomic_in_both_arms"}
{"type":"test","event":"ok","name":"liminal-protocol::acceptance_01_25$acceptance_21_reachable_joint_generation_sequence_boundary","exec_time":0.022380416}
{"type":"test","event":"started","name":"liminal-protocol::acceptance_26_44$case_32_sdk_parking_and_static_record_size_boundaries"}
{"type":"test","event":"ok","name":"liminal-protocol::acceptance_01_25$acceptance_23_backpressure_progress_cycles_are_event_driven_and_nonmutating","exec_time":0.023636083}
{"type":"test","event":"started","name":"liminal-protocol::acceptance_26_44$case_33_observer_recovery_list_selector_and_sizes"}
{"type":"test","event":"ok","name":"liminal-protocol::acceptance_01_25$acceptance_25_configuration_matrix_and_generated_capacity_boundary","exec_time":0.020597}
{"type":"test","event":"ok","name":"liminal-protocol::acceptance_01_25$acceptance_18_identity_ordinals_and_capacity_scope_precedence","exec_time":0.0428265}
{"type":"suite","event":"ok","passed":25,"failed":0,"ignored":0,"measured":0,"filtered_out":0,"exec_time":0.560771832,"nextest":{"crate":"liminal-protocol","test_binary":"acceptance_01_25","kind":"test"}}
{"type":"test","event":"started","name":"liminal-protocol::acceptance_26_44$case_35_atomic_detach_and_terminalized_replay_without_fabricated_epoch"}
{"type":"test","event":"started","name":"liminal-protocol::acceptance_26_44$case_34_ack_and_marker_proof_selector"}
{"type":"test","event":"ok","name":"liminal-protocol::acceptance_26_44$case_30_candidate_order_controls_marker_and_terminal_append_order","exec_time":0.016827667}
{"type":"test","event":"started","name":"liminal-protocol::acceptance_26_44$case_36_attach_receipt_superseded_before_deadline"}
{"type":"test","event":"ok","name":"liminal-protocol::acceptance_26_44$case_26_entry_sequence_equality_snapshot","exec_time":0.024795917}
{"type":"test","event":"started","name":"liminal-protocol::acceptance_26_44$case_37_uniform_marker_plan_position_and_capacity_arithmetic"}
{"type":"test","event":"ok","name":"liminal-protocol::acceptance_26_44$case_27_reconnect_race_and_connection_capacity","exec_time":0.020115042}
{"type":"test","event":"ok","name":"liminal-protocol::acceptance_26_44$case_29_post_leave_enrollment_and_credential_token_replay","exec_time":0.015834584}
{"type":"test","event":"started","name":"liminal-protocol::acceptance_26_44$case_39_total_unknown_stale_unbound_and_retired_precedence"}
{"type":"test","event":"started","name":"liminal-protocol::acceptance_26_44$case_38_delayed_ack_is_keyed_to_explicit_identity_and_generation"}
{"type":"test","event":"ok","name":"liminal-protocol::acceptance_26_44$case_28_detach_replay_terminalization_and_leave_precedence","exec_time":0.015642083}
{"type":"test","event":"started","name":"liminal-protocol::acceptance_26_44$case_40_parking_renegotiation_selects_first_incompatible_dimension"}
{"type":"test","event":"ok","name":"liminal-protocol::acceptance_26_44$case_32_sdk_parking_and_static_record_size_boundaries","exec_time":0.013901166}
{"type":"test","event":"started","name":"liminal-protocol::acceptance_26_44$case_41_pending_detach_replay_and_progress_race"}
{"type":"test","event":"ok","name":"liminal-protocol::acceptance_26_44$case_35_atomic_detach_and_terminalized_replay_without_fabricated_epoch","exec_time":0.014884625}
{"type":"test","event":"started","name":"liminal-protocol::acceptance_26_44$case_42_binding_slot_handoff_and_incarnation_exhaustion"}
{"type":"test","event":"ok","name":"liminal-protocol::acceptance_26_44$case_33_observer_recovery_list_selector_and_sizes","exec_time":0.01603125}
{"type":"test","event":"started","name":"liminal-protocol::acceptance_26_44$case_43_reachable_park_and_transaction_order_exhaustion"}
{"type":"test","event":"ok","name":"liminal-protocol::acceptance_26_44$case_34_ack_and_marker_proof_selector","exec_time":0.015470667}
{"type":"test","event":"started","name":"liminal-protocol::acceptance_26_44$case_44_dcr_leave_fence_and_typed_cursor_release_suffix"}
{"type":"test","event":"ok","name":"liminal-protocol::acceptance_26_44$case_31_sequence_exhaustion_is_atomic_in_both_arms","exec_time":0.020224333}
{"type":"suite","event":"started","test_count":9,"nextest":{"crate":"liminal-protocol","test_binary":"acceptance_45_51","kind":"test"}}
{"type":"test","event":"started","name":"liminal-protocol::acceptance_45_51$acceptance_case_45_uniform_marker_episode_and_per_participant_occurrences"}
{"type":"test","event":"ok","name":"liminal-protocol::acceptance_26_44$case_36_attach_receipt_superseded_before_deadline","exec_time":0.013540959}
{"type":"test","event":"started","name":"liminal-protocol::acceptance_45_51$acceptance_case_46_flat_exit_claim_survives_detach_reattach_and_leave_fate_races"}
{"type":"test","event":"ok","name":"liminal-protocol::acceptance_26_44$case_37_uniform_marker_plan_position_and_capacity_arithmetic","exec_time":0.012679167}
{"type":"test","event":"started","name":"liminal-protocol::acceptance_45_51$acceptance_case_47_canonical_sequence_budgets_and_gap_free_boundary_histories"}
{"type":"test","event":"ok","name":"liminal-protocol::acceptance_26_44$case_38_delayed_ack_is_keyed_to_explicit_identity_and_generation","exec_time":0.013378375}
{"type":"test","event":"started","name":"liminal-protocol::acceptance_45_51$acceptance_case_48_marker_ack_and_fenced_recovery_converge_for_both_observer_orders"}
{"type":"test","event":"ok","name":"liminal-protocol::acceptance_26_44$case_40_parking_renegotiation_selects_first_incompatible_dimension","exec_time":0.013298667}
{"type":"test","event":"ok","name":"liminal-protocol::acceptance_26_44$case_39_total_unknown_stale_unbound_and_retired_precedence","exec_time":0.013046084}
{"type":"test","event":"started","name":"liminal-protocol::acceptance_45_51$acceptance_case_50_reconnect_permits_are_single_use_and_wait_inventory_is_total"}
{"type":"test","event":"started","name":"liminal-protocol::acceptance_45_51$acceptance_case_49_undelivered_marker_is_leave_only_and_never_fenced_recovery"}
{"type":"test","event":"ok","name":"liminal-protocol::acceptance_26_44$case_41_pending_detach_replay_and_progress_race","exec_time":0.016335292}
{"type":"test","event":"started","name":"liminal-protocol::acceptance_45_51$acceptance_case_51_detached_attach_exhaustion_and_cursor_only_recovery_fence"}
{"type":"test","event":"ok","name":"liminal-protocol::acceptance_26_44$case_44_dcr_leave_fence_and_typed_cursor_release_suffix","exec_time":0.014022458}
{"type":"test","event":"started","name":"liminal-protocol::acceptance_45_51$attach_commit_splits_operational_state_and_one_noncloneable_fate_token"}
{"type":"test","event":"ok","name":"liminal-protocol::acceptance_26_44$case_42_binding_slot_handoff_and_incarnation_exhaustion","exec_time":0.014531875}
{"type":"test","event":"started","name":"liminal-protocol::acceptance_45_51$fenced_marker_source_retains_exact_frontier_facts_without_minting"}
{"type":"test","event":"ok","name":"liminal-protocol::acceptance_26_44$case_43_reachable_park_and_transaction_order_exhaustion","exec_time":0.015466167}
{"type":"suite","event":"ok","passed":19,"failed":0,"ignored":0,"measured":0,"filtered_out":0,"exec_time":0.300026378,"nextest":{"crate":"liminal-protocol","test_binary":"acceptance_26_44","kind":"test"}}
{"type":"suite","event":"started","test_count":5,"nextest":{"crate":"liminal-protocol","test_binary":"acceptance_52_56","kind":"test"}}
{"type":"test","event":"started","name":"liminal-protocol::acceptance_52_56$acceptance_case_52_one_shot_recovery_phase_latch_and_handshake_limits"}
{"type":"test","event":"ok","name":"liminal-protocol::acceptance_45_51$acceptance_case_46_flat_exit_claim_survives_detach_reattach_and_leave_fate_races","exec_time":0.014056959}
{"type":"test","event":"started","name":"liminal-protocol::acceptance_52_56$acceptance_case_53_verifier_precedence_receipt_provenance_and_terminalized_detach"}
{"type":"test","event":"ok","name":"liminal-protocol::acceptance_45_51$acceptance_case_48_marker_ack_and_fenced_recovery_converge_for_both_observer_orders","exec_time":0.014787667}
{"type":"test","event":"started","name":"liminal-protocol::acceptance_52_56$acceptance_case_54_multi_binding_shutdown_families_and_participant_scoped_progress"}
{"type":"test","event":"ok","name":"liminal-protocol::acceptance_45_51$acceptance_case_45_uniform_marker_episode_and_per_participant_occurrences","exec_time":0.015371959}
{"type":"test","event":"started","name":"liminal-protocol::acceptance_52_56$acceptance_case_55_adjacent_and_intervening_positional_leave_crash_replay"}
{"type":"test","event":"ok","name":"liminal-protocol::acceptance_45_51$acceptance_case_47_canonical_sequence_budgets_and_gap_free_boundary_histories","exec_time":0.01592675}
{"type":"test","event":"started","name":"liminal-protocol::acceptance_52_56$acceptance_case_56_sequence_equality_and_pcp_ordering_without_occurrence_array"}
{"type":"test","event":"ok","name":"liminal-protocol::acceptance_45_51$acceptance_case_49_undelivered_marker_is_leave_only_and_never_fenced_recovery","exec_time":0.018461917}
{"type":"suite","event":"started","test_count":6,"nextest":{"crate":"liminal-protocol","test_binary":"algebra_fixtures","kind":"test"}}
{"type":"test","event":"started","name":"liminal-protocol::algebra_fixtures$byte_budget_recovery_and_leave_releases_restore_full_k"}
{"type":"test","event":"ok","name":"liminal-protocol::acceptance_45_51$attach_commit_splits_operational_state_and_one_noncloneable_fate_token","exec_time":0.0105505}
{"type":"test","event":"started","name":"liminal-protocol::algebra_fixtures$byte_budget_walk_tests_every_removal_candidate"}
{"type":"test","event":"ok","name":"liminal-protocol::acceptance_45_51$acceptance_case_51_detached_attach_exhaustion_and_cursor_only_recovery_fence","exec_time":0.01268675}
{"type":"test","event":"started","name":"liminal-protocol::algebra_fixtures$multi_binding_debt_walk_respects_q_and_full_k"}
{"type":"test","event":"ok","name":"liminal-protocol::acceptance_45_51$fenced_marker_source_retains_exact_frontier_facts_without_minting","exec_time":0.011098292}
{"type":"test","event":"started","name":"liminal-protocol::algebra_fixtures$required_capacity_component_copies_have_exact_debts"}
{"type":"test","event":"ok","name":"liminal-protocol::acceptance_52_56$acceptance_case_54_multi_binding_shutdown_families_and_participant_scoped_progress","exec_time":0.012274875}
{"type":"test","event":"started","name":"liminal-protocol::algebra_fixtures$startup_equality_checks_both_one_below_components"}
{"type":"test","event":"ok","name":"liminal-protocol::acceptance_52_56$acceptance_case_53_verifier_precedence_receipt_provenance_and_terminalized_detach","exec_time":0.012723167}
{"type":"test","event":"started","name":"liminal-protocol::algebra_fixtures$three_member_admission_walk_is_marker_credit_neutral"}
{"type":"test","event":"ok","name":"liminal-protocol::acceptance_52_56$acceptance_case_55_adjacent_and_intervening_positional_leave_crash_replay","exec_time":0.012059875}
{"type":"suite","event":"started","test_count":5,"nextest":{"crate":"liminal-protocol","test_binary":"conversation_restore","kind":"test"}}
{"type":"test","event":"started","name":"liminal-protocol::conversation_restore$public_restore_cannot_conjure_binding_authority_without_a_producer_origin"}
{"type":"test","event":"ok","name":"liminal-protocol::acceptance_52_56$acceptance_case_52_one_shot_recovery_phase_latch_and_handshake_limits","exec_time":0.015989708}
{"type":"test","event":"started","name":"liminal-protocol::conversation_restore$public_total_restore_refuses_cross_conversation_tombstones"}
{"type":"test","event":"ok","name":"liminal-protocol::acceptance_52_56$acceptance_case_56_sequence_equality_and_pcp_ordering_without_occurrence_array","exec_time":0.011455667}
{"type":"suite","event":"ok","passed":5,"failed":0,"ignored":0,"measured":0,"filtered_out":0,"exec_time":0.064503292,"nextest":{"crate":"liminal-protocol","test_binary":"acceptance_52_56","kind":"test"}}
{"type":"test","event":"started","name":"liminal-protocol::conversation_restore$public_total_restore_refuses_duplicate_participants"}
{"type":"test","event":"ok","name":"liminal-protocol::algebra_fixtures$multi_binding_debt_walk_respects_q_and_full_k","exec_time":0.011334542}
{"type":"test","event":"started","name":"liminal-protocol::conversation_restore$public_total_restore_refuses_frontier_participants_without_capsules"}
{"type":"test","event":"ok","name":"liminal-protocol::algebra_fixtures$byte_budget_walk_tests_every_removal_candidate","exec_time":0.012262291}
{"type":"test","event":"started","name":"liminal-protocol::conversation_restore$public_total_restore_validates_a_settled_conversation"}
{"type":"test","event":"ok","name":"liminal-protocol::algebra_fixtures$byte_budget_recovery_and_leave_releases_restore_full_k","exec_time":0.014079833}
{"type":"suite","event":"started","test_count":4,"nextest":{"crate":"liminal-protocol","test_binary":"properties","kind":"test"}}
{"type":"test","event":"started","name":"liminal-protocol::properties$ack_interleavings_are_serializable_and_monotone"}
{"type":"test","event":"ok","name":"liminal-protocol::algebra_fixtures$required_capacity_component_copies_have_exact_debts","exec_time":0.014448458}
{"type":"test","event":"started","name":"liminal-protocol::properties$crash_replay_of_ack_transition_is_identical"}
{"type":"test","event":"ok","name":"liminal-protocol::algebra_fixtures$three_member_admission_walk_is_marker_credit_neutral","exec_time":0.014613958}
{"type":"test","event":"started","name":"liminal-protocol::properties$crash_replay_of_storage_selectors_is_identical"}
{"type":"test","event":"ok","name":"liminal-protocol::algebra_fixtures$startup_equality_checks_both_one_below_components","exec_time":0.015220709}
{"type":"suite","event":"ok","passed":6,"failed":0,"ignored":0,"measured":0,"filtered_out":0,"exec_time":0.081959791,"nextest":{"crate":"liminal-protocol","test_binary":"algebra_fixtures","kind":"test"}}
{"type":"test","event":"started","name":"liminal-protocol::properties$the_marker_clamp_lowers_and_the_installed_floor_stays_inside_its_interval"}
{"type":"test","event":"ok","name":"liminal-protocol::conversation_restore$public_restore_cannot_conjure_binding_authority_without_a_producer_origin","exec_time":0.016624875}
{"type":"suite","event":"started","test_count":340,"nextest":{"crate":"liminal-rs","test_binary":"liminal","kind":"lib"}}
{"type":"test","event":"started","name":"liminal-rs::liminal$causal::orderer::tests::buffers_child_until_parent_emits"}
{"type":"test","event":"ok","name":"liminal-protocol::conversation_restore$public_total_restore_refuses_duplicate_participants","exec_time":0.016808333}
{"type":"test","event":"started","name":"liminal-rs::liminal$causal::orderer::tests::independent_messages_emit_immediately"}
{"type":"test","event":"ok","name":"liminal-protocol::conversation_restore$public_total_restore_refuses_cross_conversation_tombstones","exec_time":0.016591292}
{"type":"test","event":"started","name":"liminal-rs::liminal$causal::orderer::tests::orphan_drain_keeps_buffered_chain_in_causal_order"}
{"type":"test","event":"ok","name":"liminal-protocol::conversation_restore$public_total_restore_refuses_frontier_participants_without_capsules","exec_time":0.011270584}
{"type":"test","event":"started","name":"liminal-rs::liminal$causal::orderer::tests::orphan_timeout_emits_with_warning_flag"}
{"type":"test","event":"ok","name":"liminal-protocol::conversation_restore$public_total_restore_validates_a_settled_conversation","exec_time":0.011235875}
{"type":"suite","event":"ok","passed":5,"failed":0,"ignored":0,"measured":0,"filtered_out":0,"exec_time":0.072530959,"nextest":{"crate":"liminal-protocol","test_binary":"conversation_restore","kind":"test"}}
{"type":"test","event":"started","name":"liminal-rs::liminal$causal::tests::child_context_carries_parent_reference"}
{"type":"test","event":"ok","name":"liminal-protocol::properties$crash_replay_of_storage_selectors_is_identical","exec_time":0.025562125}
{"type":"test","event":"started","name":"liminal-rs::liminal$causal::tests::generated_message_ids_are_unique"}
{"type":"test","event":"ok","name":"liminal-protocol::properties$crash_replay_of_ack_transition_is_identical","exec_time":0.030899417}
{"type":"test","event":"started","name":"liminal-rs::liminal$causal::tests::happened_before_follows_full_parent_chain"}
{"type":"test","event":"ok","name":"liminal-rs::liminal$causal::tests::child_context_carries_parent_reference","exec_time":0.030047084}
{"type":"test","event":"started","name":"liminal-rs::liminal$causal::tests::root_context_has_no_parent"}
{"type":"test","event":"ok","name":"liminal-protocol::properties$the_marker_clamp_lowers_and_the_installed_floor_stays_inside_its_interval","exec_time":0.033256458}
{"type":"test","event":"started","name":"liminal-rs::liminal$channel::schema::tests::evolution_adds_defaulted_field_and_changes_schema_id"}
{"type":"test","event":"ok","name":"liminal-rs::liminal$causal::orderer::tests::buffers_child_until_parent_emits","exec_time":0.033424833}
{"type":"test","event":"started","name":"liminal-rs::liminal$channel::schema::tests::evolution_rejects_non_object_schema"}
{"type":"test","event":"ok","name":"liminal-rs::liminal$causal::orderer::tests::orphan_drain_keeps_buffered_chain_in_causal_order","exec_time":0.033391791}
{"type":"test","event":"ok","name":"liminal-rs::liminal$causal::orderer::tests::orphan_timeout_emits_with_warning_flag","exec_time":0.033357417}
{"type":"test","event":"started","name":"liminal-rs::liminal$channel::schema::tests::schema_is_clone_send_sync"}
{"type":"test","event":"started","name":"liminal-rs::liminal$channel::schema::tests::explicit_schema_id_is_preserved"}
{"type":"test","event":"ok","name":"liminal-rs::liminal$causal::orderer::tests::independent_messages_emit_immediately","exec_time":0.033286041}
{"type":"test","event":"started","name":"liminal-rs::liminal$channel::schema::tests::validates_payload_against_json_schema"}
{"type":"test","event":"ok","name":"liminal-protocol::properties$ack_interleavings_are_serializable_and_monotone","exec_time":0.04977925}
{"type":"suite","event":"ok","passed":4,"failed":0,"ignored":0,"measured":0,"filtered_out":0,"exec_time":0.13949725,"nextest":{"crate":"liminal-protocol","test_binary":"properties","kind":"test"}}
{"type":"test","event":"started","name":"liminal-rs::liminal$channel::subscription::cooperative_smoke::real_subscriber_process_delivers_a_published_envelope_cooperatively"}
{"type":"test","event":"ok","name":"liminal-rs::liminal$causal::tests::happened_before_follows_full_parent_chain","exec_time":0.016146666}
{"type":"test","event":"started","name":"liminal-rs::liminal$channel::subscription::inbox_bounding::charge_and_release_are_exact"}
{"type":"test","event":"ok","name":"liminal-rs::liminal$causal::tests::generated_message_ids_are_unique","exec_time":0.017801833}
{"type":"test","event":"started","name":"liminal-rs::liminal$channel::subscription::inbox_bounding::close_is_idempotent_and_drains_the_queue"}
{"type":"test","event":"ok","name":"liminal-rs::liminal$causal::tests::root_context_has_no_parent","exec_time":0.017148625}
{"type":"test","event":"started","name":"liminal-rs::liminal$channel::subscription::inbox_bounding::close_releases_queued_charges_so_siblings_recover"}
{"type":"test","event":"ok","name":"liminal-rs::liminal$channel::schema::tests::schema_is_clone_send_sync","exec_time":0.018663208}
{"type":"test","event":"started","name":"liminal-rs::liminal$channel::subscription::inbox_bounding::closed_inbox_refuses_without_charging"}
{"type":"test","event":"ok","name":"liminal-rs::liminal$channel::subscription::inbox_bounding::charge_and_release_are_exact","exec_time":0.029117791}
{"type":"test","event":"started","name":"liminal-rs::liminal$channel::subscription::inbox_bounding::drop_backstop_releases_queued_charges"}
{"type":"test","event":"ok","name":"liminal-rs::liminal$channel::subscription::inbox_bounding::closed_inbox_refuses_without_charging","exec_time":0.040817417}
{"type":"test","event":"ok","name":"liminal-rs::liminal$channel::subscription::cooperative_smoke::real_subscriber_process_delivers_a_published_envelope_cooperatively","exec_time":0.054022917}
{"type":"test","event":"started","name":"liminal-rs::liminal$channel::subscription::inbox_bounding::notifier_install_onto_non_empty_inbox_fires_once"}
{"type":"test","event":"ok","name":"liminal-rs::liminal$channel::subscription::inbox_bounding::close_is_idempotent_and_drains_the_queue","exec_time":0.051153666}
{"type":"test","event":"started","name":"liminal-rs::liminal$channel::subscription::inbox_bounding::notifier_fires_only_on_empty_to_non_empty_transition"}
{"type":"test","event":"started","name":"liminal-rs::liminal$channel::subscription::inbox_bounding::overflow_sheds_and_does_not_grow_memory"}
{"type":"test","event":"ok","name":"liminal-rs::liminal$channel::subscription::inbox_bounding::close_releases_queued_charges_so_siblings_recover","exec_time":0.045380334}
{"type":"test","event":"started","name":"liminal-rs::liminal$channel::subscription::inbox_bounding::per_entry_charge_ownership_survives_budget_install"}
{"type":"test","event":"ok","name":"liminal-rs::liminal$channel::schema::tests::evolution_rejects_non_object_schema","exec_time":0.059669708}
{"type":"test","event":"started","name":"liminal-rs::liminal$channel::subscription::inbox_bounding::per_inbox_fairness_trip_stops_one_inbox_starving_siblings"}
{"type":"test","event":"ok","name":"liminal-rs::liminal$channel::schema::tests::explicit_schema_id_is_preserved","exec_time":0.059665125}
{"type":"test","event":"started","name":"liminal-rs::liminal$channel::subscription::inbox_bounding::shared_budget_is_spent_across_all_a_connections_inboxes"}
{"type":"test","event":"ok","name":"liminal-rs::liminal$channel::subscription::inbox_bounding::drop_backstop_releases_queued_charges","exec_time":0.021688541}
{"type":"test","event":"started","name":"liminal-rs::liminal$channel::tests::channel_restarts_after_crash_and_publish_succeeds"}
{"type":"test","event":"ok","name":"liminal-rs::liminal$channel::schema::tests::validates_payload_against_json_schema","exec_time":0.059724292}
{"type":"test","event":"started","name":"liminal-rs::liminal$channel::tests::command_on_dead_actor_returns_promptly_not_after_timeout"}
{"type":"test","event":"ok","name":"liminal-rs::liminal$channel::schema::tests::evolution_adds_defaulted_field_and_changes_schema_id","exec_time":0.064879291}
{"type":"test","event":"started","name":"liminal-rs::liminal$channel::tests::dropping_subscription_removes_subscriber_via_exit"}
{"type":"test","event":"ok","name":"liminal-rs::liminal$channel::subscription::inbox_bounding::per_entry_charge_ownership_survives_budget_install","exec_time":0.014340917}
{"type":"test","event":"started","name":"liminal-rs::liminal$channel::tests::evolved_schema_keeps_existing_subscriber_and_applies_default"}
{"type":"test","event":"ok","name":"liminal-rs::liminal$channel::subscription::inbox_bounding::notifier_install_onto_non_empty_inbox_fires_once","exec_time":0.014588291}
{"type":"test","event":"ok","name":"liminal-rs::liminal$channel::subscription::inbox_bounding::per_inbox_fairness_trip_stops_one_inbox_starving_siblings","exec_time":0.015086042}
{"type":"test","event":"ok","name":"liminal-rs::liminal$channel::subscription::inbox_bounding::shared_budget_is_spent_across_all_a_connections_inboxes","exec_time":0.014660667}
{"type":"test","event":"started","name":"liminal-rs::liminal$channel::tests::is_actor_spawned_reports_an_idle_channel_without_spawning_it"}
{"type":"test","event":"started","name":"liminal-rs::liminal$channel::tests::is_actor_spawned_is_true_once_an_operation_forces_the_actor"}
{"type":"test","event":"ok","name":"liminal-rs::liminal$channel::subscription::inbox_bounding::overflow_sheds_and_does_not_grow_memory","exec_time":0.015480375}
{"type":"test","event":"started","name":"liminal-rs::liminal$channel::tests::max_restarts_budget_bounds_restarts"}
{"type":"test","event":"started","name":"liminal-rs::liminal$channel::tests::explicit_unsubscribe_removes_subscriber"}
{"type":"test","event":"ok","name":"liminal-rs::liminal$channel::subscription::inbox_bounding::notifier_fires_only_on_empty_to_non_empty_transition","exec_time":0.016766958}
{"type":"test","event":"started","name":"liminal-rs::liminal$channel::tests::predicate_subscription_only_receives_matching_messages"}
{"type":"test","event":"ok","name":"liminal-rs::liminal$channel::tests::is_actor_spawned_reports_an_idle_channel_without_spawning_it","exec_time":0.028610584}
{"type":"test","event":"ok","name":"liminal-rs::liminal$channel::tests::command_on_dead_actor_returns_promptly_not_after_timeout","exec_time":0.04428725}
{"type":"test","event":"ok","name":"liminal-rs::liminal$channel::tests::channel_restarts_after_crash_and_publish_succeeds","exec_time":0.044374542}
{"type":"test","event":"ok","name":"liminal-rs::liminal$channel::tests::evolved_schema_keeps_existing_subscriber_and_applies_default","exec_time":0.029766542}
{"type":"test","event":"ok","name":"liminal-rs::liminal$channel::tests::predicate_subscription_only_receives_matching_messages","exec_time":0.027503125}
{"type":"test","event":"ok","name":"liminal-rs::liminal$channel::tests::max_restarts_budget_bounds_restarts","exec_time":0.027082333}
{"type":"test","event":"started","name":"liminal-rs::liminal$channel::tests::publish_after_close_is_rejected"}
{"type":"test","event":"started","name":"liminal-rs::liminal$channel::tests::restarting_one_channel_does_not_disturb_another"}
{"type":"test","event":"started","name":"liminal-rs::liminal$channel::tests::registry_creates_looks_up_lists_and_rejects_duplicates"}
{"type":"test","event":"started","name":"liminal-rs::liminal$channel::tests::restart_policy_never_is_configurable"}
{"type":"test","event":"started","name":"liminal-rs::liminal$channel::tests::publish_invalid_message_returns_schema_mismatch_without_delivery"}
{"type":"test","event":"started","name":"liminal-rs::liminal$channel::tests::publish_valid_message_delivers_envelope"}
{"type":"test","event":"ok","name":"liminal-rs::liminal$channel::tests::is_actor_spawned_is_true_once_an_operation_forces_the_actor","exec_time":0.028393375}
{"type":"test","event":"started","name":"liminal-rs::liminal$channel::tests::separate_channels_are_independent_processes"}
{"type":"test","event":"ok","name":"liminal-rs::liminal$channel::tests::explicit_unsubscribe_removes_subscriber","exec_time":0.062297708}
{"type":"test","event":"started","name":"liminal-rs::liminal$channel::tests::subscriber_death_detection_survives_restart"}
{"type":"test","event":"ok","name":"liminal-rs::liminal$channel::tests::publish_invalid_message_returns_schema_mismatch_without_delivery","exec_time":0.033433084}
{"type":"test","event":"started","name":"liminal-rs::liminal$channel::wire::tests::magic_is_stable"}
{"type":"test","event":"ok","name":"liminal-rs::liminal$channel::tests::registry_creates_looks_up_lists_and_rejects_duplicates","exec_time":0.034707458}
{"type":"test","event":"started","name":"liminal-rs::liminal$channel::wire::tests::rejects_a_truncated_frame"}
{"type":"test","event":"ok","name":"liminal-rs::liminal$channel::tests::dropping_subscription_removes_subscriber_via_exit","exec_time":0.076026208}
{"type":"test","event":"started","name":"liminal-rs::liminal$channel::wire::tests::rejects_an_empty_frame"}
{"type":"test","event":"ok","name":"liminal-rs::liminal$channel::tests::restarting_one_channel_does_not_disturb_another","exec_time":0.036509834}
{"type":"test","event":"started","name":"liminal-rs::liminal$channel::wire::tests::rejects_an_unknown_magic"}
{"type":"test","event":"ok","name":"liminal-rs::liminal$channel::tests::publish_after_close_is_rejected","exec_time":0.036715792}
{"type":"test","event":"started","name":"liminal-rs::liminal$channel::wire::tests::round_trips_a_full_envelope"}
{"type":"test","event":"ok","name":"liminal-rs::liminal$channel::tests::publish_valid_message_delivers_envelope","exec_time":0.045771917}
{"type":"test","event":"started","name":"liminal-rs::liminal$channel::wire::tests::round_trips_an_envelope_without_causal_context"}
{"type":"test","event":"ok","name":"liminal-rs::liminal$channel::tests::restart_policy_never_is_configurable","exec_time":0.04592075}
{"type":"test","event":"started","name":"liminal-rs::liminal$conversation::actor::tests::abnormal_exit_racing_close_is_recorded_without_reopening_phase"}
{"type":"test","event":"ok","name":"liminal-rs::liminal$channel::wire::tests::rejects_an_empty_frame","exec_time":0.011028333}
{"type":"test","event":"started","name":"liminal-rs::liminal$conversation::actor::tests::actor_is_spawned_linked_and_queryable"}
{"type":"test","event":"ok","name":"liminal-rs::liminal$channel::wire::tests::magic_is_stable","exec_time":0.012807459}
{"type":"test","event":"started","name":"liminal-rs::liminal$conversation::actor::tests::bare_actor_exit_removes_registrations_without_restart_or_close"}
{"type":"test","event":"ok","name":"liminal-rs::liminal$channel::tests::separate_channels_are_independent_processes","exec_time":0.0468635}
{"type":"test","event":"started","name":"liminal-rs::liminal$conversation::actor::tests::blocked_receive_is_released_by_finalize"}
{"type":"test","event":"ok","name":"liminal-rs::liminal$channel::wire::tests::rejects_a_truncated_frame","exec_time":0.0121465}
{"type":"test","event":"started","name":"liminal-rs::liminal$conversation::actor::tests::boot_discovered_death_under_fail_policy_fails_conversation_honestly"}
{"type":"test","event":"ok","name":"liminal-rs::liminal$channel::wire::tests::round_trips_a_full_envelope","exec_time":0.012806917}
{"type":"test","event":"started","name":"liminal-rs::liminal$conversation::actor::tests::boot_records_death_that_occurred_while_actor_was_down_and_continues"}
{"type":"test","event":"ok","name":"liminal-rs::liminal$channel::wire::tests::rejects_an_unknown_magic","exec_time":0.014561458}
{"type":"test","event":"started","name":"liminal-rs::liminal$conversation::actor::tests::boot_wait_is_bounded_and_purges_the_queued_command"}
{"type":"test","event":"ok","name":"liminal-rs::liminal$channel::wire::tests::round_trips_an_envelope_without_causal_context","exec_time":0.011356709}
{"type":"test","event":"started","name":"liminal-rs::liminal$conversation::actor::tests::close_and_finalize_suppress_expected_watcher_exit"}
{"type":"test","event":"ok","name":"liminal-rs::liminal$conversation::actor::tests::actor_is_spawned_linked_and_queryable","exec_time":0.018208583}
{"type":"test","event":"started","name":"liminal-rs::liminal$conversation::actor::tests::closing_conversation_terminates_and_deregisters_participant"}
{"type":"test","event":"ok","name":"liminal-rs::liminal$conversation::actor::tests::bare_actor_exit_removes_registrations_without_restart_or_close","exec_time":0.01793925}
{"type":"test","event":"ok","name":"liminal-rs::liminal$conversation::actor::tests::blocked_receive_is_released_by_finalize","exec_time":0.017859875}
{"type":"test","event":"ok","name":"liminal-rs::liminal$conversation::actor::tests::abnormal_exit_racing_close_is_recorded_without_reopening_phase","exec_time":0.018391541}
{"type":"test","event":"started","name":"liminal-rs::liminal$conversation::actor::tests::finalize_racing_respawn_leaves_no_processes_or_registrations"}
{"type":"test","event":"started","name":"liminal-rs::liminal$conversation::actor::tests::external_watcher_kill_fails_and_finalizes_conversation"}
{"type":"test","event":"started","name":"liminal-rs::liminal$conversation::actor::tests::command_enqueued_after_finalize_is_rejected"}
{"type":"test","event":"ok","name":"liminal-rs::liminal$conversation::actor::tests::boot_discovered_death_under_fail_policy_fails_conversation_honestly","exec_time":0.018924958}
{"type":"test","event":"started","name":"liminal-rs::liminal$conversation::actor::tests::finalized_conversation_refuses_all_operations_without_respawn"}
{"type":"test","event":"ok","name":"liminal-rs::liminal$conversation::actor::tests::boot_records_death_that_occurred_while_actor_was_down_and_continues","exec_time":0.016254833}
{"type":"test","event":"started","name":"liminal-rs::liminal$conversation::actor::tests::handle_progresses_created_active_closed_lifecycle"}
{"type":"test","event":"ok","name":"liminal-rs::liminal$conversation::actor::tests::close_and_finalize_suppress_expected_watcher_exit","exec_time":0.015668333}
{"type":"test","event":"started","name":"liminal-rs::liminal$conversation::actor::tests::notify_on_already_dead_participant_fires_immediately"}
{"type":"test","event":"ok","name":"liminal-rs::liminal$conversation::actor::tests::command_enqueued_after_finalize_is_rejected","exec_time":0.014357875}
{"type":"test","event":"started","name":"liminal-rs::liminal$conversation::actor::tests::parked_unlinked_watcher_wake_probes_and_self_terminates"}
{"type":"test","event":"ok","name":"liminal-rs::liminal$conversation::actor::tests::closing_conversation_terminates_and_deregisters_participant","exec_time":0.016331583}
{"type":"test","event":"started","name":"liminal-rs::liminal$conversation::actor::tests::participant_death_arrives_as_trapped_exit_without_timeout"}
{"type":"test","event":"ok","name":"liminal-rs::liminal$conversation::actor::tests::finalized_conversation_refuses_all_operations_without_respawn","exec_time":0.015241667}
{"type":"test","event":"started","name":"liminal-rs::liminal$conversation::actor::tests::repeated_open_close_pins_bounded_registries"}
{"type":"test","event":"ok","name":"liminal-rs::liminal$conversation::actor::tests::finalize_racing_respawn_leaves_no_processes_or_registrations","exec_time":0.018318708}
{"type":"test","event":"started","name":"liminal-rs::liminal$conversation::actor::tests::restart_after_recorded_participant_crash_prunes_dead_pid_without_duplicate"}
{"type":"test","event":"ok","name":"liminal-rs::liminal$channel::tests::subscriber_death_detection_survives_restart","exec_time":0.051144458}
{"type":"test","event":"started","name":"liminal-rs::liminal$conversation::actor::tests::spawn_rolls_back_when_actor_dies_between_watcher_arm_and_boot"}
{"type":"test","event":"ok","name":"liminal-rs::liminal$conversation::actor::tests::participant_death_arrives_as_trapped_exit_without_timeout","exec_time":0.024257}
{"type":"test","event":"started","name":"liminal-rs::liminal$conversation::actor::tests::stale_watcher_exit_is_ignored_by_identity_check"}
{"type":"test","event":"ok","name":"liminal-rs::liminal$conversation::actor::tests::external_watcher_kill_fails_and_finalizes_conversation","exec_time":0.050410917}
{"type":"test","event":"started","name":"liminal-rs::liminal$conversation::actor::tests::supervisor_restarts_only_crashed_actor"}
{"type":"test","event":"ok","name":"liminal-rs::liminal$conversation::actor::tests::parked_unlinked_watcher_wake_probes_and_self_terminates","exec_time":0.077086542}
{"type":"test","event":"started","name":"liminal-rs::liminal$conversation::actor::tests::watcher_is_linked_to_actor_after_open"}
{"type":"test","event":"ok","name":"liminal-rs::liminal$conversation::actor::tests::handle_progresses_created_active_closed_lifecycle","exec_time":0.087054625}
{"type":"test","event":"started","name":"liminal-rs::liminal$conversation::actor::tests::watcher_probe_reaps_already_dead_target_instead_of_parking"}
{"type":"test","event":"ok","name":"liminal-rs::liminal$conversation::actor::tests::restart_after_recorded_participant_crash_prunes_dead_pid_without_duplicate","exec_time":0.075237584}
{"type":"test","event":"started","name":"liminal-rs::liminal$conversation::patterns::tests::ask_echo_round_trips_payload"}
{"type":"test","event":"ok","name":"liminal-rs::liminal$conversation::actor::tests::notify_on_already_dead_participant_fires_immediately","exec_time":0.08569125}
{"type":"test","event":"ok","name":"liminal-rs::liminal$conversation::actor::tests::spawn_rolls_back_when_actor_dies_between_watcher_arm_and_boot","exec_time":0.080097125}
{"type":"test","event":"started","name":"liminal-rs::liminal$conversation::patterns::tests::ask_returns_real_participant_reply"}
{"type":"test","event":"ok","name":"liminal-rs::liminal$conversation::actor::tests::supervisor_restarts_only_crashed_actor","exec_time":0.049091875}
{"type":"test","event":"started","name":"liminal-rs::liminal$conversation::patterns::tests::ask_reports_participant_crash_before_reply"}
{"type":"test","event":"started","name":"liminal-rs::liminal$conversation::patterns::tests::ask_times_out_when_participant_never_replies"}
{"type":"test","event":"ok","name":"liminal-rs::liminal$conversation::actor::tests::stale_watcher_exit_is_ignored_by_identity_check","exec_time":0.061914167}
{"type":"test","event":"started","name":"liminal-rs::liminal$conversation::types::tests::child_conversation_references_parent_trace_context"}
{"type":"test","event":"ok","name":"liminal-rs::liminal$conversation::actor::tests::boot_wait_is_bounded_and_purges_the_queued_command","exec_time":0.117360709}
{"type":"test","event":"started","name":"liminal-rs::liminal$conversation::types::tests::conversation_handle_is_clone_send_sync"}
{"type":"test","event":"ok","name":"liminal-rs::liminal$conversation::actor::tests::watcher_is_linked_to_actor_after_open","exec_time":0.017855708}
{"type":"test","event":"started","name":"liminal-rs::liminal$conversation::types::tests::message_mapping_preserves_trace_context"}
{"type":"test","event":"ok","name":"liminal-rs::liminal$conversation::actor::tests::watcher_probe_reaps_already_dead_target_instead_of_parking","exec_time":0.018051375}
{"type":"test","event":"ok","name":"liminal-rs::liminal$conversation::patterns::tests::ask_echo_round_trips_payload","exec_time":0.018097333}
{"type":"test","event":"started","name":"liminal-rs::liminal$conversation::types::tests::starting_conversation_creates_named_span_with_fresh_trace_context"}
{"type":"test","event":"started","name":"liminal-rs::liminal$conversation::types::tests::messages_inherit_conversation_trace_context_automatically"}
{"type":"test","event":"ok","name":"liminal-rs::liminal$conversation::patterns::tests::ask_returns_real_participant_reply","exec_time":0.01442275}
{"type":"test","event":"started","name":"liminal-rs::liminal$durability::bridge::tests::block_on_fails_loudly_and_fast_on_always_pending_future"}
{"type":"test","event":"ok","name":"liminal-rs::liminal$conversation::patterns::tests::ask_reports_participant_crash_before_reply","exec_time":0.015129042}
{"type":"test","event":"started","name":"liminal-rs::liminal$durability::bridge::tests::block_on_returns_value_from_ready_future"}
{"type":"test","event":"ok","name":"liminal-rs::liminal$conversation::types::tests::child_conversation_references_parent_trace_context","exec_time":0.013740958}
{"type":"test","event":"started","name":"liminal-rs::liminal$durability::conversation::tests::append_advances_sequence_and_conflict_is_not_retried"}
{"type":"test","event":"ok","name":"liminal-rs::liminal$conversation::types::tests::conversation_handle_is_clone_send_sync","exec_time":0.011749041}
{"type":"test","event":"started","name":"liminal-rs::liminal$durability::conversation::tests::event_serialization_round_trips_all_variants"}
{"type":"test","event":"ok","name":"liminal-rs::liminal$conversation::types::tests::message_mapping_preserves_trace_context","exec_time":0.019623792}
{"type":"test","event":"ok","name":"liminal-rs::liminal$conversation::types::tests::messages_inherit_conversation_trace_context_automatically","exec_time":0.019361125}
{"type":"test","event":"ok","name":"liminal-rs::liminal$durability::conversation::tests::append_advances_sequence_and_conflict_is_not_retried","exec_time":0.015587541}
{"type":"test","event":"started","name":"liminal-rs::liminal$durability::conversation::tests::never_seen_delivery_appends_received_event_and_starts"}
{"type":"test","event":"started","name":"liminal-rs::liminal$durability::conversation::tests::fully_processed_redelivery_is_no_op"}
{"type":"test","event":"ok","name":"liminal-rs::liminal$durability::bridge::tests::block_on_returns_value_from_ready_future","exec_time":0.015689334}
{"type":"test","event":"started","name":"liminal-rs::liminal$durability::conversation::tests::recovery_replays_event_log_and_sets_expected_sequence"}
{"type":"test","event":"started","name":"liminal-rs::liminal$durability::conversation::tests::partial_redelivery_resumes_after_last_completed_step"}
{"type":"test","event":"ok","name":"liminal-rs::liminal$conversation::types::tests::starting_conversation_creates_named_span_with_fresh_trace_context","exec_time":0.019260458}
{"type":"test","event":"started","name":"liminal-rs::liminal$durability::conversation::tests::replaying_same_events_twice_produces_identical_state"}
{"type":"test","event":"ok","name":"liminal-rs::liminal$durability::conversation::tests::event_serialization_round_trips_all_variants","exec_time":0.01573325}
{"type":"test","event":"ok","name":"liminal-rs::liminal$durability::bridge::tests::block_on_fails_loudly_and_fast_on_always_pending_future","exec_time":0.016904375}
{"type":"test","event":"started","name":"liminal-rs::liminal$durability::cursor::tests::checkpoint_returns_regression_for_stale_or_backward_offsets"}
{"type":"test","event":"started","name":"liminal-rs::liminal$durability::conversation::tests::state_default_is_empty_and_helpers_track_finished_and_steps"}
{"type":"test","event":"ok","name":"liminal-rs::liminal$durability::conversation::tests::partial_redelivery_resumes_after_last_completed_step","exec_time":0.019503459}
{"type":"test","event":"started","name":"liminal-rs::liminal$durability::cursor::tests::checkpoint_uses_current_offset_key_and_updates_on_success"}
{"type":"test","event":"ok","name":"liminal-rs::liminal$durability::conversation::tests::never_seen_delivery_appends_received_event_and_starts","exec_time":0.019740041}
{"type":"test","event":"ok","name":"liminal-rs::liminal$durability::conversation::tests::fully_processed_redelivery_is_no_op","exec_time":0.01973075}
{"type":"test","event":"ok","name":"liminal-rs::liminal$durability::cursor::tests::checkpoint_returns_regression_for_stale_or_backward_offsets","exec_time":0.019688666}
{"type":"test","event":"started","name":"liminal-rs::liminal$durability::cursor::tests::explicit_flush_driver_checkpoints_only_on_flush"}
{"type":"test","event":"started","name":"liminal-rs::liminal$durability::cursor::tests::cursor_constructors_expose_partition_state_and_debug_clone"}
{"type":"test","event":"started","name":"liminal-rs::liminal$durability::cursor::tests::driver_can_be_built_from_durability_config"}
{"type":"test","event":"ok","name":"liminal-rs::liminal$durability::conversation::tests::recovery_replays_event_log_and_sets_expected_sequence","exec_time":0.019862792}
{"type":"test","event":"started","name":"liminal-rs::liminal$durability::cursor::tests::per_batch_driver_waits_for_batch_size_then_resets"}
{"type":"test","event":"ok","name":"liminal-rs::liminal$durability::conversation::tests::replaying_same_events_twice_produces_identical_state","exec_time":0.019872958}
{"type":"test","event":"started","name":"liminal-rs::liminal$durability::cursor::tests::per_message_driver_checkpoints_each_message_and_resets"}
{"type":"test","event":"ok","name":"liminal-rs::liminal$durability::conversation::tests::state_default_is_empty_and_helpers_track_finished_and_steps","exec_time":0.033843083}
{"type":"test","event":"started","name":"liminal-rs::liminal$durability::cursor::tests::resume_reads_persisted_offset_without_writing"}
{"type":"test","event":"ok","name":"liminal-rs::liminal$durability::cursor::tests::explicit_flush_driver_checkpoints_only_on_flush","exec_time":0.016009583}
{"type":"test","event":"started","name":"liminal-rs::liminal$durability::cursor::tests::resume_without_persisted_offset_starts_at_zero"}
{"type":"test","event":"ok","name":"liminal-rs::liminal$durability::cursor::tests::per_message_driver_checkpoints_each_message_and_resets","exec_time":0.016244}
{"type":"test","event":"started","name":"liminal-rs::liminal$durability::dedup::tests::complete_receipt_appends_completed_entry_with_receipt_timestamp"}
{"type":"test","event":"ok","name":"liminal-rs::liminal$durability::cursor::tests::checkpoint_uses_current_offset_key_and_updates_on_success","exec_time":0.016654417}
{"type":"test","event":"started","name":"liminal-rs::liminal$durability::dedup::tests::completing_completed_key_is_idempotent_only_for_matching_receipt"}
{"type":"test","event":"ok","name":"liminal-rs::liminal$durability::cursor::tests::driver_can_be_built_from_durability_config","exec_time":0.018299458}
{"type":"test","event":"started","name":"liminal-rs::liminal$durability::dedup::tests::completing_missing_key_returns_collision"}
{"type":"test","event":"ok","name":"liminal-rs::liminal$durability::cursor::tests::cursor_constructors_expose_partition_state_and_debug_clone","exec_time":0.018523917}
{"type":"test","event":"started","name":"liminal-rs::liminal$durability::dedup::tests::duplicate_completed_returns_receipt_without_append"}
{"type":"test","event":"ok","name":"liminal-rs::liminal$durability::cursor::tests::per_batch_driver_waits_for_batch_size_then_resets","exec_time":0.022795542}
{"type":"test","event":"started","name":"liminal-rs::liminal$durability::dedup::tests::duplicate_inflight_returns_status_without_timestamp_refresh"}
{"type":"test","event":"ok","name":"liminal-rs::liminal$durability::dedup::tests::complete_receipt_appends_completed_entry_with_receipt_timestamp","exec_time":0.012068875}
{"type":"test","event":"started","name":"liminal-rs::liminal$durability::dedup::tests::entry_serialization_round_trips_required_fields"}
{"type":"test","event":"ok","name":"liminal-rs::liminal$durability::cursor::tests::resume_reads_persisted_offset_without_writing","exec_time":0.012847542}
{"type":"test","event":"started","name":"liminal-rs::liminal$durability::dedup::tests::key_hash_and_stream_key_are_deterministic"}
{"type":"test","event":"ok","name":"liminal-rs::liminal$durability::cursor::tests::resume_without_persisted_offset_starts_at_zero","exec_time":0.012850375}
{"type":"test","event":"ok","name":"liminal-rs::liminal$durability::dedup::tests::completing_completed_key_is_idempotent_only_for_matching_receipt","exec_time":0.0125775}
{"type":"test","event":"started","name":"liminal-rs::liminal$durability::dedup::tests::release_claim_is_idempotent_across_double_release"}
{"type":"test","event":"started","name":"liminal-rs::liminal$durability::dedup::tests::release_claim_conflict_resolves_against_a_legitimate_reclaim"}
{"type":"test","event":"ok","name":"liminal-rs::liminal$durability::dedup::tests::duplicate_completed_returns_receipt_without_append","exec_time":0.013588333}
{"type":"test","event":"started","name":"liminal-rs::liminal$durability::dedup::tests::release_claim_never_clobbers_a_stored_receipt"}
{"type":"test","event":"ok","name":"liminal-rs::liminal$durability::dedup::tests::completing_missing_key_returns_collision","exec_time":0.014637916}
{"type":"test","event":"started","name":"liminal-rs::liminal$durability::dedup::tests::release_claim_on_absent_key_is_noop"}
{"type":"test","event":"ok","name":"liminal-rs::liminal$durability::dedup::tests::duplicate_inflight_returns_status_without_timestamp_refresh","exec_time":0.012653458}
{"type":"test","event":"started","name":"liminal-rs::liminal$durability::dedup::tests::release_claim_tombstones_inflight_and_allows_reclaim"}
{"type":"test","event":"ok","name":"liminal-rs::liminal$durability::dedup::tests::key_hash_and_stream_key_are_deterministic","exec_time":0.011982375}
{"type":"test","event":"started","name":"liminal-rs::liminal$durability::dedup::tests::sweep_keeps_receipt_younger_than_ttl_even_when_claim_is_old"}
{"type":"test","event":"ok","name":"liminal-rs::liminal$durability::dedup::tests::release_claim_is_idempotent_across_double_release","exec_time":0.011685917}
{"type":"test","event":"started","name":"liminal-rs::liminal$durability::dedup::tests::sweep_uses_scan_and_respects_ttl_grace"}
{"type":"test","event":"ok","name":"liminal-rs::liminal$durability::dedup::tests::release_claim_conflict_resolves_against_a_legitimate_reclaim","exec_time":0.012195958}
{"type":"test","event":"started","name":"liminal-rs::liminal$durability::receipt::tests::receipt_debug_reports_length_not_contents"}
{"type":"test","event":"ok","name":"liminal-rs::liminal$durability::dedup::tests::release_claim_never_clobbers_a_stored_receipt","exec_time":0.011793959}
{"type":"test","event":"started","name":"liminal-rs::liminal$durability::receipt::tests::receipts_compare_by_bytes"}
{"type":"test","event":"ok","name":"liminal-rs::liminal$durability::dedup::tests::release_claim_on_absent_key_is_noop","exec_time":0.013792417}
{"type":"test","event":"started","name":"liminal-rs::liminal$durability::recovery::tests::channel_recovery_reconstructs_partition_sequences"}
{"type":"test","event":"ok","name":"liminal-rs::liminal$durability::dedup::tests::entry_serialization_round_trips_required_fields","exec_time":0.018362584}
{"type":"test","event":"started","name":"liminal-rs::liminal$durability::recovery::tests::conversation_recovery_replays_partial_and_finished_state"}
{"type":"test","event":"ok","name":"liminal-rs::liminal$conversation::actor::tests::repeated_open_close_pins_bounded_registries","exec_time":0.186043208}
{"type":"test","event":"started","name":"liminal-rs::liminal$durability::recovery::tests::cursor_recovery_resumes_offset_and_replays_missed_messages"}
{"type":"test","event":"ok","name":"liminal-rs::liminal$durability::dedup::tests::release_claim_tombstones_inflight_and_allows_reclaim","exec_time":0.018741209}
{"type":"test","event":"started","name":"liminal-rs::liminal$durability::recovery::tests::cursor_recovery_without_persisted_offset_starts_at_zero"}
{"type":"test","event":"ok","name":"liminal-rs::liminal$durability::dedup::tests::sweep_uses_scan_and_respects_ttl_grace","exec_time":0.013748125}
{"type":"test","event":"started","name":"liminal-rs::liminal$durability::replay::tests::deserialize_orders_strictly_by_sequence_when_input_is_shuffled"}
{"type":"test","event":"ok","name":"liminal-rs::liminal$durability::dedup::tests::sweep_keeps_receipt_younger_than_ttl_even_when_claim_is_old","exec_time":0.01390975}
{"type":"test","event":"started","name":"liminal-rs::liminal$durability::replay::tests::replay_empty_partition_from_zero_returns_empty_without_error"}
{"type":"test","event":"ok","name":"liminal-rs::liminal$durability::receipt::tests::receipt_debug_reports_length_not_contents","exec_time":0.013842458}
{"type":"test","event":"started","name":"liminal-rs::liminal$durability::replay::tests::replay_empty_range_returns_empty_without_error"}
{"type":"test","event":"ok","name":"liminal-rs::liminal$durability::receipt::tests::receipts_compare_by_bytes","exec_time":0.016307542}
{"type":"test","event":"started","name":"liminal-rs::liminal$durability::replay::tests::replay_paginates_until_empty_even_when_pages_are_partial"}
{"type":"test","event":"ok","name":"liminal-rs::liminal$durability::recovery::tests::conversation_recovery_replays_partial_and_finished_state","exec_time":0.01955475}
{"type":"test","event":"started","name":"liminal-rs::liminal$durability::replay::tests::replay_returns_messages_in_sequence_order_from_offset"}
{"type":"test","event":"ok","name":"liminal-rs::liminal$durability::recovery::tests::channel_recovery_reconstructs_partition_sequences","exec_time":0.02062225}
{"type":"test","event":"started","name":"liminal-rs::liminal$durability::store::ephemeral_lifecycle_tests::ephemeral_dir_removed_after_last_handle_drops"}
{"type":"test","event":"ok","name":"liminal-rs::liminal$durability::recovery::tests::cursor_recovery_resumes_offset_and_replays_missed_messages","exec_time":0.018565875}
{"type":"test","event":"started","name":"liminal-rs::liminal$durability::store::ephemeral_lifecycle_tests::ephemeral_dir_survives_until_last_store_clone_drops"}
{"type":"test","event":"ok","name":"liminal-rs::liminal$durability::recovery::tests::cursor_recovery_without_persisted_offset_starts_at_zero","exec_time":0.015998458}
{"type":"test","event":"started","name":"liminal-rs::liminal$durability::store::ephemeral_lifecycle_tests::ephemeral_open_failure_rolls_back_directory"}
{"type":"test","event":"ok","name":"liminal-rs::liminal$durability::replay::tests::replay_empty_partition_from_zero_returns_empty_without_error","exec_time":0.016813083}
{"type":"test","event":"started","name":"liminal-rs::liminal$durability::store::ephemeral_lifecycle_tests::guard_drops_store_before_removing_directory"}
{"type":"test","event":"ok","name":"liminal-rs::liminal$durability::replay::tests::deserialize_orders_strictly_by_sequence_when_input_is_shuffled","exec_time":0.019656417}
{"type":"test","event":"started","name":"liminal-rs::liminal$durability::store::ephemeral_lifecycle_tests::guard_leaks_directory_when_store_drop_panics"}
{"type":"test","event":"ok","name":"liminal-rs::liminal$durability::replay::tests::replay_empty_range_returns_empty_without_error","exec_time":0.019747375}
{"type":"test","event":"started","name":"liminal-rs::liminal$durability::store::ephemeral_lifecycle_tests::repeated_ephemeral_cycles_each_own_distinct_dir_zero_residue"}
{"type":"test","event":"ok","name":"liminal-rs::liminal$durability::replay::tests::replay_paginates_until_empty_even_when_pages_are_partial","exec_time":0.018337167}
{"type":"test","event":"started","name":"liminal-rs::liminal$durability::store::ephemeral_lifecycle_tests::rooted_ephemeral_store_lives_and_dies_under_the_given_root"}
{"type":"test","event":"ok","name":"liminal-rs::liminal$durability::replay::tests::replay_returns_messages_in_sequence_order_from_offset","exec_time":0.014808458}
{"type":"test","event":"started","name":"liminal-rs::liminal$envelope::tests::envelope_assigns_unique_message_ids"}
{"type":"test","event":"ok","name":"liminal-rs::liminal$envelope::tests::envelope_assigns_unique_message_ids","exec_time":0.019732625}
{"type":"test","event":"started","name":"liminal-rs::liminal$envelope::tests::envelope_carries_required_fields"}
{"type":"test","event":"ok","name":"liminal-rs::liminal$durability::store::ephemeral_lifecycle_tests::guard_drops_store_before_removing_directory","exec_time":0.032466709}
{"type":"test","event":"started","name":"liminal-rs::liminal$metrics::export::tests::escapes_label_values_and_sanitizes_label_names"}
{"type":"test","event":"ok","name":"liminal-rs::liminal$durability::store::ephemeral_lifecycle_tests::guard_leaks_directory_when_store_drop_panics","exec_time":0.036553875}
{"type":"test","event":"started","name":"liminal-rs::liminal$metrics::export::tests::render_prefixes_digit_leading_metric_and_label_names"}
{"type":"test","event":"ok","name":"liminal-rs::liminal$durability::store::ephemeral_lifecycle_tests::ephemeral_open_failure_rolls_back_directory","exec_time":0.040743083}
{"type":"test","event":"started","name":"liminal-rs::liminal$metrics::export::tests::renders_counter_with_type_help_labels_and_sanitized_name"}
{"type":"test","event":"ok","name":"liminal-rs::liminal$envelope::tests::envelope_carries_required_fields","exec_time":0.013184791}
{"type":"test","event":"started","name":"liminal-rs::liminal$metrics::export::tests::renders_gauge_values_without_empty_label_blocks"}
{"type":"test","event":"ok","name":"liminal-rs::liminal$metrics::export::tests::escapes_label_values_and_sanitizes_label_names","exec_time":0.014824792}
{"type":"test","event":"started","name":"liminal-rs::liminal$metrics::export::tests::renders_histogram_buckets_sum_and_count"}
{"type":"test","event":"ok","name":"liminal-rs::liminal$conversation::patterns::tests::ask_times_out_when_participant_never_replies","exec_time":0.182242708}
{"type":"test","event":"started","name":"liminal-rs::liminal$metrics::export::tests::renders_same_snapshot_identically"}
{"type":"test","event":"ok","name":"liminal-rs::liminal$metrics::export::tests::render_prefixes_digit_leading_metric_and_label_names","exec_time":0.015258333}
{"type":"test","event":"ok","name":"liminal-rs::liminal$metrics::export::tests::renders_counter_with_type_help_labels_and_sanitized_name","exec_time":0.015715333}
{"type":"test","event":"started","name":"liminal-rs::liminal$pressure::capacity::tests::capacity_tracker_reports_underflow_errors_without_negative_counts"}
{"type":"test","event":"started","name":"liminal-rs::liminal$metrics::export::tests::sanitizers_prefix_leading_digit_to_keep_first_char_valid"}
{"type":"test","event":"ok","name":"liminal-rs::liminal$metrics::export::tests::renders_histogram_buckets_sum_and_count","exec_time":0.020076958}
{"type":"test","event":"started","name":"liminal-rs::liminal$pressure::capacity::tests::capacity_tracker_starts_empty_and_records_counts"}
{"type":"test","event":"ok","name":"liminal-rs::liminal$metrics::export::tests::renders_gauge_values_without_empty_label_blocks","exec_time":0.021041667}
{"type":"test","event":"started","name":"liminal-rs::liminal$pressure::capacity::tests::consumer_capacity_constructs_with_public_fields_and_validates_positive_limits"}
{"type":"test","event":"ok","name":"liminal-rs::liminal$metrics::export::tests::renders_same_snapshot_identically","exec_time":0.018403125}
{"type":"test","event":"started","name":"liminal-rs::liminal$pressure::capacity::tests::pressure_root_re_exports_capacity_types"}
{"type":"test","event":"ok","name":"liminal-rs::liminal$metrics::export::tests::sanitizers_prefix_leading_digit_to_keep_first_char_valid","exec_time":0.018418042}
{"type":"test","event":"started","name":"liminal-rs::liminal$pressure::capacity::tests::pressure_signal_accepts_available_in_flight_regardless_of_buffer_state"}
{"type":"test","event":"ok","name":"liminal-rs::liminal$pressure::capacity::tests::capacity_tracker_starts_empty_and_records_counts","exec_time":0.020302875}
{"type":"test","event":"started","name":"liminal-rs::liminal$pressure::capacity::tests::pressure_signal_accepts_when_in_flight_capacity_is_available"}
{"type":"test","event":"ok","name":"liminal-rs::liminal$pressure::capacity::tests::capacity_tracker_reports_underflow_errors_without_negative_counts","exec_time":0.020910458}
{"type":"test","event":"started","name":"liminal-rs::liminal$pressure::capacity::tests::pressure_signal_defers_when_in_flight_full_and_buffer_has_capacity"}
{"type":"test","event":"ok","name":"liminal-rs::liminal$pressure::capacity::tests::consumer_capacity_constructs_with_public_fields_and_validates_positive_limits","exec_time":0.019362542}
{"type":"test","event":"started","name":"liminal-rs::liminal$pressure::capacity::tests::pressure_signal_rejects_when_in_flight_and_buffer_limits_are_reached"}
{"type":"test","event":"ok","name":"liminal-rs::liminal$pressure::capacity::tests::pressure_root_re_exports_capacity_types","exec_time":0.014828833}
{"type":"test","event":"started","name":"liminal-rs::liminal$pressure::enforce::tests::custom_monitor_scores_are_enforced_without_manual_evaluate_call"}
{"type":"test","event":"ok","name":"liminal-rs::liminal$pressure::capacity::tests::pressure_signal_defers_when_in_flight_full_and_buffer_has_capacity","exec_time":0.015035917}
{"type":"test","event":"started","name":"liminal-rs::liminal$pressure::enforce::tests::enforcement_returns_no_actions_below_all_thresholds"}
{"type":"test","event":"ok","name":"liminal-rs::liminal$pressure::capacity::tests::pressure_signal_rejects_when_in_flight_and_buffer_limits_are_reached","exec_time":0.015270375}
{"type":"test","event":"started","name":"liminal-rs::liminal$pressure::enforce::tests::enforcement_runs_as_part_of_each_monitor_update"}
{"type":"test","event":"ok","name":"liminal-rs::liminal$pressure::capacity::tests::pressure_signal_accepts_when_in_flight_capacity_is_available","exec_time":0.015302708}
{"type":"test","event":"started","name":"liminal-rs::liminal$pressure::enforce::tests::policy_enforcement_emits_slow_producer_when_threshold_is_crossed"}
{"type":"test","event":"ok","name":"liminal-rs::liminal$pressure::capacity::tests::pressure_signal_accepts_available_in_flight_regardless_of_buffer_state","exec_time":0.015372292}
{"type":"test","event":"started","name":"liminal-rs::liminal$pressure::enforce::tests::scale_consumer_policy_emits_scale_signal_with_channel_and_consumer_count"}
{"type":"test","event":"ok","name":"liminal-rs::liminal$pressure::enforce::tests::custom_monitor_scores_are_enforced_without_manual_evaluate_call","exec_time":0.012241292}
{"type":"test","event":"started","name":"liminal-rs::liminal$pressure::monitor::tests::channel_pressure_aggregates_across_consumers"}
{"type":"test","event":"ok","name":"liminal-rs::liminal$pressure::enforce::tests::scale_consumer_policy_emits_scale_signal_with_channel_and_consumer_count","exec_time":0.014912167}
{"type":"test","event":"started","name":"liminal-rs::liminal$pressure::monitor::tests::consumer_utilization_uses_current_and_max_in_flight"}
{"type":"test","event":"ok","name":"liminal-rs::liminal$pressure::enforce::tests::enforcement_runs_as_part_of_each_monitor_update","exec_time":0.015193916}
{"type":"test","event":"started","name":"liminal-rs::liminal$pressure::monitor::tests::monitor_tracks_accept_defer_and_reject_counts_per_consumer"}
{"type":"test","event":"ok","name":"liminal-rs::liminal$pressure::enforce::tests::policy_enforcement_emits_slow_producer_when_threshold_is_crossed","exec_time":0.014934625}
{"type":"test","event":"started","name":"liminal-rs::liminal$pressure::monitor::tests::pressure_monitor_starts_without_tracked_consumers"}
{"type":"test","event":"ok","name":"liminal-rs::liminal$pressure::enforce::tests::enforcement_returns_no_actions_below_all_thresholds","exec_time":0.015453542}
{"type":"test","event":"started","name":"liminal-rs::liminal$pressure::monitor::tests::pressure_scores_are_clamped_to_unit_range"}
{"type":"test","event":"ok","name":"liminal-rs::liminal$pressure::monitor::tests::channel_pressure_aggregates_across_consumers","exec_time":0.0273955}
{"type":"test","event":"started","name":"liminal-rs::liminal$pressure::monitor::tests::scoring_function_is_configurable"}
{"type":"test","event":"ok","name":"liminal-rs::liminal$pressure::monitor::tests::consumer_utilization_uses_current_and_max_in_flight","exec_time":0.025946167}
{"type":"test","event":"started","name":"liminal-rs::liminal$pressure::monitor::tests::signal_for_unregistered_consumer_does_not_create_ghost_or_dilute_pressure"}
{"type":"test","event":"ok","name":"liminal-rs::liminal$pressure::monitor::tests::pressure_scores_are_clamped_to_unit_range","exec_time":0.029006792}
{"type":"test","event":"ok","name":"liminal-rs::liminal$pressure::monitor::tests::monitor_tracks_accept_defer_and_reject_counts_per_consumer","exec_time":0.028980084}
{"type":"test","event":"started","name":"liminal-rs::liminal$pressure::policy::tests::policies_compose_in_escalation_sequence"}
{"type":"test","event":"started","name":"liminal-rs::liminal$pressure::policy::tests::channel_policy_config_stores_policies_in_threshold_order"}
{"type":"test","event":"ok","name":"liminal-rs::liminal$pressure::monitor::tests::pressure_monitor_starts_without_tracked_consumers","exec_time":0.029227458}
{"type":"test","event":"started","name":"liminal-rs::liminal$pressure::policy::tests::policy_action_defines_exact_pressure_actions"}
{"type":"test","event":"ok","name":"liminal-rs::liminal$pressure::monitor::tests::scoring_function_is_configurable","exec_time":0.033319042}
{"type":"test","event":"started","name":"liminal-rs::liminal$pressure::policy::tests::pressure_policy_constructs_with_action_and_threshold"}
{"type":"test","event":"ok","name":"liminal-rs::liminal$pressure::policy::tests::channel_policy_config_stores_policies_in_threshold_order","exec_time":0.017681875}
{"type":"test","event":"started","name":"liminal-rs::liminal$pressure::policy::tests::pressure_root_re_exports_policy_types"}
{"type":"test","event":"ok","name":"liminal-rs::liminal$pressure::monitor::tests::signal_for_unregistered_consumer_does_not_create_ghost_or_dilute_pressure","exec_time":0.028882708}
{"type":"test","event":"started","name":"liminal-rs::liminal$pressure::signal::tests::delivery_result_carries_signal_in_return_value"}
{"type":"test","event":"ok","name":"liminal-rs::liminal$pressure::policy::tests::policies_compose_in_escalation_sequence","exec_time":0.023889041}
{"type":"test","event":"started","name":"liminal-rs::liminal$pressure::signal::tests::pressure_root_re_exports_signal_result_types"}
{"type":"test","event":"ok","name":"liminal-rs::liminal$pressure::policy::tests::policy_action_defines_exact_pressure_actions","exec_time":0.025342}
{"type":"test","event":"started","name":"liminal-rs::liminal$pressure::signal::tests::pressure_signal_defines_only_accept_defer_reject_semantics"}
{"type":"test","event":"ok","name":"liminal-rs::liminal$pressure::policy::tests::pressure_policy_constructs_with_action_and_threshold","exec_time":0.015430042}
{"type":"test","event":"started","name":"liminal-rs::liminal$protocol::backpressure::tests::accept_decrements_outstanding_and_returns_to_normal"}
{"type":"test","event":"ok","name":"liminal-rs::liminal$pressure::policy::tests::pressure_root_re_exports_policy_types","exec_time":0.017041875}
{"type":"test","event":"started","name":"liminal-rs::liminal$protocol::backpressure::tests::accept_preserves_rejecting_when_still_beyond_buffer"}
{"type":"test","event":"ok","name":"liminal-rs::liminal$pressure::signal::tests::pressure_signal_defines_only_accept_defer_reject_semantics","exec_time":0.01912025}
{"type":"test","event":"started","name":"liminal-rs::liminal$protocol::backpressure::tests::accept_with_zero_outstanding_returns_protocol_error"}
{"type":"test","event":"ok","name":"liminal-rs::liminal$protocol::backpressure::tests::accept_decrements_outstanding_and_returns_to_normal","exec_time":0.021341333}
{"type":"test","event":"started","name":"liminal-rs::liminal$protocol::backpressure::tests::payload_structs_carry_referenced_message_ids_and_reasons"}
{"type":"test","event":"ok","name":"liminal-rs::liminal$pressure::signal::tests::pressure_root_re_exports_signal_result_types","exec_time":0.02111575}
{"type":"test","event":"started","name":"liminal-rs::liminal$protocol::backpressure::tests::pressure_state_has_exact_required_variants"}
{"type":"test","event":"ok","name":"liminal-rs::liminal$pressure::signal::tests::delivery_result_carries_signal_in_return_value","exec_time":0.020584583}
{"type":"test","event":"started","name":"liminal-rs::liminal$protocol::backpressure::tests::public_backpressure_types_implement_debug"}
{"type":"test","event":"ok","name":"liminal-rs::liminal$protocol::backpressure::tests::accept_preserves_rejecting_when_still_beyond_buffer","exec_time":0.012797625}
{"type":"test","event":"started","name":"liminal-rs::liminal$protocol::backpressure::tests::stream_pressure_rejects_zero_capacity"}
{"type":"test","event":"ok","name":"liminal-rs::liminal$protocol::backpressure::tests::payload_structs_carry_referenced_message_ids_and_reasons","exec_time":0.01693375}
{"type":"test","event":"started","name":"liminal-rs::liminal$protocol::backpressure::tests::stream_pressure_transitions_to_deferred_at_max_in_flight"}
{"type":"test","event":"ok","name":"liminal-rs::liminal$protocol::backpressure::tests::accept_with_zero_outstanding_returns_protocol_error","exec_time":0.0179235}
{"type":"test","event":"started","name":"liminal-rs::liminal$protocol::backpressure::tests::stream_pressure_transitions_to_rejecting_beyond_buffer"}
{"type":"test","event":"ok","name":"liminal-rs::liminal$durability::store::ephemeral_lifecycle_tests::ephemeral_dir_removed_after_last_handle_drops","exec_time":0.27683825}
{"type":"test","event":"started","name":"liminal-rs::liminal$protocol::backpressure::tests::subscribe_capacity_can_create_stream_pressure"}
{"type":"test","event":"ok","name":"liminal-rs::liminal$protocol::backpressure::tests::stream_pressure_rejects_zero_capacity","exec_time":0.028856167}
{"type":"test","event":"started","name":"liminal-rs::liminal$protocol::causal::tests::causal_context_serialization_round_trips"}
{"type":"test","event":"ok","name":"liminal-rs::liminal$protocol::backpressure::tests::stream_pressure_transitions_to_deferred_at_max_in_flight","exec_time":0.029052333}
{"type":"test","event":"started","name":"liminal-rs::liminal$protocol::causal::tests::causal_context_trait_bounds_are_available"}
{"type":"test","event":"ok","name":"liminal-rs::liminal$protocol::backpressure::tests::stream_pressure_transitions_to_rejecting_beyond_buffer","exec_time":0.038816583}
{"type":"test","event":"started","name":"liminal-rs::liminal$protocol::causal::tests::constructors_create_expected_context_shapes"}
{"type":"test","event":"ok","name":"liminal-rs::liminal$protocol::backpressure::tests::public_backpressure_types_implement_debug","exec_time":0.039532459}
{"type":"test","event":"started","name":"liminal-rs::liminal$protocol::causal::tests::extract_reads_causal_context_without_payload_parsing"}
{"type":"test","event":"ok","name":"liminal-rs::liminal$protocol::backpressure::tests::pressure_state_has_exact_required_variants","exec_time":0.044720334}
{"type":"test","event":"started","name":"liminal-rs::liminal$protocol::causal::tests::independent_context_serializes_as_absent_fields"}
{"type":"test","event":"ok","name":"liminal-rs::liminal$durability::store::ephemeral_lifecycle_tests::ephemeral_dir_survives_until_last_store_clone_drops","exec_time":0.296928292}
{"type":"test","event":"started","name":"liminal-rs::liminal$protocol::codec::tests::causal_context_extracts_from_publish_frame_envelope_bytes"}
{"type":"test","event":"ok","name":"liminal-rs::liminal$protocol::backpressure::tests::subscribe_capacity_can_create_stream_pressure","exec_time":0.03329675}
{"type":"test","event":"started","name":"liminal-rs::liminal$protocol::codec::tests::conversation_close_optional_reason_code_round_trips"}
{"type":"test","event":"ok","name":"liminal-rs::liminal$protocol::causal::tests::causal_context_serialization_round_trips","exec_time":0.023453208}
{"type":"test","event":"started","name":"liminal-rs::liminal$protocol::codec::tests::decode_handles_garbage_inputs_without_panicking"}
{"type":"test","event":"ok","name":"liminal-rs::liminal$durability::store::ephemeral_lifecycle_tests::rooted_ephemeral_store_lives_and_dies_under_the_given_root","exec_time":0.304963125}
{"type":"test","event":"started","name":"liminal-rs::liminal$protocol::codec::tests::decode_rejects_invalid_stream_without_panicking"}
{"type":"test","event":"ok","name":"liminal-rs::liminal$protocol::causal::tests::constructors_create_expected_context_shapes","exec_time":0.020885666}
{"type":"test","event":"ok","name":"liminal-rs::liminal$protocol::causal::tests::causal_context_trait_bounds_are_available","exec_time":0.029764459}
{"type":"test","event":"started","name":"liminal-rs::liminal$protocol::codec::tests::decode_truncated_payload_returns_truncated_payload"}
{"type":"test","event":"started","name":"liminal-rs::liminal$protocol::codec::tests::decode_short_header_returns_incomplete_header"}
{"type":"test","event":"ok","name":"liminal-rs::liminal$protocol::causal::tests::independent_context_serializes_as_absent_fields","exec_time":0.018259625}
{"type":"test","event":"started","name":"liminal-rs::liminal$protocol::codec::tests::decode_unknown_frame_type_returns_unknown_and_consumes_payload"}
{"type":"test","event":"ok","name":"liminal-rs::liminal$protocol::causal::tests::extract_reads_causal_context_without_payload_parsing","exec_time":0.019868125}
{"type":"test","event":"started","name":"liminal-rs::liminal$protocol::codec::tests::deliver_frame_round_trips_seq_and_envelope"}
{"type":"test","event":"ok","name":"liminal-rs::liminal$protocol::codec::tests::causal_context_extracts_from_publish_frame_envelope_bytes","exec_time":0.01923825}
{"type":"test","event":"started","name":"liminal-rs::liminal$protocol::codec::tests::encode_writes_header_fields_in_wire_order"}
{"type":"test","event":"ok","name":"liminal-rs::liminal$protocol::codec::tests::decode_short_header_returns_incomplete_header","exec_time":0.012260708}
{"type":"test","event":"started","name":"liminal-rs::liminal$protocol::codec::tests::message_frames_preserve_envelope_payload_bytes"}
{"type":"test","event":"ok","name":"liminal-rs::liminal$protocol::codec::tests::conversation_close_optional_reason_code_round_trips","exec_time":0.013539458}
{"type":"test","event":"started","name":"liminal-rs::liminal$protocol::codec::tests::no_payload_frames_round_trip_as_header_only"}
{"type":"test","event":"ok","name":"liminal-rs::liminal$protocol::codec::tests::decode_handles_garbage_inputs_without_panicking","exec_time":0.014891166}
{"type":"test","event":"started","name":"liminal-rs::liminal$protocol::codec::tests::pressure_frames_preserve_referenced_message_ids_and_reasons"}
{"type":"test","event":"ok","name":"liminal-rs::liminal$protocol::codec::tests::decode_rejects_invalid_stream_without_panicking","exec_time":0.013287125}
{"type":"test","event":"started","name":"liminal-rs::liminal$protocol::codec::tests::publish_idempotency_key_is_additive_and_round_trips"}
{"type":"test","event":"ok","name":"liminal-rs::liminal$protocol::codec::tests::decode_truncated_payload_returns_truncated_payload","exec_time":0.0140955}
{"type":"test","event":"started","name":"liminal-rs::liminal$protocol::codec::tests::round_trips_all_named_frame_types"}
{"type":"test","event":"ok","name":"liminal-rs::liminal$protocol::codec::tests::decode_unknown_frame_type_returns_unknown_and_consumes_payload","exec_time":0.017553167}
{"type":"test","event":"started","name":"liminal-rs::liminal$protocol::codec::tests::subscription_schema_fields_round_trip_and_remain_accessible"}
{"type":"test","event":"ok","name":"liminal-rs::liminal$protocol::codec::tests::deliver_frame_round_trips_seq_and_envelope","exec_time":0.013429667}
{"type":"test","event":"started","name":"liminal-rs::liminal$protocol::codec::tests::worker_register::worker_register_ack_invalid_status_byte_is_rejected"}
{"type":"test","event":"ok","name":"liminal-rs::liminal$protocol::codec::tests::encode_writes_header_fields_in_wire_order","exec_time":0.014275917}
{"type":"test","event":"started","name":"liminal-rs::liminal$protocol::codec::tests::worker_register::worker_register_ack_outcome_round_trips"}
{"type":"test","event":"ok","name":"liminal-rs::liminal$protocol::codec::tests::pressure_frames_preserve_referenced_message_ids_and_reasons","exec_time":0.019971375}
{"type":"test","event":"started","name":"liminal-rs::liminal$protocol::codec::tests::worker_register::worker_register_discriminants_are_additive_and_unknown_preserved"}
{"type":"test","event":"ok","name":"liminal-rs::liminal$protocol::codec::tests::message_frames_preserve_envelope_payload_bytes","exec_time":0.0245215}
{"type":"test","event":"started","name":"liminal-rs::liminal$protocol::codec::tests::worker_register::worker_register_frames_round_trip"}
{"type":"test","event":"ok","name":"liminal-rs::liminal$protocol::codec::tests::publish_idempotency_key_is_additive_and_round_trips","exec_time":0.025170125}
{"type":"test","event":"ok","name":"liminal-rs::liminal$protocol::codec::tests::no_payload_frames_round_trip_as_header_only","exec_time":0.0251735}
{"type":"test","event":"started","name":"liminal-rs::liminal$protocol::codec::tests::worker_register_nonempty_census_round_trips_exactly"}
{"type":"test","event":"started","name":"liminal-rs::liminal$protocol::codec::tests::worker_register::worker_register_node_presence_distinguishes_none_from_empty"}
{"type":"test","event":"ok","name":"liminal-rs::liminal$protocol::codec::tests::round_trips_all_named_frame_types","exec_time":0.019919417}
{"type":"test","event":"started","name":"liminal-rs::liminal$protocol::codec::tests::worker_register_old_shape_decodes_to_empty_census"}
{"type":"test","event":"ok","name":"liminal-rs::liminal$protocol::codec::tests::worker_register::worker_register_ack_outcome_round_trips","exec_time":0.027584042}
{"type":"test","event":"started","name":"liminal-rs::liminal$protocol::envelope::tests::causal_context_is_extractable_from_envelope_bytes"}
{"type":"test","event":"ok","name":"liminal-rs::liminal$protocol::codec::tests::subscription_schema_fields_round_trip_and_remain_accessible","exec_time":0.0346915}
{"type":"test","event":"started","name":"liminal-rs::liminal$protocol::envelope::tests::constructor_sets_all_fields"}
{"type":"test","event":"ok","name":"liminal-rs::liminal$protocol::codec::tests::worker_register::worker_register_discriminants_are_additive_and_unknown_preserved","exec_time":0.021627083}
{"type":"test","event":"started","name":"liminal-rs::liminal$protocol::envelope::tests::empty_payload_round_trips"}
{"type":"test","event":"ok","name":"liminal-rs::liminal$protocol::codec::tests::worker_register::worker_register_ack_invalid_status_byte_is_rejected","exec_time":0.035607125}
{"type":"test","event":"started","name":"liminal-rs::liminal$protocol::envelope::tests::encoded_layout_starts_with_schema_id_and_big_endian_lengths"}
{"type":"test","event":"ok","name":"liminal-rs::liminal$protocol::codec::tests::worker_register_old_shape_decodes_to_empty_census","exec_time":0.017694667}
{"type":"test","event":"started","name":"liminal-rs::liminal$protocol::envelope::tests::envelope_trait_bounds_are_available"}
{"type":"test","event":"ok","name":"liminal-rs::liminal$protocol::codec::tests::worker_register::worker_register_node_presence_distinguishes_none_from_empty","exec_time":0.018614708}
{"type":"test","event":"started","name":"liminal-rs::liminal$protocol::envelope::tests::identical_fields_produce_identical_bytes"}
{"type":"test","event":"ok","name":"liminal-rs::liminal$protocol::codec::tests::worker_register_nonempty_census_round_trips_exactly","exec_time":0.023400625}
{"type":"test","event":"started","name":"liminal-rs::liminal$protocol::envelope::tests::schema_id_wraps_exactly_thirty_two_bytes"}
{"type":"test","event":"ok","name":"liminal-rs::liminal$protocol::codec::tests::worker_register::worker_register_frames_round_trip","exec_time":0.025782959}
{"type":"test","event":"started","name":"liminal-rs::liminal$protocol::envelope::tests::serialization_round_trips_losslessly"}
{"type":"test","event":"ok","name":"liminal-rs::liminal$protocol::envelope::tests::causal_context_is_extractable_from_envelope_bytes","exec_time":0.020760916}
{"type":"test","event":"started","name":"liminal-rs::liminal$protocol::frame::tests::constructors_validate_streams"}
{"type":"test","event":"ok","name":"liminal-rs::liminal$protocol::envelope::tests::constructor_sets_all_fields","exec_time":0.012723167}
{"type":"test","event":"started","name":"liminal-rs::liminal$protocol::frame::tests::frame_type_discriminants_round_trip"}
{"type":"test","event":"ok","name":"liminal-rs::liminal$protocol::envelope::tests::empty_payload_round_trips","exec_time":0.013648167}
{"type":"test","event":"started","name":"liminal-rs::liminal$protocol::handshake::tests::connect_ack_constructor_builds_stream_zero_frame"}
{"type":"test","event":"ok","name":"liminal-rs::liminal$protocol::envelope::tests::encoded_layout_starts_with_schema_id_and_big_endian_lengths","exec_time":0.014679042}
{"type":"test","event":"started","name":"liminal-rs::liminal$protocol::handshake::tests::connect_ack_constructor_rejects_non_zero_stream"}
{"type":"test","event":"ok","name":"liminal-rs::liminal$protocol::envelope::tests::identical_fields_produce_identical_bytes","exec_time":0.017700666}
{"type":"test","event":"started","name":"liminal-rs::liminal$protocol::handshake::tests::connect_ack_frame_round_trips_through_codec"}
{"type":"test","event":"ok","name":"liminal-rs::liminal$protocol::envelope::tests::envelope_trait_bounds_are_available","exec_time":0.018350458}
{"type":"test","event":"started","name":"liminal-rs::liminal$protocol::handshake::tests::connect_constructor_builds_stream_zero_frame_with_opaque_token"}
{"type":"test","event":"ok","name":"liminal-rs::liminal$protocol::envelope::tests::schema_id_wraps_exactly_thirty_two_bytes","exec_time":0.013818667}
{"type":"test","event":"started","name":"liminal-rs::liminal$protocol::handshake::tests::connect_constructor_rejects_non_zero_stream"}
{"type":"test","event":"ok","name":"liminal-rs::liminal$protocol::envelope::tests::serialization_round_trips_losslessly","exec_time":0.011527541}
{"type":"test","event":"started","name":"liminal-rs::liminal$protocol::handshake::tests::connect_error_constructor_rejects_non_zero_stream"}
{"type":"test","event":"ok","name":"liminal-rs::liminal$protocol::frame::tests::constructors_validate_streams","exec_time":0.012077709}
{"type":"test","event":"started","name":"liminal-rs::liminal$protocol::handshake::tests::connect_error_frame_uses_error_reason_code_and_message"}
{"type":"test","event":"ok","name":"liminal-rs::liminal$protocol::frame::tests::frame_type_discriminants_round_trip","exec_time":0.013690958}
{"type":"test","event":"started","name":"liminal-rs::liminal$protocol::handshake::tests::connect_frame_round_trips_through_codec"}
{"type":"test","event":"ok","name":"liminal-rs::liminal$protocol::handshake::tests::connect_ack_constructor_rejects_non_zero_stream","exec_time":0.017509292}
{"type":"test","event":"started","name":"liminal-rs::liminal$protocol::lifecycle::tests::active_accepts_subscribe"}
{"type":"test","event":"ok","name":"liminal-rs::liminal$protocol::handshake::tests::connect_ack_constructor_builds_stream_zero_frame","exec_time":0.017696083}
{"type":"test","event":"started","name":"liminal-rs::liminal$protocol::lifecycle::tests::closed_accepts_nothing"}
{"type":"test","event":"ok","name":"liminal-rs::liminal$protocol::handshake::tests::connect_constructor_builds_stream_zero_frame_with_opaque_token","exec_time":0.014569125}
{"type":"test","event":"started","name":"liminal-rs::liminal$protocol::lifecycle::tests::connect_ack_transitions_authenticating_to_active"}
{"type":"test","event":"ok","name":"liminal-rs::liminal$protocol::handshake::tests::connect_error_constructor_rejects_non_zero_stream","exec_time":0.014249792}
{"type":"test","event":"started","name":"liminal-rs::liminal$protocol::lifecycle::tests::connect_transitions_to_authenticating"}
{"type":"test","event":"ok","name":"liminal-rs::liminal$protocol::handshake::tests::connect_ack_frame_round_trips_through_codec","exec_time":0.015247292}
{"type":"test","event":"started","name":"liminal-rs::liminal$protocol::lifecycle::tests::connecting_rejects_ping_with_state_and_frame_type"}
{"type":"test","event":"ok","name":"liminal-rs::liminal$protocol::handshake::tests::connect_error_frame_uses_error_reason_code_and_message","exec_time":0.014387958}
{"type":"test","event":"started","name":"liminal-rs::liminal$protocol::lifecycle::tests::connecting_rejects_publish_with_state_and_frame_type"}
{"type":"test","event":"ok","name":"liminal-rs::liminal$protocol::handshake::tests::connect_constructor_rejects_non_zero_stream","exec_time":0.01726125}
{"type":"test","event":"started","name":"liminal-rs::liminal$protocol::lifecycle::tests::disconnect_ack_in_closing_transitions_to_closed"}
{"type":"test","event":"ok","name":"liminal-rs::liminal$protocol::lifecycle::tests::active_accepts_subscribe","exec_time":0.012156708}
{"type":"test","event":"started","name":"liminal-rs::liminal$protocol::lifecycle::tests::ping_generates_pong_response_on_stream_zero"}
{"type":"test","event":"ok","name":"liminal-rs::liminal$protocol::handshake::tests::connect_frame_round_trips_through_codec","exec_time":0.0132355}
{"type":"test","event":"started","name":"liminal-rs::liminal$protocol::lifecycle::tests::ping_in_connecting_returns_invalid_state_transition"}
{"type":"test","event":"ok","name":"liminal-rs::liminal$protocol::lifecycle::tests::closed_accepts_nothing","exec_time":0.016121292}
{"type":"test","event":"started","name":"liminal-rs::liminal$protocol::lifecycle::tests::ping_on_stream_one_in_active_returns_invalid_stream"}
{"type":"test","event":"ok","name":"liminal-rs::liminal$protocol::lifecycle::tests::connect_ack_transitions_authenticating_to_active","exec_time":0.011892708}
{"type":"test","event":"started","name":"liminal-rs::liminal$protocol::lifecycle::tests::ping_on_stream_zero_in_active_is_valid"}
{"type":"test","event":"ok","name":"liminal-rs::liminal$protocol::lifecycle::tests::connecting_rejects_ping_with_state_and_frame_type","exec_time":0.011606792}
{"type":"test","event":"started","name":"liminal-rs::liminal$protocol::lifecycle::tests::pong_frames_carry_no_payload_semantically"}
{"type":"test","event":"ok","name":"liminal-rs::liminal$protocol::lifecycle::tests::disconnect_ack_in_closing_transitions_to_closed","exec_time":0.011783833}
{"type":"test","event":"ok","name":"liminal-rs::liminal$protocol::lifecycle::tests::connecting_rejects_publish_with_state_and_frame_type","exec_time":0.012120042}
{"type":"test","event":"ok","name":"liminal-rs::liminal$protocol::lifecycle::tests::connect_transitions_to_authenticating","exec_time":0.012156167}
{"type":"test","event":"started","name":"liminal-rs::liminal$protocol::multiplex::tests::client_allocator_produces_odd_ids"}
{"type":"test","event":"started","name":"liminal-rs::liminal$protocol::multiplex::tests::allocator_never_recycles_ids"}
{"type":"test","event":"started","name":"liminal-rs::liminal$protocol::multiplex::tests::client_allocator_errors_after_final_odd_stream_id"}
{"type":"test","event":"ok","name":"liminal-rs::liminal$protocol::lifecycle::tests::ping_in_connecting_returns_invalid_state_transition","exec_time":0.012888417}
{"type":"test","event":"started","name":"liminal-rs::liminal$protocol::multiplex::tests::duplicate_insert_returns_error_and_preserves_state"}
{"type":"test","event":"ok","name":"liminal-rs::liminal$protocol::lifecycle::tests::ping_generates_pong_response_on_stream_zero","exec_time":0.015850125}
{"type":"test","event":"started","name":"liminal-rs::liminal$protocol::multiplex::tests::insert_adds_stream_and_counts_it"}
{"type":"test","event":"ok","name":"liminal-rs::liminal$protocol::lifecycle::tests::pong_frames_carry_no_payload_semantically","exec_time":0.014373167}
{"type":"test","event":"started","name":"liminal-rs::liminal$protocol::multiplex::tests::remove_deletes_stream_and_updates_count"}
{"type":"test","event":"ok","name":"liminal-rs::liminal$protocol::lifecycle::tests::ping_on_stream_zero_in_active_is_valid","exec_time":0.014760709}
{"type":"test","event":"started","name":"liminal-rs::liminal$protocol::multiplex::tests::server_allocator_errors_after_final_even_stream_id"}
{"type":"test","event":"ok","name":"liminal-rs::liminal$protocol::lifecycle::tests::ping_on_stream_one_in_active_returns_invalid_stream","exec_time":0.014790167}
{"type":"test","event":"started","name":"liminal-rs::liminal$protocol::multiplex::tests::server_allocator_produces_even_ids"}
{"type":"test","event":"ok","name":"liminal-rs::liminal$protocol::multiplex::tests::allocator_never_recycles_ids","exec_time":0.014887375}
{"type":"test","event":"started","name":"liminal-rs::liminal$protocol::multiplex::tests::stream_id_trait_bounds_are_available"}
{"type":"test","event":"ok","name":"liminal-rs::liminal$protocol::multiplex::tests::client_allocator_produces_odd_ids","exec_time":0.014954583}
{"type":"test","event":"started","name":"liminal-rs::liminal$protocol::multiplex::tests::stream_one_is_application_and_not_control"}
{"type":"test","event":"ok","name":"liminal-rs::liminal$protocol::multiplex::tests::client_allocator_errors_after_final_odd_stream_id","exec_time":0.015225833}
{"type":"test","event":"started","name":"liminal-rs::liminal$protocol::multiplex::tests::stream_state_has_exact_required_variants"}
{"type":"test","event":"ok","name":"liminal-rs::liminal$protocol::multiplex::tests::duplicate_insert_returns_error_and_preserves_state","exec_time":0.017301667}
{"type":"test","event":"started","name":"liminal-rs::liminal$protocol::multiplex::tests::stream_zero_is_control_and_not_application"}
{"type":"test","event":"ok","name":"liminal-rs::liminal$protocol::multiplex::tests::remove_deletes_stream_and_updates_count","exec_time":0.013450041}
{"type":"test","event":"started","name":"liminal-rs::liminal$protocol::multiplex::tests::transition_on_missing_stream_returns_protocol_error"}
{"type":"test","event":"ok","name":"liminal-rs::liminal$protocol::multiplex::tests::insert_adds_stream_and_counts_it","exec_time":0.019177334}
{"type":"test","event":"ok","name":"liminal-rs::liminal$protocol::multiplex::tests::server_allocator_produces_even_ids","exec_time":0.01331725}
{"type":"test","event":"started","name":"liminal-rs::liminal$protocol::schema::tests::negotiation_accepts_empty_list_as_opt_out"}
{"type":"test","event":"started","name":"liminal-rs::liminal$protocol::multiplex::tests::transition_updates_existing_stream_state"}
{"type":"test","event":"ok","name":"liminal-rs::liminal$protocol::multiplex::tests::stream_state_has_exact_required_variants","exec_time":0.013475625}
{"type":"test","event":"started","name":"liminal-rs::liminal$protocol::schema::tests::negotiation_reports_schema_incompatible_with_distinct_reason_code"}
{"type":"test","event":"ok","name":"liminal-rs::liminal$protocol::multiplex::tests::stream_id_trait_bounds_are_available","exec_time":0.021586917}
{"type":"test","event":"started","name":"liminal-rs::liminal$protocol::schema::tests::negotiation_requires_exact_schema_id_equality"}
{"type":"test","event":"ok","name":"liminal-rs::liminal$protocol::multiplex::tests::server_allocator_errors_after_final_even_stream_id","exec_time":0.023818417}
{"type":"test","event":"started","name":"liminal-rs::liminal$protocol::schema::tests::negotiation_selects_channel_schema_when_accepted"}
{"type":"test","event":"ok","name":"liminal-rs::liminal$protocol::multiplex::tests::stream_one_is_application_and_not_control","exec_time":0.026937834}
{"type":"test","event":"started","name":"liminal-rs::liminal$protocol::schema::tests::schema_incompatible_error_builds_subscribe_error_frame"}
{"type":"test","event":"ok","name":"liminal-rs::liminal$protocol::multiplex::tests::stream_zero_is_control_and_not_application","exec_time":0.021081709}
{"type":"test","event":"started","name":"liminal-rs::liminal$protocol::version::tests::deserialize_rejects_wrong_length"}
{"type":"test","event":"ok","name":"liminal-rs::liminal$protocol::schema::tests::negotiation_reports_schema_incompatible_with_distinct_reason_code","exec_time":0.018780459}
{"type":"test","event":"started","name":"liminal-rs::liminal$protocol::version::tests::negotiation_reports_version_mismatch"}
{"type":"test","event":"ok","name":"liminal-rs::liminal$protocol::multiplex::tests::transition_on_missing_stream_returns_protocol_error","exec_time":0.016957833}
{"type":"test","event":"started","name":"liminal-rs::liminal$protocol::version::tests::negotiation_selects_exact_single_version"}
{"type":"test","event":"ok","name":"liminal-rs::liminal$protocol::schema::tests::negotiation_accepts_empty_list_as_opt_out","exec_time":0.023589208}
{"type":"test","event":"started","name":"liminal-rs::liminal$protocol::version::tests::negotiation_selects_highest_mutual_version"}
{"type":"test","event":"ok","name":"liminal-rs::liminal$protocol::schema::tests::negotiation_requires_exact_schema_id_equality","exec_time":0.018425167}
{"type":"test","event":"started","name":"liminal-rs::liminal$protocol::version::tests::version_round_trips_through_wire_bytes"}
{"type":"test","event":"ok","name":"liminal-rs::liminal$protocol::multiplex::tests::transition_updates_existing_stream_state","exec_time":0.023059375}
{"type":"test","event":"started","name":"liminal-rs::liminal$protocol::version::tests::version_serializes_to_exactly_four_bytes"}
{"type":"test","event":"ok","name":"liminal-rs::liminal$protocol::version::tests::negotiation_selects_exact_single_version","exec_time":0.019354625}
{"type":"test","event":"started","name":"liminal-rs::liminal$protocol::version::tests::version_trait_bounds_are_available"}
{"type":"test","event":"ok","name":"liminal-rs::liminal$protocol::schema::tests::schema_incompatible_error_builds_subscribe_error_frame","exec_time":0.025413166}
{"type":"test","event":"ok","name":"liminal-rs::liminal$protocol::version::tests::deserialize_rejects_wrong_length","exec_time":0.018329791}
{"type":"test","event":"ok","name":"liminal-rs::liminal$protocol::schema::tests::negotiation_selects_channel_schema_when_accepted","exec_time":0.032202958}
{"type":"test","event":"started","name":"liminal-rs::liminal$routing::compiler::tests::and_places_existence_check_before_comparison"}
{"type":"test","event":"started","name":"liminal-rs::liminal$protocol::version::tests::versions_order_by_major_then_minor"}
{"type":"test","event":"started","name":"liminal-rs::liminal$routing::compiler::tests::and_extracts_more_frequent_field_first_among_equal_cost_clauses"}
{"type":"test","event":"ok","name":"liminal-rs::liminal$protocol::version::tests::negotiation_reports_version_mismatch","exec_time":0.017766917}
{"type":"test","event":"started","name":"liminal-rs::liminal$routing::compiler::tests::compile_borrows_predicate_unchanged"}
{"type":"test","event":"ok","name":"liminal-rs::liminal$protocol::version::tests::version_round_trips_through_wire_bytes","exec_time":0.021501917}
{"type":"test","event":"started","name":"liminal-rs::liminal$routing::compiler::tests::compiled_matches_direct_evaluation_for_all_combinations"}
{"type":"test","event":"ok","name":"liminal-rs::liminal$protocol::version::tests::version_serializes_to_exactly_four_bytes","exec_time":0.022867417}
{"type":"test","event":"started","name":"liminal-rs::liminal$routing::compiler::tests::reordering_preserves_result_for_existence_and_comparison"}
{"type":"test","event":"ok","name":"liminal-rs::liminal$protocol::version::tests::negotiation_selects_highest_mutual_version","exec_time":0.023963833}
{"type":"test","event":"started","name":"liminal-rs::liminal$routing::dispatch::tests::consumer_crash_reroutes_to_backup_with_real_sub_millisecond_latency"}
{"type":"test","event":"ok","name":"liminal-rs::liminal$protocol::version::tests::version_trait_bounds_are_available","exec_time":0.018371167}
{"type":"test","event":"started","name":"liminal-rs::liminal$routing::dispatch::tests::dispatch_links_to_selected_consumer_before_completion"}
{"type":"test","event":"ok","name":"liminal-rs::liminal$routing::compiler::tests::and_places_existence_check_before_comparison","exec_time":0.018261042}
{"type":"test","event":"started","name":"liminal-rs::liminal$routing::dispatch::tests::dispatch_selects_consumer_via_routing_function"}
{"type":"test","event":"ok","name":"liminal-rs::liminal$routing::compiler::tests::and_extracts_more_frequent_field_first_among_equal_cost_clauses","exec_time":0.01893425}
{"type":"test","event":"started","name":"liminal-rs::liminal$routing::dispatch::tests::empty_group_yields_no_consumer_available"}
{"type":"test","event":"ok","name":"liminal-rs::liminal$protocol::version::tests::versions_order_by_major_then_minor","exec_time":0.019086375}
{"type":"test","event":"started","name":"liminal-rs::liminal$routing::dispatch::tests::no_remaining_consumer_after_crash_is_an_error"}
{"type":"test","event":"ok","name":"liminal-rs::liminal$routing::compiler::tests::compile_borrows_predicate_unchanged","exec_time":0.020254083}
{"type":"test","event":"started","name":"liminal-rs::liminal$routing::dispatch::tests::registration_helper_constructs_consumer_state"}
{"type":"test","event":"ok","name":"liminal-rs::liminal$routing::compiler::tests::compiled_matches_direct_evaluation_for_all_combinations","exec_time":0.017289208}
{"type":"test","event":"started","name":"liminal-rs::liminal$routing::dispatch::tests::reroute_timing_spans_real_exit_to_reroute_via_event_path"}
{"type":"test","event":"ok","name":"liminal-rs::liminal$routing::compiler::tests::reordering_preserves_result_for_existence_and_comparison","exec_time":0.017631458}
{"type":"test","event":"started","name":"liminal-rs::liminal$routing::evaluate::tests::and_short_circuits_at_first_false"}
{"type":"test","event":"ok","name":"liminal-rs::liminal$routing::dispatch::tests::empty_group_yields_no_consumer_available","exec_time":0.017312875}
{"type":"test","event":"started","name":"liminal-rs::liminal$routing::evaluate::tests::comparison_returns_false_for_missing_field"}
{"type":"test","event":"ok","name":"liminal-rs::liminal$routing::dispatch::tests::registration_helper_constructs_consumer_state","exec_time":0.014828542}
{"type":"test","event":"started","name":"liminal-rs::liminal$routing::evaluate::tests::empty_boolean_combinators_have_vacuous_values"}
{"type":"test","event":"ok","name":"liminal-rs::liminal$routing::evaluate::tests::and_short_circuits_at_first_false","exec_time":0.013565833}
{"type":"test","event":"started","name":"liminal-rs::liminal$routing::evaluate::tests::exists_returns_false_for_missing_field"}
{"type":"test","event":"ok","name":"liminal-rs::liminal$routing::evaluate::tests::comparison_returns_false_for_missing_field","exec_time":0.0127075}
{"type":"test","event":"started","name":"liminal-rs::liminal$routing::evaluate::tests::exists_returns_true_for_present_field"}
{"type":"test","event":"ok","name":"liminal-rs::liminal$routing::evaluate::tests::empty_boolean_combinators_have_vacuous_values","exec_time":0.014908834}
{"type":"test","event":"started","name":"liminal-rs::liminal$routing::evaluate::tests::integer_greater_than_comparison_matches"}
{"type":"test","event":"ok","name":"liminal-rs::liminal$routing::dispatch::tests::no_remaining_consumer_after_crash_is_an_error","exec_time":0.032969125}
{"type":"test","event":"started","name":"liminal-rs::liminal$routing::evaluate::tests::integer_greater_than_comparison_rejects_lower_value"}
{"type":"test","event":"ok","name":"liminal-rs::liminal$routing::evaluate::tests::exists_returns_false_for_missing_field","exec_time":0.012465416}
{"type":"test","event":"started","name":"liminal-rs::liminal$routing::evaluate::tests::not_negates_child_predicate"}
{"type":"test","event":"ok","name":"liminal-rs::liminal$routing::evaluate::tests::exists_returns_true_for_present_field","exec_time":0.015314584}
{"type":"test","event":"started","name":"liminal-rs::liminal$routing::evaluate::tests::or_short_circuits_at_first_true"}
{"type":"test","event":"ok","name":"liminal-rs::liminal$routing::evaluate::tests::integer_greater_than_comparison_matches","exec_time":0.014865584}
{"type":"test","event":"started","name":"liminal-rs::liminal$routing::evaluate::tests::range_includes_middle_and_bounds"}
{"type":"test","event":"ok","name":"liminal-rs::liminal$routing::evaluate::tests::integer_greater_than_comparison_rejects_lower_value","exec_time":0.019611625}
{"type":"test","event":"started","name":"liminal-rs::liminal$routing::evaluate::tests::range_rejects_missing_field"}
{"type":"test","event":"ok","name":"liminal-rs::liminal$routing::evaluate::tests::or_short_circuits_at_first_true","exec_time":0.016989}
{"type":"test","event":"started","name":"liminal-rs::liminal$routing::evaluate::tests::range_rejects_type_mismatch"}
{"type":"test","event":"ok","name":"liminal-rs::liminal$routing::evaluate::tests::not_negates_child_predicate","exec_time":0.024845292}
{"type":"test","event":"started","name":"liminal-rs::liminal$routing::evaluate::tests::range_rejects_value_below_lower_bound"}
{"type":"test","event":"ok","name":"liminal-rs::liminal$routing::evaluate::tests::range_includes_middle_and_bounds","exec_time":0.024961041}
{"type":"test","event":"started","name":"liminal-rs::liminal$routing::function::execute::actor::cooperative_smoke::real_routing_actor_replies_to_a_cooperative_call_async"}
{"type":"test","event":"ok","name":"liminal-rs::liminal$routing::evaluate::tests::range_rejects_missing_field","exec_time":0.019147958}
{"type":"test","event":"started","name":"liminal-rs::liminal$routing::function::execute::tests::execution_returns_decision_using_consumer_state_view"}
{"type":"test","event":"ok","name":"liminal-rs::liminal$routing::evaluate::tests::range_rejects_type_mismatch","exec_time":0.018845208}
{"type":"test","event":"started","name":"liminal-rs::liminal$routing::function::execute::tests::function_exceeding_timeout_is_terminated_with_error"}
{"type":"test","event":"ok","name":"liminal-rs::liminal$routing::evaluate::tests::range_rejects_value_below_lower_bound","exec_time":0.012651542}
{"type":"test","event":"started","name":"liminal-rs::liminal$routing::function::execute::tests::hot_deploy_does_not_interrupt_in_flight_and_swaps_next_version"}
{"type":"test","event":"ok","name":"liminal-rs::liminal$routing::function::execute::actor::cooperative_smoke::real_routing_actor_replies_to_a_cooperative_call_async","exec_time":0.014389458}
{"type":"test","event":"started","name":"liminal-rs::liminal$routing::function::execute::tests::message_fields_are_visible_to_routing_function"}
{"type":"test","event":"ok","name":"liminal-protocol::acceptance_45_51$acceptance_case_50_reconnect_permits_are_single_use_and_wait_inventory_is_total","exec_time":1.095598125}
{"type":"suite","event":"ok","passed":9,"failed":0,"ignored":0,"measured":0,"filtered_out":0,"exec_time":1.208538919,"nextest":{"crate":"liminal-protocol","test_binary":"acceptance_45_51","kind":"test"}}
{"type":"test","event":"started","name":"liminal-rs::liminal$routing::function::execute::tests::panic_in_function_is_contained_and_other_channels_proceed"}
{"type":"test","event":"ok","name":"liminal-rs::liminal$routing::function::execute::tests::message_fields_are_visible_to_routing_function","exec_time":0.017531166}
{"type":"test","event":"started","name":"liminal-rs::liminal$routing::function::execute::tests::repeated_panics_do_not_poison_the_shared_supervisor"}
{"type":"test","event":"ok","name":"liminal-rs::liminal$routing::function::execute::tests::hot_deploy_does_not_interrupt_in_flight_and_swaps_next_version","exec_time":0.022002458}
{"type":"test","event":"started","name":"liminal-rs::liminal$routing::function::loader::tests::content_hash_is_stable_and_distinguishes_bytecode"}
{"type":"test","event":"ok","name":"liminal-rs::liminal$routing::function::loader::tests::content_hash_is_stable_and_distinguishes_bytecode","exec_time":0.01464}
{"type":"test","event":"started","name":"liminal-rs::liminal$routing::function::loader::tests::load_returns_executable_function_keyed_by_content_hash"}
{"type":"test","event":"ok","name":"liminal-rs::liminal$routing::function::execute::tests::panic_in_function_is_contained_and_other_channels_proceed","exec_time":0.020502916}
{"type":"test","event":"started","name":"liminal-rs::liminal$routing::function::loader::tests::loading_same_content_hash_twice_does_not_duplicate"}
{"type":"test","event":"ok","name":"liminal-rs::liminal$routing::function::execute::tests::execution_returns_decision_using_consumer_state_view","exec_time":0.048559833}
{"type":"test","event":"started","name":"liminal-rs::liminal$routing::function::loader::tests::slot_deploy_swaps_active_function"}
{"type":"test","event":"ok","name":"liminal-rs::liminal$routing::function::loader::tests::load_returns_executable_function_keyed_by_content_hash","exec_time":0.012265542}
{"type":"test","event":"started","name":"liminal-rs::liminal$routing::group::tests::consumer_set_is_ordered_and_deduplicated"}
{"type":"test","event":"ok","name":"liminal-rs::liminal$routing::function::loader::tests::slot_deploy_swaps_active_function","exec_time":0.012014583}
{"type":"test","event":"ok","name":"liminal-rs::liminal$routing::function::loader::tests::loading_same_content_hash_twice_does_not_duplicate","exec_time":0.011928916}
{"type":"test","event":"started","name":"liminal-rs::liminal$routing::group::tests::remove_consumer_affects_future_snapshots_only"}
{"type":"test","event":"started","name":"liminal-rs::liminal$routing::group::tests::new_group_has_routing_function_and_empty_consumer_set"}
{"type":"test","event":"ok","name":"liminal-rs::liminal$routing::group::tests::consumer_set_is_ordered_and_deduplicated","exec_time":0.012911291}
{"type":"test","event":"started","name":"liminal-rs::liminal$routing::predicate::tests::boolean_combinators_construct"}
{"type":"test","event":"ok","name":"liminal-rs::liminal$durability::store::ephemeral_lifecycle_tests::repeated_ephemeral_cycles_each_own_distinct_dir_zero_residue","exec_time":0.6698885}
{"type":"test","event":"started","name":"liminal-rs::liminal$routing::predicate::tests::comparison_debug_round_trips_all_variants"}
{"type":"test","event":"ok","name":"liminal-rs::liminal$routing::group::tests::remove_consumer_affects_future_snapshots_only","exec_time":0.014429667}
{"type":"test","event":"started","name":"liminal-rs::liminal$routing::predicate::tests::comparison_predicate_constructs"}
{"type":"test","event":"ok","name":"liminal-rs::liminal$routing::group::tests::new_group_has_routing_function_and_empty_consumer_set","exec_time":0.015051125}
{"type":"test","event":"started","name":"liminal-rs::liminal$routing::predicate::tests::empty_boolean_combinators_construct"}
{"type":"test","event":"ok","name":"liminal-rs::liminal$routing::function::execute::tests::repeated_panics_do_not_poison_the_shared_supervisor","exec_time":0.051647542}
{"type":"test","event":"started","name":"liminal-rs::liminal$routing::predicate::tests::field_path_segments_are_borrowed_dot_parts"}
{"type":"test","event":"ok","name":"liminal-rs::liminal$routing::predicate::tests::comparison_debug_round_trips_all_variants","exec_time":0.015399833}
{"type":"test","event":"started","name":"liminal-rs::liminal$routing::predicate::tests::range_and_exists_predicates_construct"}
{"type":"test","event":"ok","name":"liminal-rs::liminal$routing::predicate::tests::boolean_combinators_construct","exec_time":0.019031791}
{"type":"test","event":"started","name":"liminal-rs::liminal$routing::predicate::tests::routing_root_re_exports_predicate_types"}
{"type":"test","event":"ok","name":"liminal-rs::liminal$routing::predicate::tests::empty_boolean_combinators_construct","exec_time":0.013890542}
{"type":"test","event":"started","name":"liminal-rs::liminal$routing::table::tests::multiple_subscriptions_on_channel_are_evaluated_independently"}
{"type":"test","event":"ok","name":"liminal-rs::liminal$routing::predicate::tests::comparison_predicate_constructs","exec_time":0.014417542}
{"type":"test","event":"ok","name":"liminal-rs::liminal$routing::predicate::tests::field_path_segments_are_borrowed_dot_parts","exec_time":0.012984}
{"type":"test","event":"started","name":"liminal-rs::liminal$routing::table::tests::register_does_not_block_active_resolve"}
{"type":"test","event":"started","name":"liminal-rs::liminal$routing::table::tests::new_table_is_empty"}
{"type":"test","event":"ok","name":"liminal-rs::liminal$routing::predicate::tests::routing_root_re_exports_predicate_types","exec_time":0.01390925}
{"type":"test","event":"started","name":"liminal-rs::liminal$routing::table::tests::register_during_active_resolve_preserves_state"}
{"type":"test","event":"ok","name":"liminal-rs::liminal$routing::table::tests::multiple_subscriptions_on_channel_are_evaluated_independently","exec_time":0.011975333}
{"type":"test","event":"started","name":"liminal-rs::liminal$routing::table::tests::remove_does_not_block_active_resolve"}
{"type":"test","event":"ok","name":"liminal-rs::liminal$routing::table::tests::new_table_is_empty","exec_time":0.012033458}
{"type":"test","event":"started","name":"liminal-rs::liminal$routing::table::tests::removing_last_subscription_makes_channel_resolve_empty"}
{"type":"test","event":"ok","name":"liminal-rs::liminal$routing::predicate::tests::range_and_exists_predicates_construct","exec_time":0.014520625}
{"type":"test","event":"started","name":"liminal-rs::liminal$routing::table::tests::resolve_nonexistent_channel_returns_empty_set"}
{"type":"test","event":"ok","name":"liminal-rs::liminal$routing::table::tests::register_does_not_block_active_resolve","exec_time":0.013388125}
{"type":"test","event":"started","name":"liminal-rs::liminal$routing::table::tests::resolve_returns_empty_when_no_subscription_matches"}
{"type":"test","event":"ok","name":"liminal-rs::liminal$routing::table::tests::remove_does_not_block_active_resolve","exec_time":0.013283875}
{"type":"test","event":"started","name":"liminal-rs::liminal$routing::table::tests::resolve_returns_matching_subscription"}
{"type":"test","event":"ok","name":"liminal-rs::liminal$routing::table::tests::removing_last_subscription_makes_channel_resolve_empty","exec_time":0.013237625}
{"type":"test","event":"started","name":"liminal-rs::liminal$routing::table::tests::routing_table_is_send_and_sync"}
{"type":"test","event":"ok","name":"liminal-rs::liminal$routing::table::tests::register_during_active_resolve_preserves_state","exec_time":0.016858417}
{"type":"test","event":"started","name":"liminal-rs::liminal$routing::table::tests::updater_completion_is_observed_before_resolve_release"}
{"type":"test","event":"ok","name":"liminal-rs::liminal$routing::table::tests::resolve_nonexistent_channel_returns_empty_set","exec_time":0.017269}
{"type":"test","event":"started","name":"liminal-rs::liminal$tracing::context::tests::child_preserves_trace_id_and_changes_span_id"}
{"type":"test","event":"ok","name":"liminal-rs::liminal$routing::table::tests::resolve_returns_empty_when_no_subscription_matches","exec_time":0.019377125}
{"type":"test","event":"started","name":"liminal-rs::liminal$tracing::context::tests::from_ids_round_trips"}
{"type":"test","event":"ok","name":"liminal-rs::liminal$routing::table::tests::routing_table_is_send_and_sync","exec_time":0.012203625}
{"type":"test","event":"started","name":"liminal-rs::liminal$tracing::context::tests::invalid_traceparents_return_none"}
{"type":"test","event":"ok","name":"liminal-rs::liminal$routing::table::tests::resolve_returns_matching_subscription","exec_time":0.0125625}
{"type":"test","event":"started","name":"liminal-rs::liminal$tracing::context::tests::new_root_generates_non_zero_ids"}
{"type":"test","event":"ok","name":"liminal-rs::liminal$tracing::context::tests::child_preserves_trace_id_and_changes_span_id","exec_time":0.011949541}
{"type":"test","event":"started","name":"liminal-rs::liminal$tracing::context::tests::roots_have_distinct_trace_ids"}
{"type":"test","event":"ok","name":"liminal-rs::liminal$routing::table::tests::updater_completion_is_observed_before_resolve_release","exec_time":0.0151465}
{"type":"test","event":"started","name":"liminal-rs::liminal$tracing::context::tests::traceparent_round_trips"}
{"type":"test","event":"ok","name":"liminal-rs::liminal$tracing::context::tests::from_ids_round_trips","exec_time":0.012417208}
{"type":"test","event":"started","name":"liminal-rs::liminal$tracing::logging::tests::builder_captures_active_trace_context_at_build_time"}
{"type":"test","event":"ok","name":"liminal-rs::liminal$tracing::context::tests::invalid_traceparents_return_none","exec_time":0.013332041}
{"type":"test","event":"started","name":"liminal-rs::liminal$tracing::logging::tests::builder_constructs_structured_entries"}
{"type":"test","event":"ok","name":"liminal-rs::liminal$tracing::context::tests::new_root_generates_non_zero_ids","exec_time":0.013663708}
{"type":"test","event":"started","name":"liminal-rs::liminal$tracing::logging::tests::builder_records_no_context_after_span_leaves_scope"}
{"type":"test","event":"ok","name":"liminal-rs::liminal$tracing::context::tests::roots_have_distinct_trace_ids","exec_time":0.015808291}
{"type":"test","event":"started","name":"liminal-rs::liminal$tracing::logging::tests::global_log_path_is_no_op_until_installed_then_emits_with_trace_context"}
{"type":"test","event":"ok","name":"liminal-rs::liminal$tracing::context::tests::traceparent_round_trips","exec_time":0.013408458}
{"type":"test","event":"started","name":"liminal-rs::liminal$tracing::logging::tests::log_levels_are_ordered_by_severity"}
{"type":"test","event":"ok","name":"liminal-rs::liminal$tracing::logging::tests::builder_captures_active_trace_context_at_build_time","exec_time":0.011771834}
{"type":"test","event":"started","name":"liminal-rs::liminal$tracing::logging::tests::minimum_level_filter_discards_lower_severity_entries"}
{"type":"test","event":"ok","name":"liminal-rs::liminal$tracing::logging::tests::builder_records_no_context_after_span_leaves_scope","exec_time":0.011612959}
{"type":"test","event":"started","name":"liminal-rs::liminal$tracing::logging::tests::noop_emitter_discards_entries"}
{"type":"test","event":"ok","name":"liminal-rs::liminal$tracing::logging::tests::builder_constructs_structured_entries","exec_time":0.017587458}
{"type":"test","event":"started","name":"liminal-rs::liminal$tracing::logging::tests::public_logging_types_are_debug"}
{"type":"test","event":"ok","name":"liminal-rs::liminal$tracing::logging::tests::global_log_path_is_no_op_until_installed_then_emits_with_trace_context","exec_time":0.013886625}
{"type":"test","event":"started","name":"liminal-rs::liminal$tracing::span::tests::conversation_span_creates_root_and_child_contexts"}
{"type":"test","event":"ok","name":"liminal-rs::liminal$tracing::logging::tests::log_levels_are_ordered_by_severity","exec_time":0.015852917}
{"type":"test","event":"started","name":"liminal-rs::liminal$tracing::span::tests::finished_span_is_clone_debug"}
{"type":"test","event":"ok","name":"liminal-rs::liminal$tracing::logging::tests::minimum_level_filter_discards_lower_severity_entries","exec_time":0.015824125}
{"type":"test","event":"started","name":"liminal-rs::liminal$tracing::span::tests::noop_collector_discards_spans"}
{"type":"test","event":"ok","name":"liminal-rs::liminal$tracing::logging::tests::noop_emitter_discards_entries","exec_time":0.018392333}
{"type":"test","event":"started","name":"liminal-rs::liminal$tracing::span::tests::span_finish_returns_finished_span"}
{"type":"test","event":"ok","name":"liminal-rs::liminal$tracing::span::tests::noop_collector_discards_spans","exec_time":0.01294125}
{"type":"test","event":"started","name":"liminal-rs::liminal$tracing::span::tests::span_guard_sets_and_restores_current_context"}
{"type":"test","event":"ok","name":"liminal-rs::liminal$tracing::logging::tests::public_logging_types_are_debug","exec_time":0.017500709}
{"type":"test","event":"started","name":"liminal-rs::liminal$tracing::span::tests::span_start_is_now"}
{"type":"test","event":"ok","name":"liminal-rs::liminal$tracing::span::tests::finished_span_is_clone_debug","exec_time":0.015930167}
{"type":"suite","event":"started","test_count":5,"nextest":{"crate":"liminal-rs","test_binary":"channel_metrics","kind":"test"}}
{"type":"test","event":"started","name":"liminal-rs::channel_metrics$channel_metrics_is_clone_debug"}
{"type":"test","event":"ok","name":"liminal-rs::liminal$tracing::span::tests::conversation_span_creates_root_and_child_contexts","exec_time":0.018728708}
{"type":"test","event":"started","name":"liminal-rs::channel_metrics$delivery_latency_records_configured_histogram"}
{"type":"test","event":"ok","name":"liminal-rs::liminal$routing::dispatch::tests::dispatch_links_to_selected_consumer_before_completion","exec_time":0.2746665}
{"type":"test","event":"started","name":"liminal-rs::channel_metrics$queue_depth_sets_absolute_value"}
{"type":"test","event":"ok","name":"liminal-rs::liminal$tracing::span::tests::span_finish_returns_finished_span","exec_time":0.015888583}
{"type":"test","event":"started","name":"liminal-rs::channel_metrics$record_publish_counts_per_channel"}
{"type":"test","event":"ok","name":"liminal-rs::liminal$tracing::span::tests::span_start_is_now","exec_time":0.011336375}
{"type":"test","event":"started","name":"liminal-rs::channel_metrics$subscriber_count_tracks_active_subscribers"}
{"type":"test","event":"ok","name":"liminal-rs::liminal$tracing::span::tests::span_guard_sets_and_restores_current_context","exec_time":0.0211205}
{"type":"suite","event":"started","test_count":8,"nextest":{"crate":"liminal-rs","test_binary":"conversation_metrics","kind":"test"}}
{"type":"test","event":"started","name":"liminal-rs::conversation_metrics$active_count_tracks_open_conversations"}
{"type":"test","event":"ok","name":"liminal-rs::liminal$routing::dispatch::tests::reroute_timing_spans_real_exit_to_reroute_via_event_path","exec_time":0.27293775}
{"type":"test","event":"started","name":"liminal-rs::conversation_metrics$completion_count_tracks_successful_terminal_events"}
{"type":"test","event":"ok","name":"liminal-rs::channel_metrics$delivery_latency_records_configured_histogram","exec_time":0.021524875}
{"type":"test","event":"started","name":"liminal-rs::conversation_metrics$conversation_metrics_is_clone_debug"}
{"type":"test","event":"ok","name":"liminal-rs::channel_metrics$channel_metrics_is_clone_debug","exec_time":0.021668417}
{"type":"test","event":"started","name":"liminal-rs::conversation_metrics$conversation_outcome_has_expected_variants"}
{"type":"test","event":"ok","name":"liminal-rs::liminal$routing::dispatch::tests::consumer_crash_reroutes_to_backup_with_real_sub_millisecond_latency","exec_time":0.300740583}
{"type":"test","event":"started","name":"liminal-rs::conversation_metrics$duration_records_seconds_into_configured_histogram"}
{"type":"test","event":"ok","name":"liminal-rs::channel_metrics$record_publish_counts_per_channel","exec_time":0.017407333}
{"type":"test","event":"ok","name":"liminal-rs::channel_metrics$queue_depth_sets_absolute_value","exec_time":0.017693083}
{"type":"test","event":"ok","name":"liminal-rs::channel_metrics$subscriber_count_tracks_active_subscribers","exec_time":0.017340667}
{"type":"suite","event":"ok","passed":5,"failed":0,"ignored":0,"measured":0,"filtered_out":0,"exec_time":0.095634375,"nextest":{"crate":"liminal-rs","test_binary":"channel_metrics","kind":"test"}}
{"type":"test","event":"ok","name":"liminal-rs::liminal$routing::dispatch::tests::dispatch_selects_consumer_via_routing_function","exec_time":0.29258125}
{"type":"suite","event":"started","test_count":6,"nextest":{"crate":"liminal-rs","test_binary":"durability_channel","kind":"test"}}
{"type":"test","event":"started","name":"liminal-rs::durability_channel$durable_channel_tracks_per_partition_next_sequences"}
{"type":"test","event":"started","name":"liminal-rs::conversation_metrics$terminal_completed_records_completion_duration_and_end"}
{"type":"test","event":"started","name":"liminal-rs::conversation_metrics$terminal_failures_record_error_duration_and_end"}
{"type":"test","event":"started","name":"liminal-rs::conversation_metrics$error_count_tracks_failed_terminal_events"}
{"type":"test","event":"ok","name":"liminal-rs::conversation_metrics$active_count_tracks_open_conversations","exec_time":0.018238167}
{"type":"test","event":"started","name":"liminal-rs::durability_channel$durable_publish_appends_serialized_envelope_before_returning_ok"}
{"type":"test","event":"ok","name":"liminal-rs::conversation_metrics$completion_count_tracks_successful_terminal_events","exec_time":0.019154042}
{"type":"test","event":"started","name":"liminal-rs::durability_channel$durable_publish_propagates_sequence_conflict_without_retry"}
{"type":"test","event":"ok","name":"liminal-rs::conversation_metrics$conversation_metrics_is_clone_debug","exec_time":0.015910416}
{"type":"test","event":"started","name":"liminal-rs::durability_channel$ephemeral_channel_has_no_store_and_performs_no_store_operations"}
{"type":"test","event":"ok","name":"liminal-rs::conversation_metrics$conversation_outcome_has_expected_variants","exec_time":0.015487875}
{"type":"test","event":"ok","name":"liminal-rs::conversation_metrics$terminal_completed_records_completion_duration_and_end","exec_time":0.012075166}
{"type":"test","event":"started","name":"liminal-rs::durability_channel$partition_routing_uses_key_function_and_modulo"}
{"type":"test","event":"started","name":"liminal-rs::durability_channel$message_envelope_round_trips_with_deterministic_bytes"}
{"type":"test","event":"ok","name":"liminal-rs::conversation_metrics$terminal_failures_record_error_duration_and_end","exec_time":0.013035666}
{"type":"suite","event":"started","test_count":7,"nextest":{"crate":"liminal-rs","test_binary":"durability_foundation","kind":"test"}}
{"type":"test","event":"started","name":"liminal-rs::durability_foundation$cas_to_offset_zero_does_not_brick_a_cursor_that_later_advances"}
{"type":"test","event":"ok","name":"liminal-rs::durability_channel$durable_channel_tracks_per_partition_next_sequences","exec_time":0.015978208}
{"type":"test","event":"started","name":"liminal-rs::durability_foundation$durability_config_validates_fields_and_exposes_values"}
{"type":"test","event":"ok","name":"liminal-rs::conversation_metrics$duration_records_seconds_into_configured_histogram","exec_time":0.024225834}
{"type":"test","event":"started","name":"liminal-rs::durability_foundation$durability_error_variants_carry_required_context_and_error_trait"}
{"type":"test","event":"ok","name":"liminal-rs::conversation_metrics$error_count_tracks_failed_terminal_events","exec_time":0.023499792}
{"type":"suite","event":"ok","passed":8,"failed":0,"ignored":0,"measured":0,"filtered_out":0,"exec_time":0.141626958,"nextest":{"crate":"liminal-rs","test_binary":"conversation_metrics","kind":"test"}}
{"type":"test","event":"started","name":"liminal-rs::durability_foundation$durable_store_trait_is_object_safe_and_has_expected_entry_shape"}
{"type":"test","event":"ok","name":"liminal-rs::durability_channel$durable_publish_appends_serialized_envelope_before_returning_ok","exec_time":0.01439775}
{"type":"test","event":"started","name":"liminal-rs::durability_foundation$haematite_store_delegates_append_read_scan_and_maps_sequence_conflict"}
{"type":"test","event":"ok","name":"liminal-rs::durability_channel$durable_publish_propagates_sequence_conflict_without_retry","exec_time":0.014925666}
{"type":"test","event":"started","name":"liminal-rs::durability_foundation$haematite_store_delegates_cas_and_maps_mismatch_to_cursor_regression"}
{"type":"test","event":"ok","name":"liminal-rs::durability_channel$ephemeral_channel_has_no_store_and_performs_no_store_operations","exec_time":0.01772125}
{"type":"test","event":"started","name":"liminal-rs::durability_foundation$haematite_store_point_read_returns_only_the_exact_physical_event"}
{"type":"test","event":"ok","name":"liminal-rs::durability_channel$message_envelope_round_trips_with_deterministic_bytes","exec_time":0.01900225}
{"type":"suite","event":"started","test_count":2,"nextest":{"crate":"liminal-rs","test_binary":"durability_real_persistence","kind":"test"}}
{"type":"test","event":"started","name":"liminal-rs::durability_real_persistence$cursor_checkpoint_round_trip_against_the_real_engine"}
{"type":"test","event":"ok","name":"liminal-rs::durability_channel$partition_routing_uses_key_function_and_modulo","exec_time":0.020203208}
{"type":"suite","event":"ok","passed":6,"failed":0,"ignored":0,"measured":0,"filtered_out":0,"exec_time":0.102228332,"nextest":{"crate":"liminal-rs","test_binary":"durability_channel","kind":"test"}}
{"type":"test","event":"started","name":"liminal-rs::durability_real_persistence$durable_channel_messages_survive_a_real_on_disk_reopen"}
{"type":"test","event":"ok","name":"liminal-rs::liminal$routing::function::execute::tests::function_exceeding_timeout_is_terminated_with_error","exec_time":0.25212875}
{"type":"suite","event":"ok","passed":340,"failed":0,"ignored":0,"measured":0,"filtered_out":0,"exec_time":10.555279955,"nextest":{"crate":"liminal-rs","test_binary":"liminal","kind":"lib"}}
{"type":"suite","event":"started","test_count":7,"nextest":{"crate":"liminal-rs","test_binary":"metrics_registry","kind":"test"}}
{"type":"test","event":"started","name":"liminal-rs::metrics_registry$counter_saturates_instead_of_wrapping"}
{"type":"test","event":"ok","name":"liminal-rs::durability_foundation$durability_config_validates_fields_and_exposes_values","exec_time":0.030731875}
{"type":"test","event":"started","name":"liminal-rs::metrics_registry$duplicate_name_with_different_kind_returns_error"}
{"type":"test","event":"ok","name":"liminal-rs::durability_foundation$durability_error_variants_carry_required_context_and_error_trait","exec_time":0.030097083}
{"type":"test","event":"started","name":"liminal-rs::metrics_registry$histogram_registration_rejects_more_than_fixed_bucket_limit"}
{"type":"test","event":"ok","name":"liminal-rs::metrics_registry$counter_saturates_instead_of_wrapping","exec_time":0.023037792}
{"type":"test","event":"started","name":"liminal-rs::metrics_registry$metrics_registry_is_clone_send_sync"}
{"type":"test","event":"ok","name":"liminal-rs::metrics_registry$duplicate_name_with_different_kind_returns_error","exec_time":0.020009708}
{"type":"test","event":"started","name":"liminal-rs::metrics_registry$metrics_snapshot_is_owned_static_debug"}
{"type":"test","event":"ok","name":"liminal-rs::metrics_registry$histogram_registration_rejects_more_than_fixed_bucket_limit","exec_time":0.014814792}
{"type":"test","event":"started","name":"liminal-rs::metrics_registry$snapshot_contains_owned_metric_values"}
{"type":"test","event":"ok","name":"liminal-rs::metrics_registry$metrics_registry_is_clone_send_sync","exec_time":0.011745917}
{"type":"test","event":"started","name":"liminal-rs::metrics_registry$snapshot_tolerates_concurrent_writes"}
{"type":"test","event":"ok","name":"liminal-rs::metrics_registry$metrics_snapshot_is_owned_static_debug","exec_time":0.020214958}
{"type":"suite","event":"started","test_count":9,"nextest":{"crate":"liminal-rs","test_binary":"pressure_metrics","kind":"test"}}
{"type":"test","event":"started","name":"liminal-rs::pressure_metrics$delivery_outcome_has_exactly_three_variants"}
{"type":"test","event":"ok","name":"liminal-rs::metrics_registry$snapshot_contains_owned_metric_values","exec_time":0.021976917}
{"type":"test","event":"started","name":"liminal-rs::pressure_metrics$pressure_metrics_is_clone_debug"}
{"type":"test","event":"ok","name":"liminal-rs::metrics_registry$snapshot_tolerates_concurrent_writes","exec_time":0.024549125}
{"type":"suite","event":"ok","passed":7,"failed":0,"ignored":0,"measured":0,"filtered_out":0,"exec_time":0.136349209,"nextest":{"crate":"liminal-rs","test_binary":"metrics_registry","kind":"test"}}
{"type":"test","event":"started","name":"liminal-rs::pressure_metrics$record_defer_counts_per_channel"}
{"type":"test","event":"ok","name":"liminal-rs::pressure_metrics$delivery_outcome_has_exactly_three_variants","exec_time":0.026158}
{"type":"test","event":"started","name":"liminal-rs::pressure_metrics$record_delivery_outcome_accepted_is_noop"}
{"type":"test","event":"ok","name":"liminal-rs::pressure_metrics$pressure_metrics_is_clone_debug","exec_time":0.027489083}
{"type":"test","event":"started","name":"liminal-rs::pressure_metrics$record_delivery_outcome_deferred_increments_defer"}
{"type":"test","event":"ok","name":"liminal-rs::pressure_metrics$record_defer_counts_per_channel","exec_time":0.011741292}
{"type":"test","event":"started","name":"liminal-rs::pressure_metrics$record_delivery_outcome_rejected_increments_reject"}
{"type":"test","event":"ok","name":"liminal-rs::durability_foundation$durable_store_trait_is_object_safe_and_has_expected_entry_shape","exec_time":0.127976833}
{"type":"test","event":"started","name":"liminal-rs::pressure_metrics$record_reject_counts_per_channel"}
{"type":"test","event":"ok","name":"liminal-rs::pressure_metrics$record_delivery_outcome_deferred_increments_defer","exec_time":0.011063292}
{"type":"test","event":"started","name":"liminal-rs::pressure_metrics$set_capacity_utilization_does_not_clamp"}
{"type":"test","event":"ok","name":"liminal-rs::pressure_metrics$record_delivery_outcome_accepted_is_noop","exec_time":0.016864916}
{"type":"test","event":"started","name":"liminal-rs::pressure_metrics$set_capacity_utilization_sets_gauge_per_consumer"}
{"type":"test","event":"ok","name":"liminal-rs::pressure_metrics$record_delivery_outcome_rejected_increments_reject","exec_time":0.015867042}
{"type":"suite","event":"started","test_count":63,"nextest":{"crate":"liminal-sdk","test_binary":"liminal_sdk","kind":"lib"}}
{"type":"test","event":"started","name":"liminal-sdk::liminal_sdk$connection::lifecycle::tests::disconnect_from_connecting_is_observable"}
{"type":"test","event":"ok","name":"liminal-rs::pressure_metrics$set_capacity_utilization_does_not_clamp","exec_time":0.013221041}
{"type":"test","event":"started","name":"liminal-sdk::liminal_sdk$connection::lifecycle::tests::disconnect_from_disconnected_is_rejected_without_mutation"}
{"type":"test","event":"ok","name":"liminal-rs::pressure_metrics$record_reject_counts_per_channel","exec_time":0.013522042}
{"type":"test","event":"started","name":"liminal-sdk::liminal_sdk$connection::lifecycle::tests::disconnect_from_reconnecting_is_observable"}
{"type":"test","event":"ok","name":"liminal-rs::pressure_metrics$set_capacity_utilization_sets_gauge_per_consumer","exec_time":0.014463125}
{"type":"suite","event":"ok","passed":9,"failed":0,"ignored":0,"measured":0,"filtered_out":0,"exec_time":0.150389833,"nextest":{"crate":"liminal-rs","test_binary":"pressure_metrics","kind":"test"}}
{"type":"test","event":"started","name":"liminal-sdk::liminal_sdk$connection::lifecycle::tests::disconnected_to_connected_is_rejected"}
{"type":"test","event":"ok","name":"liminal-sdk::liminal_sdk$connection::lifecycle::tests::disconnect_from_connecting_is_observable","exec_time":0.029345792}
{"type":"test","event":"ok","name":"liminal-sdk::liminal_sdk$connection::lifecycle::tests::disconnect_from_disconnected_is_rejected_without_mutation","exec_time":0.017233083}
{"type":"test","event":"started","name":"liminal-sdk::liminal_sdk$connection::lifecycle::tests::observers_receive_successful_transitions"}
{"type":"test","event":"ok","name":"liminal-sdk::liminal_sdk$connection::lifecycle::tests::disconnect_from_reconnecting_is_observable","exec_time":0.01716875}
{"type":"test","event":"started","name":"liminal-sdk::liminal_sdk$connection::lifecycle::tests::externally_authorized_reconnect_has_no_delay_or_retry_counter"}
{"type":"test","event":"started","name":"liminal-sdk::liminal_sdk$connection::pool::tests::invalid_pool_size_is_rejected"}
{"type":"test","event":"ok","name":"liminal-sdk::liminal_sdk$connection::lifecycle::tests::disconnected_to_connected_is_rejected","exec_time":0.019791792}
{"type":"test","event":"started","name":"liminal-sdk::liminal_sdk$connection::pool::tests::multiple_subscriptions_share_configured_connections"}
{"type":"test","event":"ok","name":"liminal-sdk::liminal_sdk$connection::pool::tests::multiple_subscriptions_share_configured_connections","exec_time":0.012435542}
{"type":"test","event":"started","name":"liminal-sdk::liminal_sdk$connection::pool::tests::non_reconnect_transition_does_not_resume"}
{"type":"test","event":"ok","name":"liminal-sdk::liminal_sdk$connection::lifecycle::tests::observers_receive_successful_transitions","exec_time":0.014647167}
{"type":"test","event":"ok","name":"liminal-sdk::liminal_sdk$connection::pool::tests::invalid_pool_size_is_rejected","exec_time":0.014585458}
{"type":"test","event":"ok","name":"liminal-sdk::liminal_sdk$connection::lifecycle::tests::externally_authorized_reconnect_has_no_delay_or_retry_counter","exec_time":0.014617167}
{"type":"test","event":"started","name":"liminal-sdk::liminal_sdk$connection::pool::tests::unsubscribe_removes_assignment"}
{"type":"test","event":"started","name":"liminal-sdk::liminal_sdk$connection::pool::tests::subscriptions_are_distributed_across_connections"}
{"type":"test","event":"started","name":"liminal-sdk::liminal_sdk$connection::pool::tests::pooled_recovery_builds_resume_requests_on_reconnect"}
{"type":"test","event":"ok","name":"liminal-sdk::liminal_sdk$connection::pool::tests::non_reconnect_transition_does_not_resume","exec_time":0.014703084}
{"type":"test","event":"started","name":"liminal-sdk::liminal_sdk$connection::recovery::tests::acknowledged_subscriptions_resume_after_last_sequence"}
{"type":"test","event":"ok","name":"liminal-sdk::liminal_sdk$connection::pool::tests::unsubscribe_removes_assignment","exec_time":0.013947125}
{"type":"test","event":"started","name":"liminal-sdk::liminal_sdk$connection::recovery::tests::maximum_sequence_does_not_wrap_to_zero"}
{"type":"test","event":"ok","name":"liminal-sdk::liminal_sdk$connection::pool::tests::subscriptions_are_distributed_across_connections","exec_time":0.017259625}
{"type":"test","event":"started","name":"liminal-sdk::liminal_sdk$connection::recovery::tests::non_recovery_transition_builds_no_resume_requests"}
{"type":"test","event":"ok","name":"liminal-sdk::liminal_sdk$connection::pool::tests::pooled_recovery_builds_resume_requests_on_reconnect","exec_time":0.018116083}
{"type":"test","event":"started","name":"liminal-sdk::liminal_sdk$connection::recovery::tests::reconnect_to_connected_transition_builds_resume_requests"}
{"type":"test","event":"ok","name":"liminal-sdk::liminal_sdk$connection::recovery::tests::acknowledged_subscriptions_resume_after_last_sequence","exec_time":0.013756375}
{"type":"test","event":"started","name":"liminal-sdk::liminal_sdk$connection::recovery::tests::subscriptions_without_acknowledgement_resume_from_zero"}
{"type":"test","event":"ok","name":"liminal-sdk::liminal_sdk$connection::recovery::tests::non_recovery_transition_builds_no_resume_requests","exec_time":0.015094875}
{"type":"test","event":"started","name":"liminal-sdk::liminal_sdk$connection::recovery::tests::unsubscribe_clears_recovery_state"}
{"type":"test","event":"ok","name":"liminal-sdk::liminal_sdk$connection::recovery::tests::maximum_sequence_does_not_wrap_to_zero","exec_time":0.015271791}
{"type":"test","event":"started","name":"liminal-sdk::liminal_sdk$embedded::tests::embedded_config_does_not_require_server_address"}
{"type":"test","event":"ok","name":"liminal-sdk::liminal_sdk$connection::recovery::tests::reconnect_to_connected_transition_builds_resume_requests","exec_time":0.015827541}
{"type":"test","event":"ok","name":"liminal-sdk::liminal_sdk$connection::recovery::tests::subscriptions_without_acknowledgement_resume_from_zero","exec_time":0.015861292}
{"type":"test","event":"started","name":"liminal-sdk::liminal_sdk$embedded::tests::embedded_subscribe_is_local_and_empty"}
{"type":"test","event":"started","name":"liminal-sdk::liminal_sdk$embedded::tests::embedded_publish_uses_direct_message_reference"}
{"type":"test","event":"ok","name":"liminal-sdk::liminal_sdk$embedded::tests::embedded_config_does_not_require_server_address","exec_time":0.014464167}
{"type":"test","event":"ok","name":"liminal-sdk::liminal_sdk$embedded::tests::embedded_subscribe_is_local_and_empty","exec_time":0.014298}
{"type":"test","event":"ok","name":"liminal-sdk::liminal_sdk$embedded::tests::embedded_publish_uses_direct_message_reference","exec_time":0.0145285}
{"type":"test","event":"started","name":"liminal-sdk::liminal_sdk$remote::participant::tests::nonmatching_attach_preserves_inflight_then_matching_attach_supersedes"}
{"type":"test","event":"started","name":"liminal-sdk::liminal_sdk$remote::participant::tests::contract_c34_ack_values_cross_the_real_receive_path"}
{"type":"test","event":"started","name":"liminal-sdk::liminal_sdk$remote::participant::tests::lpcr_round_trip_recovers_unissued_and_resolves_issued_testimony"}
{"type":"test","event":"ok","name":"liminal-sdk::liminal_sdk$connection::recovery::tests::unsubscribe_clears_recovery_state","exec_time":0.014876833}
{"type":"test","event":"started","name":"liminal-sdk::liminal_sdk$remote::participant::tests::replay::all_detach_terminal_arms_apply_and_survive_lpcr_restore"}
{"type":"test","event":"ok","name":"liminal-sdk::liminal_sdk$remote::participant::tests::lpcr_round_trip_recovers_unissued_and_resolves_issued_testimony","exec_time":0.014512166}
{"type":"test","event":"started","name":"liminal-sdk::liminal_sdk$remote::participant::tests::replay::durable_leave_from_real_receive_supersedes_inflight_detach"}
{"type":"test","event":"ok","name":"liminal-sdk::liminal_sdk$remote::participant::tests::contract_c34_ack_values_cross_the_real_receive_path","exec_time":0.015360333}
{"type":"test","event":"started","name":"liminal-sdk::liminal_sdk$remote::participant::tests::replay::failed_checkpoint_withholds_successor_authority"}
{"type":"test","event":"ok","name":"liminal-sdk::liminal_sdk$remote::participant::tests::replay::all_detach_terminal_arms_apply_and_survive_lpcr_restore","exec_time":0.017647334}
{"type":"test","event":"started","name":"liminal-sdk::liminal_sdk$remote::participant::tests::replay::in_progress_real_reconnect_restores_take_once_testimony"}
{"type":"test","event":"ok","name":"liminal-sdk::liminal_sdk$remote::participant::tests::nonmatching_attach_preserves_inflight_then_matching_attach_supersedes","exec_time":0.017997041}
{"type":"test","event":"started","name":"liminal-sdk::liminal_sdk$remote::participant::tests::replay::issued_tokenless_restore_reports_durable_abandonment"}
{"type":"test","event":"ok","name":"liminal-sdk::liminal_sdk$remote::participant::tests::replay::issued_tokenless_restore_reports_durable_abandonment","exec_time":0.012587666}
{"type":"test","event":"started","name":"liminal-sdk::liminal_sdk$remote::participant::tests::response_loss_reconnects_once_and_replays_exact_detach_token"}
{"type":"test","event":"ok","name":"liminal-sdk::liminal_sdk$remote::participant::tests::replay::failed_checkpoint_withholds_successor_authority","exec_time":0.01279675}
{"type":"test","event":"ok","name":"liminal-sdk::liminal_sdk$remote::participant::tests::replay::in_progress_real_reconnect_restores_take_once_testimony","exec_time":0.012565292}
{"type":"test","event":"started","name":"liminal-sdk::liminal_sdk$remote::participant::tests::restored_issued_reconnect_permit_resolves_take_once_testimony"}
{"type":"test","event":"started","name":"liminal-sdk::liminal_sdk$remote::participant::tests::sent_is_not_receipt_real_receive_releases_exact_d1_slot"}
{"type":"test","event":"ok","name":"liminal-sdk::liminal_sdk$remote::participant::tests::replay::durable_leave_from_real_receive_supersedes_inflight_detach","exec_time":0.012925083}
{"type":"test","event":"started","name":"liminal-sdk::liminal_sdk$remote::participant::tests::tokenless_restore_surfaces_durable_abandonment_for_rerecord"}
{"type":"test","event":"ok","name":"liminal-sdk::liminal_sdk$remote::participant::tests::response_loss_reconnects_once_and_replays_exact_detach_token","exec_time":0.016122459}
{"type":"test","event":"started","name":"liminal-sdk::liminal_sdk$remote::protocol::tests::publish_frame_uses_protocol_header"}
{"type":"test","event":"ok","name":"liminal-rs::durability_foundation$haematite_store_delegates_cas_and_maps_mismatch_to_cursor_regression","exec_time":0.339043917}
{"type":"test","event":"started","name":"liminal-sdk::liminal_sdk$remote::protocol::tests::subscribe_and_resume_use_distinct_frame_types"}
{"type":"test","event":"ok","name":"liminal-rs::durability_foundation$haematite_store_delegates_append_read_scan_and_maps_sequence_conflict","exec_time":0.351575}
{"type":"test","event":"started","name":"liminal-sdk::liminal_sdk$remote::protocol::tests::subscription_connection_slot_zero_maps_to_application_stream_one"}
{"type":"test","event":"ok","name":"liminal-sdk::liminal_sdk$remote::participant::tests::sent_is_not_receipt_real_receive_releases_exact_d1_slot","exec_time":0.014767417}
{"type":"test","event":"started","name":"liminal-sdk::liminal_sdk$remote::tcp::flush::tests::budget_expiry_counts_unresolved_and_is_not_an_error"}
{"type":"test","event":"ok","name":"liminal-sdk::liminal_sdk$remote::protocol::tests::publish_frame_uses_protocol_header","exec_time":0.014696208}
{"type":"test","event":"started","name":"liminal-sdk::liminal_sdk$remote::tcp::flush::tests::concurrent_drains_serialize_without_misattribution"}
{"type":"test","event":"ok","name":"liminal-rs::durability_foundation$cas_to_offset_zero_does_not_brick_a_cursor_that_later_advances","exec_time":0.372928916}
{"type":"test","event":"started","name":"liminal-sdk::liminal_sdk$remote::tcp::flush::tests::rejections_surface_in_wire_order_verbatim"}
{"type":"test","event":"ok","name":"liminal-sdk::liminal_sdk$remote::participant::tests::tokenless_restore_surfaces_durable_abandonment_for_rerecord","exec_time":0.019577583}
{"type":"test","event":"started","name":"liminal-sdk::liminal_sdk$remote::tcp::flush::tests::second_drain_covers_only_its_own_boundary"}
{"type":"test","event":"ok","name":"liminal-sdk::liminal_sdk$remote::participant::tests::restored_issued_reconnect_permit_resolves_take_once_testimony","exec_time":0.019713375}
{"type":"test","event":"started","name":"liminal-sdk::liminal_sdk$remote::tcp::flush::tests::surplus_verdict_is_a_typed_mechanism_error"}
{"type":"test","event":"ok","name":"liminal-sdk::liminal_sdk$remote::protocol::tests::subscribe_and_resume_use_distinct_frame_types","exec_time":0.02304225}
{"type":"test","event":"started","name":"liminal-sdk::liminal_sdk$remote::tcp::push_client::tests::a_peer_that_never_answers_the_handshake_is_refused_at_the_named_deadline"}
{"type":"test","event":"ok","name":"liminal-sdk::liminal_sdk$remote::protocol::tests::subscription_connection_slot_zero_maps_to_application_stream_one","exec_time":0.014683167}
{"type":"test","event":"started","name":"liminal-sdk::liminal_sdk$remote::tcp::push_client::tests::connect_survives_a_control_reply_slower_than_the_retired_poll_cadence"}
{"type":"test","event":"ok","name":"liminal-sdk::liminal_sdk$remote::tcp::flush::tests::concurrent_drains_serialize_without_misattribution","exec_time":0.015110125}
{"type":"test","event":"started","name":"liminal-sdk::liminal_sdk$remote::tcp::push_client::tests::publish_frame_round_trips_through_codec"}
{"type":"test","event":"ok","name":"liminal-sdk::liminal_sdk$remote::tcp::flush::tests::surplus_verdict_is_a_typed_mechanism_error","exec_time":0.015246459}
{"type":"test","event":"ok","name":"liminal-sdk::liminal_sdk$remote::tcp::flush::tests::second_drain_covers_only_its_own_boundary","exec_time":0.015475917}
{"type":"test","event":"started","name":"liminal-sdk::liminal_sdk$remote::tcp::push_client::tests::push_client_source_has_no_retired_reader_poll_family"}
{"type":"test","event":"started","name":"liminal-sdk::liminal_sdk$remote::tcp::push_client::tests::pushed_frame_exposes_correlation_and_payload"}
{"type":"test","event":"ok","name":"liminal-sdk::liminal_sdk$remote::tcp::flush::tests::rejections_surface_in_wire_order_verbatim","exec_time":0.021633542}
{"type":"test","event":"ok","name":"liminal-sdk::liminal_sdk$remote::tcp::push_client::tests::publish_frame_round_trips_through_codec","exec_time":0.012500125}
{"type":"test","event":"started","name":"liminal-sdk::liminal_sdk$remote::tcp::push_client::tests::the_push_reader_carries_no_read_window_in_steady_state"}
{"type":"test","event":"started","name":"liminal-sdk::liminal_sdk$remote::tcp::push_client::tests::reply_frame_round_trips_through_codec"}
{"type":"test","event":"ok","name":"liminal-sdk::liminal_sdk$remote::tcp::push_client::tests::push_client_source_has_no_retired_reader_poll_family","exec_time":0.01860025}
{"type":"test","event":"started","name":"liminal-sdk::liminal_sdk$remote::tcp::subscription::tests::deliver_frame_round_trips_through_codec"}
{"type":"test","event":"ok","name":"liminal-sdk::liminal_sdk$remote::tcp::push_client::tests::pushed_frame_exposes_correlation_and_payload","exec_time":0.019171583}
{"type":"test","event":"started","name":"liminal-sdk::liminal_sdk$remote::tcp::subscription::tests::delivered_message_exposes_seq_and_payload"}
{"type":"test","event":"ok","name":"liminal-sdk::liminal_sdk$remote::tcp::push_client::tests::the_push_reader_carries_no_read_window_in_steady_state","exec_time":0.019817375}
{"type":"test","event":"started","name":"liminal-sdk::liminal_sdk$remote::tcp::subscription::tests::open_preserves_deliveries_coalesced_with_the_subscribe_ack"}
{"type":"test","event":"ok","name":"liminal-sdk::liminal_sdk$remote::tcp::push_client::tests::reply_frame_round_trips_through_codec","exec_time":0.0232585}
{"type":"test","event":"started","name":"liminal-sdk::liminal_sdk$remote::tcp::subscription::tests::open_survives_control_replies_slower_than_the_retired_poll_cadence"}
{"type":"test","event":"ok","name":"liminal-sdk::liminal_sdk$remote::tcp::subscription::tests::deliver_frame_round_trips_through_codec","exec_time":0.015516125}
{"type":"test","event":"started","name":"liminal-sdk::liminal_sdk$remote::tcp::subscription::tests::subscription_source_has_no_retired_reader_poll_family"}
{"type":"test","event":"ok","name":"liminal-sdk::liminal_sdk$remote::tcp::flush::tests::budget_expiry_counts_unresolved_and_is_not_an_error","exec_time":0.0704345}
{"type":"test","event":"started","name":"liminal-sdk::liminal_sdk$remote::tcp::subscription::tests::the_subscription_reader_carries_no_read_window_in_steady_state"}
{"type":"test","event":"ok","name":"liminal-sdk::liminal_sdk$remote::tcp::subscription::tests::delivered_message_exposes_seq_and_payload","exec_time":0.016003667}
{"type":"test","event":"started","name":"liminal-sdk::liminal_sdk$remote::tcp::tests::conversation_ids_are_stable"}
{"type":"test","event":"ok","name":"liminal-sdk::liminal_sdk$remote::tcp::tests::conversation_ids_are_stable","exec_time":0.013278666}
{"type":"test","event":"started","name":"liminal-sdk::liminal_sdk$remote::tcp::tests::publish_ack_maps_to_accept"}
{"type":"test","event":"ok","name":"liminal-sdk::liminal_sdk$remote::tcp::subscription::tests::the_subscription_reader_carries_no_read_window_in_steady_state","exec_time":0.013612959}
{"type":"test","event":"started","name":"liminal-sdk::liminal_sdk$remote::tcp::tests::publish_error_maps_to_backpressure"}
{"type":"test","event":"ok","name":"liminal-sdk::liminal_sdk$remote::tcp::subscription::tests::subscription_source_has_no_retired_reader_poll_family","exec_time":0.013725834}
{"type":"test","event":"started","name":"liminal-sdk::liminal_sdk$remote::tcp::tests::schema_ids_are_deterministic_and_distinct"}
{"type":"test","event":"ok","name":"liminal-sdk::liminal_sdk$remote::tcp::tests::publish_ack_maps_to_accept","exec_time":0.015721166}
{"type":"test","event":"started","name":"liminal-sdk::liminal_sdk$remote::tests::builder_switches_channel_mode_by_config"}
{"type":"test","event":"ok","name":"liminal-sdk::liminal_sdk$remote::tcp::tests::schema_ids_are_deterministic_and_distinct","exec_time":0.016328959}
{"type":"test","event":"started","name":"liminal-sdk::liminal_sdk$remote::tests::remote_config_requires_server_address"}
{"type":"test","event":"ok","name":"liminal-sdk::liminal_sdk$remote::tcp::tests::publish_error_maps_to_backpressure","exec_time":0.018050791}
{"type":"test","event":"started","name":"liminal-sdk::liminal_sdk$remote::tests::remote_handle_uses_lifecycle_and_recovery_on_reconnect"}
{"type":"test","event":"ok","name":"liminal-sdk::liminal_sdk$remote::tests::builder_switches_channel_mode_by_config","exec_time":0.013655125}
{"type":"test","event":"started","name":"liminal-sdk::liminal_sdk$remote::websocket::subscription::tests::the_named_setup_deadline_is_the_ratified_five_seconds"}
{"type":"test","event":"ok","name":"liminal-sdk::liminal_sdk$remote::tests::remote_config_requires_server_address","exec_time":0.013687708}
{"type":"test","event":"started","name":"liminal-sdk::liminal_sdk$remote::websocket::subscription::tests::websocket_subscription_source_has_no_retired_reader_poll_family"}
{"type":"test","event":"ok","name":"liminal-rs::durability_real_persistence$cursor_checkpoint_round_trip_against_the_real_engine","exec_time":0.472505709}
{"type":"suite","event":"started","test_count":1,"nextest":{"crate":"liminal-sdk","test_binary":"conformance","kind":"test"}}
{"type":"test","event":"started","name":"liminal-sdk::conformance$rust_sdk_conformance_scenarios_match_shared_expectations"}
{"type":"test","event":"ok","name":"liminal-sdk::liminal_sdk$remote::tests::remote_handle_uses_lifecycle_and_recovery_on_reconnect","exec_time":0.014917584}
{"type":"suite","event":"started","test_count":1,"nextest":{"crate":"liminal-sdk","test_binary":"deployment_modes","kind":"test"}}
{"type":"test","event":"started","name":"liminal-sdk::deployment_modes$switching_between_embedded_and_remote_changes_only_config"}
{"type":"test","event":"ok","name":"liminal-sdk::liminal_sdk$remote::websocket::subscription::tests::websocket_subscription_source_has_no_retired_reader_poll_family","exec_time":0.013004958}
{"type":"test","event":"ok","name":"liminal-sdk::liminal_sdk$remote::websocket::subscription::tests::the_named_setup_deadline_is_the_ratified_five_seconds","exec_time":0.013475}
{"type":"suite","event":"started","test_count":5,"nextest":{"crate":"liminal-sdk","test_binary":"push_flush","kind":"test"}}
{"type":"test","event":"started","name":"liminal-sdk::push_flush$budget_expiry_reports_unresolved_not_an_error"}
{"type":"test","event":"started","name":"liminal-sdk::push_flush$close_sole_owner_half_closes_and_discloses_mode"}
{"type":"test","event":"ok","name":"liminal-rs::durability_foundation$haematite_store_point_read_returns_only_the_exact_physical_event","exec_time":0.494383209}
{"type":"suite","event":"ok","passed":7,"failed":0,"ignored":0,"measured":0,"filtered_out":0,"exec_time":1.746736833,"nextest":{"crate":"liminal-rs","test_binary":"durability_foundation","kind":"test"}}
{"type":"test","event":"started","name":"liminal-sdk::push_flush$close_with_live_clone_is_verdict_only_and_keeps_socket_open"}
{"type":"test","event":"ok","name":"liminal-sdk::conformance$rust_sdk_conformance_scenarios_match_shared_expectations","exec_time":0.02005125}
{"type":"suite","event":"ok","passed":1,"failed":0,"ignored":0,"measured":0,"filtered_out":0,"exec_time":0.02005125,"nextest":{"crate":"liminal-sdk","test_binary":"conformance","kind":"test"}}
{"type":"test","event":"started","name":"liminal-sdk::push_flush$flush_pairs_verdicts_fifo_and_excludes_observability"}
{"type":"test","event":"ok","name":"liminal-sdk::deployment_modes$switching_between_embedded_and_remote_changes_only_config","exec_time":0.017772041}
{"type":"suite","event":"ok","passed":1,"failed":0,"ignored":0,"measured":0,"filtered_out":0,"exec_time":0.017772041,"nextest":{"crate":"liminal-sdk","test_binary":"deployment_modes","kind":"test"}}
{"type":"test","event":"started","name":"liminal-sdk::push_flush$unsolicited_publish_response_is_a_typed_mechanism_error"}
{"type":"test","event":"ok","name":"liminal-sdk::push_flush$close_sole_owner_half_closes_and_discloses_mode","exec_time":0.027931}
{"type":"suite","event":"started","test_count":10,"nextest":{"crate":"liminal-sdk","test_binary":"ws_authority_binding","kind":"test"}}
{"type":"test","event":"started","name":"liminal-sdk::ws_authority_binding$detach_in_flight_socket_loss_parks_replay_via_typed_fate"}
{"type":"test","event":"ok","name":"liminal-sdk::push_flush$flush_pairs_verdicts_fifo_and_excludes_observability","exec_time":0.020287916}
{"type":"test","event":"started","name":"liminal-sdk::ws_authority_binding$detach_loss_without_in_flight_send_is_refused_unchanged"}
{"type":"test","event":"ok","name":"liminal-sdk::push_flush$close_with_live_clone_is_verdict_only_and_keeps_socket_open","exec_time":0.019493042}
{"type":"test","event":"started","name":"liminal-sdk::ws_authority_binding$established_loss_retains_permit_for_one_reconnect_open"}
{"type":"test","event":"ok","name":"liminal-sdk::push_flush$unsolicited_publish_response_is_a_typed_mechanism_error","exec_time":0.020019125}
{"type":"test","event":"started","name":"liminal-sdk::ws_authority_binding$explicit_connect_authorizes_exactly_one_open"}
{"type":"test","event":"ok","name":"liminal-rs::durability_real_persistence$durable_channel_messages_survive_a_real_on_disk_reopen","exec_time":0.522112833}
{"type":"suite","event":"ok","passed":2,"failed":0,"ignored":0,"measured":0,"filtered_out":0,"exec_time":0.994618542,"nextest":{"crate":"liminal-rs","test_binary":"durability_real_persistence","kind":"test"}}
{"type":"test","event":"started","name":"liminal-sdk::ws_authority_binding$fate_injection_before_any_open_is_refused_unchanged"}
{"type":"test","event":"ok","name":"liminal-sdk::ws_authority_binding$established_loss_retains_permit_for_one_reconnect_open","exec_time":0.0148205}
{"type":"test","event":"started","name":"liminal-sdk::ws_authority_binding$loss_during_open_in_progress_is_refused_unchanged"}
{"type":"test","event":"ok","name":"liminal-sdk::ws_authority_binding$explicit_connect_authorizes_exactly_one_open","exec_time":0.013466917}
{"type":"test","event":"ok","name":"liminal-sdk::ws_authority_binding$detach_loss_without_in_flight_send_is_refused_unchanged","exec_time":0.015164083}
{"type":"test","event":"started","name":"liminal-sdk::ws_authority_binding$open_failure_returns_parked_with_no_retry_authority"}
{"type":"test","event":"started","name":"liminal-sdk::ws_authority_binding$loss_reported_while_parked_is_refused_unchanged"}
{"type":"test","event":"ok","name":"liminal-sdk::ws_authority_binding$detach_in_flight_socket_loss_parks_replay_via_typed_fate","exec_time":0.016509458}
{"type":"test","event":"started","name":"liminal-sdk::ws_authority_binding$stale_attempt_from_foreign_aggregate_is_refused_unchanged"}
{"type":"test","event":"ok","name":"liminal-sdk::ws_authority_binding$fate_injection_before_any_open_is_refused_unchanged","exec_time":0.01755575}
{"type":"test","event":"started","name":"liminal-sdk::ws_authority_binding$terminal_diagnostics_never_select_aggregate_transitions"}
{"type":"test","event":"ok","name":"liminal-sdk::ws_authority_binding$open_failure_returns_parked_with_no_retry_authority","exec_time":0.01672075}
{"type":"suite","event":"started","test_count":13,"nextest":{"crate":"liminal-sdk","test_binary":"ws_browser_mirror_trace","kind":"test"}}
{"type":"test","event":"started","name":"liminal-sdk::ws_browser_mirror_trace$abnormal_close_without_error_is_typed_transport_failure"}
{"type":"test","event":"ok","name":"liminal-sdk::ws_authority_binding$loss_reported_while_parked_is_refused_unchanged","exec_time":0.016925958}
{"type":"test","event":"started","name":"liminal-sdk::ws_browser_mirror_trace$array_buffer_message_mirrors_to_binary_with_canonical_bytes"}
{"type":"test","event":"ok","name":"liminal-sdk::ws_authority_binding$loss_during_open_in_progress_is_refused_unchanged","exec_time":0.0187195}
{"type":"test","event":"started","name":"liminal-sdk::ws_browser_mirror_trace$blob_message_is_refused_as_typed_transport_failure"}
{"type":"test","event":"ok","name":"liminal-sdk::ws_authority_binding$stale_attempt_from_foreign_aggregate_is_refused_unchanged","exec_time":0.020391333}
{"type":"test","event":"started","name":"liminal-sdk::ws_browser_mirror_trace$browser_mirror_and_std_shapes_share_the_decision_trace"}
{"type":"test","event":"ok","name":"liminal-sdk::ws_authority_binding$terminal_diagnostics_never_select_aggregate_transitions","exec_time":0.016500291}
{"type":"suite","event":"ok","passed":10,"failed":0,"ignored":0,"measured":0,"filtered_out":0,"exec_time":0.16677454,"nextest":{"crate":"liminal-sdk","test_binary":"ws_authority_binding","kind":"test"}}
{"type":"test","event":"started","name":"liminal-sdk::ws_browser_mirror_trace$clean_close_mirrors_to_closed_peer_fate"}
{"type":"test","event":"ok","name":"liminal-sdk::ws_browser_mirror_trace$array_buffer_message_mirrors_to_binary_with_canonical_bytes","exec_time":0.01143925}
{"type":"test","event":"started","name":"liminal-sdk::ws_browser_mirror_trace$commanded_close_echo_completes_through_mirror"}
{"type":"test","event":"ok","name":"liminal-sdk::ws_browser_mirror_trace$abnormal_close_without_error_is_typed_transport_failure","exec_time":0.012363834}
{"type":"test","event":"started","name":"liminal-sdk::ws_browser_mirror_trace$extension_free_open_mirrors_to_opened"}
{"type":"test","event":"ok","name":"liminal-sdk::ws_browser_mirror_trace$blob_message_is_refused_as_typed_transport_failure","exec_time":0.01229175}
{"type":"test","event":"started","name":"liminal-sdk::ws_browser_mirror_trace$f3_browser_error_then_close_echo_stays_single_fate"}
{"type":"test","event":"ok","name":"liminal-sdk::ws_browser_mirror_trace$browser_mirror_and_std_shapes_share_the_decision_trace","exec_time":0.010626167}
{"type":"test","event":"started","name":"liminal-sdk::ws_browser_mirror_trace$mirror_defers_frame_validation_to_core"}
{"type":"test","event":"ok","name":"liminal-sdk::ws_browser_mirror_trace$clean_close_mirrors_to_closed_peer_fate","exec_time":0.011891667}
{"type":"test","event":"started","name":"liminal-sdk::ws_browser_mirror_trace$negotiated_extension_open_is_typed_failure_and_closes"}
{"type":"test","event":"ok","name":"liminal-sdk::ws_browser_mirror_trace$commanded_close_echo_completes_through_mirror","exec_time":0.012774959}
{"type":"test","event":"started","name":"liminal-sdk::ws_browser_mirror_trace$open_command_is_construction_not_a_runtime_action"}
{"type":"test","event":"ok","name":"liminal-sdk::ws_browser_mirror_trace$f3_browser_error_then_close_echo_stays_single_fate","exec_time":0.011029875}
{"type":"test","event":"started","name":"liminal-sdk::ws_browser_mirror_trace$text_message_mirrors_to_the_cores_unsupported_text_failure"}
{"type":"test","event":"ok","name":"liminal-sdk::ws_browser_mirror_trace$extension_free_open_mirrors_to_opened","exec_time":0.014032583}
{"type":"test","event":"started","name":"liminal-sdk::ws_browser_mirror_trace$unrecognized_message_data_is_refused_as_typed_transport_failure"}
{"type":"test","event":"ok","name":"liminal-sdk::ws_browser_mirror_trace$mirror_defers_frame_validation_to_core","exec_time":0.013186375}
{"type":"suite","event":"started","test_count":19,"nextest":{"crate":"liminal-sdk","test_binary":"ws_driver_trace","kind":"test"}}
{"type":"test","event":"started","name":"liminal-sdk::ws_driver_trace$at_most_one_outstanding_correlated_exchange"}
{"type":"test","event":"ok","name":"liminal-sdk::ws_browser_mirror_trace$text_message_mirrors_to_the_cores_unsupported_text_failure","exec_time":0.011065959}
{"type":"test","event":"started","name":"liminal-sdk::ws_driver_trace$correlated_response_resolves_single_outstanding_exchange"}
{"type":"test","event":"ok","name":"liminal-sdk::ws_browser_mirror_trace$negotiated_extension_open_is_typed_failure_and_closes","exec_time":0.01334725}
{"type":"test","event":"started","name":"liminal-sdk::ws_driver_trace$declared_length_beyond_frame_bound_is_typed_violation"}
{"type":"test","event":"ok","name":"liminal-sdk::ws_browser_mirror_trace$open_command_is_construction_not_a_runtime_action","exec_time":0.011601958}
{"type":"test","event":"started","name":"liminal-sdk::ws_driver_trace$deliver_frames_stay_unsolicited_even_mid_exchange"}
{"type":"test","event":"ok","name":"liminal-sdk::ws_browser_mirror_trace$unrecognized_message_data_is_refused_as_typed_transport_failure","exec_time":0.011972333}
{"type":"suite","event":"ok","passed":13,"failed":0,"ignored":0,"measured":0,"filtered_out":0,"exec_time":0.15762396,"nextest":{"crate":"liminal-sdk","test_binary":"ws_browser_mirror_trace","kind":"test"}}
{"type":"test","event":"started","name":"liminal-sdk::ws_driver_trace$empty_message_is_typed_violation_and_closes"}
{"type":"test","event":"ok","name":"liminal-sdk::ws_driver_trace$at_most_one_outstanding_correlated_exchange","exec_time":0.01632425}
{"type":"test","event":"started","name":"liminal-sdk::ws_driver_trace$every_post_terminal_event_is_a_typed_no_op"}
{"type":"test","event":"ok","name":"liminal-sdk::ws_driver_trace$deliver_frames_stay_unsolicited_even_mid_exchange","exec_time":0.012147125}
{"type":"test","event":"started","name":"liminal-sdk::ws_driver_trace$f3_abnormal_loss_error_then_close_mints_exactly_one_fate"}
{"type":"test","event":"ok","name":"liminal-sdk::ws_driver_trace$empty_message_is_typed_violation_and_closes","exec_time":0.010512667}
{"type":"test","event":"started","name":"liminal-sdk::ws_driver_trace$f3_clean_close_mints_peer_closed_alone"}
{"type":"test","event":"ok","name":"liminal-sdk::ws_driver_trace$correlated_response_resolves_single_outstanding_exchange","exec_time":0.013086167}
{"type":"test","event":"started","name":"liminal-sdk::ws_driver_trace$f3_commanded_close_echo_mints_close_completed_once"}
{"type":"test","event":"ok","name":"liminal-sdk::ws_driver_trace$declared_length_beyond_frame_bound_is_typed_violation","exec_time":0.014094}
{"type":"test","event":"started","name":"liminal-sdk::ws_driver_trace$non_deliver_frame_without_exchange_is_unsolicited_frame"}
{"type":"test","event":"ok","name":"liminal-sdk::ws_driver_trace$every_post_terminal_event_is_a_typed_no_op","exec_time":0.0109935}
{"type":"test","event":"started","name":"liminal-sdk::ws_driver_trace$open_command_then_opened_reaches_established"}
{"type":"test","event":"ok","name":"liminal-sdk::ws_driver_trace$f3_clean_close_mints_peer_closed_alone","exec_time":0.01293875}
{"type":"test","event":"started","name":"liminal-sdk::ws_driver_trace$open_is_single_use_and_refused_after_first_command"}
{"type":"test","event":"ok","name":"liminal-sdk::ws_driver_trace$f3_abnormal_loss_error_then_close_mints_exactly_one_fate","exec_time":0.01319075}
{"type":"test","event":"started","name":"liminal-sdk::ws_driver_trace$opened_without_open_command_is_typed_refusal"}
{"type":"test","event":"ok","name":"liminal-sdk::ws_driver_trace$non_deliver_frame_without_exchange_is_unsolicited_frame","exec_time":0.014539792}
{"type":"test","event":"started","name":"liminal-sdk::ws_driver_trace$send_refused_before_open_and_after_terminal"}
{"type":"test","event":"ok","name":"liminal-sdk::ws_driver_trace$f3_commanded_close_echo_mints_close_completed_once","exec_time":0.015903084}
{"type":"test","event":"started","name":"liminal-sdk::ws_driver_trace$std_and_fake_browser_adapters_share_one_trace"}
{"type":"test","event":"ok","name":"liminal-sdk::ws_driver_trace$open_command_then_opened_reaches_established","exec_time":0.014738875}
{"type":"test","event":"started","name":"liminal-sdk::ws_driver_trace$text_message_socket_failure_is_typed_terminal"}
{"type":"test","event":"ok","name":"liminal-sdk::ws_driver_trace$std_and_fake_browser_adapters_share_one_trace","exec_time":0.011743625}
{"type":"test","event":"started","name":"liminal-sdk::ws_driver_trace$trailing_bytes_and_concatenated_frames_are_typed_violations"}
{"type":"test","event":"ok","name":"liminal-sdk::ws_driver_trace$opened_without_open_command_is_typed_refusal","exec_time":0.014692083}
{"type":"test","event":"started","name":"liminal-sdk::ws_driver_trace$truncated_body_is_typed_violation"}
{"type":"test","event":"ok","name":"liminal-sdk::ws_driver_trace$send_refused_before_open_and_after_terminal","exec_time":0.011928625}
{"type":"test","event":"started","name":"liminal-sdk::ws_driver_trace$truncated_header_is_typed_violation"}
{"type":"test","event":"ok","name":"liminal-sdk::ws_driver_trace$open_is_single_use_and_refused_after_first_command","exec_time":0.016781125}
{"type":"suite","event":"started","test_count":18,"nextest":{"crate":"liminal-sdk","test_binary":"ws_transport_parity","kind":"test"}}
{"type":"test","event":"started","name":"liminal-sdk::ws_transport_parity$auth_refusal_parity"}
{"type":"test","event":"ok","name":"liminal-sdk::ws_driver_trace$text_message_socket_failure_is_typed_terminal","exec_time":0.012649875}
{"type":"test","event":"started","name":"liminal-sdk::ws_transport_parity$auth_success_parity"}
{"type":"test","event":"ok","name":"liminal-sdk::liminal_sdk$remote::tcp::push_client::tests::connect_survives_a_control_reply_slower_than_the_retired_poll_cadence","exec_time":0.265599041}
{"type":"test","event":"started","name":"liminal-sdk::ws_transport_parity$deliver_discriminant_matches_canonical_registry"}
{"type":"test","event":"ok","name":"liminal-sdk::ws_driver_trace$truncated_body_is_typed_violation","exec_time":0.0114205}
{"type":"test","event":"started","name":"liminal-sdk::ws_transport_parity$delivered_ack_parity"}
{"type":"test","event":"ok","name":"liminal-sdk::ws_driver_trace$trailing_bytes_and_concatenated_frames_are_typed_violations","exec_time":0.012753458}
{"type":"test","event":"started","name":"liminal-sdk::ws_transport_parity$f2_oversize_declared_message_fails_at_pinned_bound"}
{"type":"test","event":"ok","name":"liminal-sdk::ws_driver_trace$truncated_header_is_typed_violation","exec_time":0.01385525}
{"type":"suite","event":"ok","passed":19,"failed":0,"ignored":0,"measured":0,"filtered_out":0,"exec_time":0.254293501,"nextest":{"crate":"liminal-sdk","test_binary":"ws_driver_trace","kind":"test"}}
{"type":"test","event":"started","name":"liminal-sdk::ws_transport_parity$frame_bound_is_the_named_product_limit"}
{"type":"test","event":"ok","name":"liminal-sdk::ws_transport_parity$auth_refusal_parity","exec_time":0.022550708}
{"type":"test","event":"started","name":"liminal-sdk::ws_transport_parity$handle_traverses_trait_object_for_both_transports"}
{"type":"test","event":"ok","name":"liminal-sdk::ws_transport_parity$auth_success_parity","exec_time":0.018108125}
{"type":"test","event":"started","name":"liminal-sdk::ws_transport_parity$malformed_message_parity"}
{"type":"test","event":"ok","name":"liminal-sdk::ws_transport_parity$deliver_discriminant_matches_canonical_registry","exec_time":0.013393292}
{"type":"test","event":"started","name":"liminal-sdk::ws_transport_parity$non_ws_scheme_is_typed_refusal"}
{"type":"test","event":"ok","name":"liminal-sdk::ws_transport_parity$delivered_ack_parity","exec_time":0.013354167}
{"type":"test","event":"started","name":"liminal-sdk::ws_transport_parity$participant_reconnect_provenance_parity"}
{"type":"test","event":"ok","name":"liminal-sdk::ws_transport_parity$frame_bound_is_the_named_product_limit","exec_time":0.016357625}
{"type":"test","event":"started","name":"liminal-sdk::ws_transport_parity$participant_send_receive_parity"}
{"type":"test","event":"ok","name":"liminal-sdk::ws_transport_parity$non_ws_scheme_is_typed_refusal","exec_time":0.014231291}
{"type":"test","event":"started","name":"liminal-sdk::ws_transport_parity$publish_parity_with_cross_transport_byte_identity"}
{"type":"test","event":"ok","name":"liminal-sdk::ws_transport_parity$handle_traverses_trait_object_for_both_transports","exec_time":0.016932167}
{"type":"test","event":"started","name":"liminal-sdk::ws_transport_parity$request_reply_parity"}
{"type":"test","event":"ok","name":"liminal-sdk::ws_transport_parity$malformed_message_parity","exec_time":0.019412417}
{"type":"test","event":"started","name":"liminal-sdk::ws_transport_parity$resume_parity"}
{"type":"test","event":"ok","name":"liminal-sdk::ws_transport_parity$participant_send_receive_parity","exec_time":0.015761292}
{"type":"test","event":"started","name":"liminal-sdk::ws_transport_parity$server_close_parity"}
{"type":"test","event":"ok","name":"liminal-sdk::ws_transport_parity$publish_parity_with_cross_transport_byte_identity","exec_time":0.01354}
{"type":"test","event":"started","name":"liminal-sdk::ws_transport_parity$silent_send_parity"}
{"type":"test","event":"ok","name":"liminal-sdk::ws_transport_parity$resume_parity","exec_time":0.012443292}
{"type":"test","event":"started","name":"liminal-sdk::ws_transport_parity$subscription_delivery_parity"}
{"type":"test","event":"ok","name":"liminal-sdk::ws_transport_parity$subscription_delivery_parity","exec_time":0.018341292}
{"type":"test","event":"started","name":"liminal-sdk::ws_transport_parity$ws_reconnect_traverses_typed_permit_path"}
{"type":"test","event":"ok","name":"liminal-sdk::liminal_sdk$remote::tcp::subscription::tests::open_preserves_deliveries_coalesced_with_the_subscribe_ack","exec_time":0.519501}
{"type":"suite","event":"started","test_count":632,"nextest":{"crate":"liminal-server","test_binary":"liminal_server","kind":"lib"}}
{"type":"test","event":"started","name":"liminal-server::liminal_server$cluster::discovery::tests::as_resolver_coerces_to_shared_handle"}
{"type":"test","event":"ok","name":"liminal-sdk::liminal_sdk$remote::tcp::subscription::tests::open_survives_control_replies_slower_than_the_retired_poll_cadence","exec_time":0.52772875}
{"type":"test","event":"started","name":"liminal-server::liminal_server$cluster::discovery::tests::outcome_is_satisfied_when_no_seeds_or_some_connected"}
{"type":"test","event":"ok","name":"liminal-server::liminal_server$cluster::discovery::tests::outcome_is_satisfied_when_no_seeds_or_some_connected","exec_time":0.015792166}
{"type":"test","event":"started","name":"liminal-server::liminal_server$cluster::discovery::tests::resolver_learns_real_peer_names"}
{"type":"test","event":"ok","name":"liminal-server::liminal_server$cluster::discovery::tests::as_resolver_coerces_to_shared_handle","exec_time":0.037903}
{"type":"test","event":"started","name":"liminal-server::liminal_server$cluster::discovery::tests::seed_resolver_maps_each_seed_to_a_synthetic_label"}
{"type":"test","event":"ok","name":"liminal-server::liminal_server$cluster::discovery::tests::resolver_learns_real_peer_names","exec_time":0.015427917}
{"type":"test","event":"started","name":"liminal-server::liminal_server$cluster::membership::tests::a_late_arm_sees_a_live_peer_in_its_initial_view"}
{"type":"test","event":"ok","name":"liminal-server::liminal_server$cluster::discovery::tests::seed_resolver_maps_each_seed_to_a_synthetic_label","exec_time":0.021535583}
{"type":"test","event":"started","name":"liminal-server::liminal_server$cluster::membership::tests::a_redundant_event_queues_no_effect"}
{"type":"test","event":"ok","name":"liminal-server::liminal_server$cluster::membership::tests::a_redundant_event_queues_no_effect","exec_time":0.02199775}
{"type":"test","event":"started","name":"liminal-server::liminal_server$cluster::membership::tests::armed_membership_observes_a_join_without_sampling"}
{"type":"test","event":"ok","name":"liminal-server::liminal_server$cluster::membership::tests::a_late_arm_sees_a_live_peer_in_its_initial_view","exec_time":0.039183083}
{"type":"test","event":"started","name":"liminal-server::liminal_server$cluster::membership::tests::delta_is_empty_by_default"}
{"type":"test","event":"ok","name":"liminal-server::liminal_server$cluster::membership::tests::delta_is_empty_by_default","exec_time":0.013941708}
{"type":"test","event":"started","name":"liminal-server::liminal_server$cluster::membership::tests::empty_initial_view_yields_no_peers"}
{"type":"test","event":"ok","name":"liminal-server::liminal_server$cluster::membership::tests::armed_membership_observes_a_join_without_sampling","exec_time":0.023745}
{"type":"test","event":"started","name":"liminal-server::liminal_server$cluster::membership::tests::join_leave_and_rejoin_are_observed_in_order"}
{"type":"test","event":"ok","name":"liminal-server::liminal_server$cluster::membership::tests::empty_initial_view_yields_no_peers","exec_time":0.022076375}
{"type":"test","event":"started","name":"liminal-server::liminal_server$cluster::membership::tests::membership_source_has_no_retired_poll_family"}
{"type":"test","event":"ok","name":"liminal-server::liminal_server$cluster::membership::tests::membership_source_has_no_retired_poll_family","exec_time":0.019413292}
{"type":"test","event":"started","name":"liminal-server::liminal_server$cluster::membership::tests::peer_names_resolve_through_the_atom_table"}
{"type":"test","event":"ok","name":"liminal-server::liminal_server$cluster::membership::tests::join_leave_and_rejoin_are_observed_in_order","exec_time":0.034430916}
{"type":"test","event":"started","name":"liminal-server::liminal_server$cluster::membership::tests::queued_effects_are_lossless_and_report_their_depth"}
{"type":"test","event":"ok","name":"liminal-server::liminal_server$cluster::membership::tests::queued_effects_are_lossless_and_report_their_depth","exec_time":0.018750041}
{"type":"test","event":"started","name":"liminal-server::liminal_server$cluster::membership::tests::shutdown_wakes_a_consumer_with_nothing_pending"}
{"type":"test","event":"ok","name":"liminal-server::liminal_server$cluster::membership::tests::peer_names_resolve_through_the_atom_table","exec_time":0.026907667}
{"type":"test","event":"started","name":"liminal-server::liminal_server$cluster::sync::tests::local_memberships_track_subscriptions_for_backfill"}
{"type":"test","event":"ok","name":"liminal-server::liminal_server$cluster::membership::tests::shutdown_wakes_a_consumer_with_nothing_pending","exec_time":0.016585042}
{"type":"test","event":"started","name":"liminal-server::liminal_server$cluster::sync::tests::remote_targets_empty_without_remote_members"}
{"type":"test","event":"ok","name":"liminal-server::liminal_server$cluster::sync::tests::local_memberships_track_subscriptions_for_backfill","exec_time":0.021966917}
{"type":"test","event":"started","name":"liminal-server::liminal_server$cluster::sync::tests::remote_targets_reflect_applied_remote_joins"}
{"type":"test","event":"ok","name":"liminal-server::liminal_server$cluster::sync::tests::remote_targets_empty_without_remote_members","exec_time":0.016351459}
{"type":"test","event":"started","name":"liminal-server::liminal_server$cluster::sync::tests::subscribe_joins_the_channel_pg_group"}
{"type":"test","event":"ok","name":"liminal-server::liminal_server$cluster::sync::tests::remote_targets_reflect_applied_remote_joins","exec_time":0.015605708}
{"type":"test","event":"started","name":"liminal-server::liminal_server$cluster::sync::tests::unsubscribe_leaves_the_channel_pg_group"}
{"type":"test","event":"ok","name":"liminal-server::liminal_server$cluster::sync::tests::subscribe_joins_the_channel_pg_group","exec_time":0.016099375}
{"type":"test","event":"started","name":"liminal-server::liminal_server$config::env::tests::absent_environment_variables_leave_config_unchanged"}
{"type":"test","event":"ok","name":"liminal-server::liminal_server$cluster::sync::tests::unsubscribe_leaves_the_channel_pg_group","exec_time":0.019002875}
{"type":"test","event":"started","name":"liminal-server::liminal_server$config::env::tests::auth_token_override_creates_missing_auth_section"}
{"type":"test","event":"ok","name":"liminal-sdk::ws_transport_parity$f2_oversize_declared_message_fails_at_pinned_bound","exec_time":0.517232417}
{"type":"test","event":"started","name":"liminal-server::liminal_server$config::env::tests::auth_token_override_replaces_existing_token"}
{"type":"test","event":"ok","name":"liminal-server::liminal_server$config::env::tests::absent_environment_variables_leave_config_unchanged","exec_time":0.018685917}
{"type":"test","event":"started","name":"liminal-server::liminal_server$config::env::tests::cluster_listen_address_and_cookie_overrides_replace_values"}
{"type":"test","event":"ok","name":"liminal-server::liminal_server$config::env::tests::auth_token_override_creates_missing_auth_section","exec_time":0.019813083}
{"type":"test","event":"started","name":"liminal-server::liminal_server$config::env::tests::cluster_listen_address_override_without_cluster_section_returns_validation_error"}
{"type":"test","event":"ok","name":"liminal-server::liminal_server$config::env::tests::auth_token_override_replaces_existing_token","exec_time":0.017096917}
{"type":"test","event":"started","name":"liminal-server::liminal_server$config::env::tests::cluster_override_without_cluster_section_returns_validation_error"}
{"type":"test","event":"ok","name":"liminal-server::liminal_server$config::env::tests::cluster_listen_address_and_cookie_overrides_replace_values","exec_time":0.018899125}
{"type":"test","event":"started","name":"liminal-server::liminal_server$config::env::tests::cluster_overrides_replace_existing_cluster_values"}
{"type":"test","event":"ok","name":"liminal-sdk::ws_transport_parity$request_reply_parity","exec_time":0.521069083}
{"type":"test","event":"started","name":"liminal-server::liminal_server$config::env::tests::drain_timeout_override_replaces_file_value"}
{"type":"test","event":"ok","name":"liminal-server::liminal_server$config::env::tests::cluster_listen_address_override_without_cluster_section_returns_validation_error","exec_time":0.016038541}
{"type":"test","event":"started","name":"liminal-server::liminal_server$config::env::tests::file_then_env_then_validate_pipeline_gives_env_precedence"}
{"type":"test","event":"ok","name":"liminal-server::liminal_server$config::env::tests::cluster_override_without_cluster_section_returns_validation_error","exec_time":0.016345209}
{"type":"test","event":"started","name":"liminal-server::liminal_server$config::env::tests::health_listen_address_override_replaces_file_value"}
{"type":"test","event":"ok","name":"liminal-server::liminal_server$config::env::tests::cluster_overrides_replace_existing_cluster_values","exec_time":0.018657542}
{"type":"test","event":"started","name":"liminal-server::liminal_server$config::env::tests::invalid_drain_timeout_override_returns_config_load"}
{"type":"test","event":"ok","name":"liminal-server::liminal_server$config::env::tests::drain_timeout_override_replaces_file_value","exec_time":0.014021917}
{"type":"test","event":"started","name":"liminal-server::liminal_server$config::env::tests::invalid_health_listen_address_override_returns_config_load"}
{"type":"test","event":"ok","name":"liminal-server::liminal_server$config::env::tests::health_listen_address_override_replaces_file_value","exec_time":0.018603042}
{"type":"test","event":"started","name":"liminal-server::liminal_server$config::env::tests::invalid_listen_address_override_returns_config_load"}
{"type":"test","event":"ok","name":"liminal-server::liminal_server$config::env::tests::invalid_drain_timeout_override_returns_config_load","exec_time":0.014664}
{"type":"test","event":"started","name":"liminal-server::liminal_server$config::env::tests::listen_address_override_replaces_file_value"}
{"type":"test","event":"ok","name":"liminal-server::liminal_server$config::env::tests::file_then_env_then_validate_pipeline_gives_env_precedence","exec_time":0.025355666}
{"type":"test","event":"started","name":"liminal-server::liminal_server$config::env::tests::persistence_path_override_replaces_file_value"}
{"type":"test","event":"ok","name":"liminal-server::liminal_server$config::env::tests::invalid_health_listen_address_override_returns_config_load","exec_time":0.01232025}
{"type":"test","event":"started","name":"liminal-server::liminal_server$config::env::tests::websocket_empty_origin_list_override_is_fail_closed"}
{"type":"test","event":"ok","name":"liminal-server::liminal_server$config::env::tests::invalid_listen_address_override_returns_config_load","exec_time":0.015065041}
{"type":"test","event":"started","name":"liminal-server::liminal_server$config::env::tests::websocket_origin_list_with_empty_entry_is_refused"}
{"type":"test","event":"ok","name":"liminal-server::liminal_server$config::env::tests::listen_address_override_replaces_file_value","exec_time":0.01474125}
{"type":"test","event":"started","name":"liminal-server::liminal_server$config::env::tests::websocket_override_without_declared_section_is_refused"}
{"type":"test","event":"ok","name":"liminal-server::liminal_server$config::env::tests::websocket_empty_origin_list_override_is_fail_closed","exec_time":0.016876666}
{"type":"test","event":"started","name":"liminal-server::liminal_server$config::env::tests::websocket_overrides_replace_declared_section_values"}
{"type":"test","event":"ok","name":"liminal-server::liminal_server$config::env::tests::persistence_path_override_replaces_file_value","exec_time":0.018580625}
{"type":"test","event":"started","name":"liminal-server::liminal_server$config::file::tests::malformed_toml_returns_config_load_with_parse_details"}
{"type":"test","event":"ok","name":"liminal-server::liminal_server$config::env::tests::websocket_origin_list_with_empty_entry_is_refused","exec_time":0.013756458}
{"type":"test","event":"started","name":"liminal-server::liminal_server$config::file::tests::missing_file_returns_config_load"}
{"type":"test","event":"ok","name":"liminal-server::liminal_server$config::env::tests::websocket_override_without_declared_section_is_refused","exec_time":0.015690833}
{"type":"test","event":"started","name":"liminal-server::liminal_server$config::file::tests::shipped_example_config_loads_through_the_real_loader"}
{"type":"test","event":"ok","name":"liminal-server::liminal_server$config::env::tests::websocket_overrides_replace_declared_section_values","exec_time":0.01443525}
{"type":"test","event":"started","name":"liminal-server::liminal_server$config::file::tests::unknown_fields_return_config_load"}
{"type":"test","event":"ok","name":"liminal-server::liminal_server$config::file::tests::malformed_toml_returns_config_load_with_parse_details","exec_time":0.017340125}
{"type":"test","event":"started","name":"liminal-server::liminal_server$config::file::tests::valid_toml_parses_into_server_config"}
{"type":"test","event":"ok","name":"liminal-server::liminal_server$config::file::tests::missing_file_returns_config_load","exec_time":0.013398834}
{"type":"test","event":"started","name":"liminal-server::liminal_server$config::file::tests::websocket_section_parses_and_absent_section_stays_none"}
{"type":"test","event":"ok","name":"liminal-server::liminal_server$config::file::tests::shipped_example_config_loads_through_the_real_loader","exec_time":0.018968875}
{"type":"test","event":"started","name":"liminal-server::liminal_server$config::validation::tests::absent_auth_section_passes_validation"}
{"type":"test","event":"ok","name":"liminal-server::liminal_server$config::file::tests::unknown_fields_return_config_load","exec_time":0.015368166}
{"type":"test","event":"started","name":"liminal-server::liminal_server$config::validation::tests::absolute_schema_ref_is_loaded_and_parsed"}
{"type":"test","event":"ok","name":"liminal-server::liminal_server$config::file::tests::valid_toml_parses_into_server_config","exec_time":0.017268}
{"type":"test","event":"started","name":"liminal-server::liminal_server$config::validation::tests::default_limits_pass_validation_and_carry_signed_numbers"}
{"type":"test","event":"ok","name":"liminal-server::liminal_server$config::file::tests::websocket_section_parses_and_absent_section_stays_none","exec_time":0.0192685}
{"type":"test","event":"started","name":"liminal-server::liminal_server$config::validation::tests::default_profile_is_full_and_passes_validation"}
{"type":"test","event":"ok","name":"liminal-server::liminal_server$config::validation::tests::absent_auth_section_passes_validation","exec_time":0.015196}
{"type":"test","event":"started","name":"liminal-server::liminal_server$config::validation::tests::duplicate_channel_names_are_listed"}
{"type":"test","event":"ok","name":"liminal-server::liminal_server$config::validation::tests::default_profile_is_full_and_passes_validation","exec_time":0.020684375}
{"type":"test","event":"started","name":"liminal-server::liminal_server$config::validation::tests::empty_auth_token_is_rejected"}
{"type":"test","event":"ok","name":"liminal-server::liminal_server$config::validation::tests::default_limits_pass_validation_and_carry_signed_numbers","exec_time":0.025114125}
{"type":"test","event":"started","name":"liminal-server::liminal_server$config::validation::tests::file_persistence_path_is_rejected"}
{"type":"test","event":"ok","name":"liminal-server::liminal_server$config::validation::tests::duplicate_channel_names_are_listed","exec_time":0.023416334}
{"type":"test","event":"started","name":"liminal-server::liminal_server$config::validation::tests::invalid_health_listen_address_reports_field_name"}
{"type":"test","event":"ok","name":"liminal-server::liminal_server$config::validation::tests::absolute_schema_ref_is_loaded_and_parsed","exec_time":0.043292}
{"type":"test","event":"started","name":"liminal-server::liminal_server$config::validation::tests::invalid_json_schema_ref_reports_validation_error"}
{"type":"test","event":"ok","name":"liminal-server::liminal_server$config::validation::tests::empty_auth_token_is_rejected","exec_time":0.019325708}
{"type":"test","event":"started","name":"liminal-server::liminal_server$config::validation::tests::invalid_listen_address_reports_field_name"}
{"type":"test","event":"ok","name":"liminal-server::liminal_server$config::validation::tests::file_persistence_path_is_rejected","exec_time":0.017539833}
{"type":"test","event":"started","name":"liminal-server::liminal_server$config::validation::tests::matching_health_and_main_listen_addresses_are_rejected"}
{"type":"test","event":"ok","name":"liminal-server::liminal_server$config::validation::tests::invalid_health_listen_address_reports_field_name","exec_time":0.018613209}
{"type":"test","event":"started","name":"liminal-server::liminal_server$config::validation::tests::matching_health_and_main_listen_ports_are_rejected"}
{"type":"test","event":"ok","name":"liminal-server::liminal_server$config::validation::tests::invalid_json_schema_ref_reports_validation_error","exec_time":0.012290208}
{"type":"test","event":"started","name":"liminal-server::liminal_server$config::validation::tests::missing_schema_ref_file_reports_validation_error"}
{"type":"test","event":"ok","name":"liminal-server::liminal_server$config::validation::tests::invalid_listen_address_reports_field_name","exec_time":0.01310175}
{"type":"test","event":"started","name":"liminal-server::liminal_server$config::validation::tests::multiple_validation_errors_are_reported_together"}
{"type":"test","event":"ok","name":"liminal-server::liminal_server$config::validation::tests::matching_health_and_main_listen_addresses_are_rejected","exec_time":0.01729325}
{"type":"test","event":"started","name":"liminal-server::liminal_server$config::validation::tests::present_non_empty_auth_token_passes_validation"}
{"type":"test","event":"ok","name":"liminal-server::liminal_server$config::validation::tests::missing_schema_ref_file_reports_validation_error","exec_time":0.010910375}
{"type":"test","event":"started","name":"liminal-server::liminal_server$config::validation::tests::provenance_ttl_shorter_than_receipt_is_a_typed_config_error"}
{"type":"test","event":"ok","name":"liminal-server::liminal_server$config::validation::tests::matching_health_and_main_listen_ports_are_rejected","exec_time":0.011650541}
{"type":"test","event":"started","name":"liminal-server::liminal_server$config::validation::tests::relative_schema_ref_resolves_against_base_dir"}
{"type":"test","event":"ok","name":"liminal-server::liminal_server$config::validation::tests::multiple_validation_errors_are_reported_together","exec_time":0.018237959}
{"type":"test","event":"started","name":"liminal-server::liminal_server$config::validation::tests::routing_rules_reference_configured_channels"}
{"type":"test","event":"ok","name":"liminal-server::liminal_server$config::validation::tests::present_non_empty_auth_token_passes_validation","exec_time":0.016059417}
{"type":"test","event":"started","name":"liminal-server::liminal_server$config::validation::tests::undersized_wire_frame_limit_is_a_typed_config_error"}
{"type":"test","event":"ok","name":"liminal-server::liminal_server$config::validation::tests::provenance_ttl_shorter_than_receipt_is_a_typed_config_error","exec_time":0.019924791}
{"type":"test","event":"started","name":"liminal-server::liminal_server$config::validation::tests::unknown_profile_is_a_validation_error"}
{"type":"test","event":"ok","name":"liminal-server::liminal_server$config::validation::tests::routing_rules_reference_configured_channels","exec_time":0.01247075}
{"type":"test","event":"started","name":"liminal-server::liminal_server$config::validation::tests::unreachable_persistence_path_reports_path"}
{"type":"test","event":"ok","name":"liminal-server::liminal_server$config::validation::tests::relative_schema_ref_resolves_against_base_dir","exec_time":0.025839167}
{"type":"test","event":"started","name":"liminal-server::liminal_server$config::validation::tests::valid_config_passes_validation"}
{"type":"test","event":"ok","name":"liminal-server::liminal_server$config::validation::tests::undersized_wire_frame_limit_is_a_typed_config_error","exec_time":0.015491834}
{"type":"test","event":"started","name":"liminal-server::liminal_server$config::validation::tests::valid_json_invalid_schema_ref_reports_validation_error"}
{"type":"test","event":"ok","name":"liminal-server::liminal_server$config::validation::tests::unknown_profile_is_a_validation_error","exec_time":0.011862}
{"type":"test","event":"started","name":"liminal-server::liminal_server$config::validation::tests::valid_participant_section_passes_validation"}
{"type":"test","event":"ok","name":"liminal-server::liminal_server$config::validation::tests::valid_config_passes_validation","exec_time":0.010409542}
{"type":"test","event":"started","name":"liminal-server::liminal_server$config::validation::tests::valid_websocket_section_passes_validation"}
{"type":"test","event":"ok","name":"liminal-server::liminal_server$config::validation::tests::unreachable_persistence_path_reports_path","exec_time":0.011118917}
{"type":"test","event":"started","name":"liminal-server::liminal_server$config::validation::tests::websocket_absent_ping_interval_means_disabled_and_valid"}
{"type":"test","event":"ok","name":"liminal-server::liminal_server$config::validation::tests::websocket_absent_ping_interval_means_disabled_and_valid","exec_time":0.012027458}
{"type":"test","event":"started","name":"liminal-server::liminal_server$config::validation::tests::websocket_address_conflicts_are_typed_config_errors"}
{"type":"test","event":"ok","name":"liminal-server::liminal_server$config::validation::tests::valid_participant_section_passes_validation","exec_time":0.017739333}
{"type":"test","event":"started","name":"liminal-server::liminal_server$config::validation::tests::websocket_duplicate_origin_is_a_typed_config_error"}
{"type":"test","event":"ok","name":"liminal-server::liminal_server$config::validation::tests::valid_websocket_section_passes_validation","exec_time":0.013271292}
{"type":"test","event":"started","name":"liminal-server::liminal_server$config::validation::tests::websocket_empty_origin_list_is_valid_fail_closed_configuration"}
{"type":"test","event":"ok","name":"liminal-server::liminal_server$config::validation::tests::valid_json_invalid_schema_ref_reports_validation_error","exec_time":0.023349042}
{"type":"test","event":"started","name":"liminal-server::liminal_server$config::validation::tests::websocket_malformed_origin_entries_are_typed_config_errors"}
{"type":"test","event":"ok","name":"liminal-server::liminal_server$config::validation::tests::websocket_empty_origin_list_is_valid_fail_closed_configuration","exec_time":0.015940375}
{"type":"test","event":"started","name":"liminal-server::liminal_server$config::validation::tests::websocket_path_rules_are_typed_config_errors"}
{"type":"test","event":"ok","name":"liminal-server::liminal_server$config::validation::tests::websocket_duplicate_origin_is_a_typed_config_error","exec_time":0.016261167}
{"type":"test","event":"started","name":"liminal-server::liminal_server$config::validation::tests::websocket_zero_ping_interval_is_a_typed_config_error"}
{"type":"test","event":"ok","name":"liminal-server::liminal_server$config::validation::tests::websocket_address_conflicts_are_typed_config_errors","exec_time":0.017400875}
{"type":"test","event":"started","name":"liminal-server::liminal_server$config::validation::tests::websocket_zero_port_is_a_typed_config_error"}
{"type":"test","event":"ok","name":"liminal-server::liminal_server$config::validation::tests::websocket_malformed_origin_entries_are_typed_config_errors","exec_time":0.014675334}
{"type":"test","event":"started","name":"liminal-server::liminal_server$config::validation::tests::worker_front_door_profile_rejects_channels_persistence_and_cluster"}
{"type":"test","event":"ok","name":"liminal-server::liminal_server$config::validation::tests::websocket_path_rules_are_typed_config_errors","exec_time":0.014398833}
{"type":"test","event":"started","name":"liminal-server::liminal_server$config::validation::tests::worker_front_door_profile_with_empty_topology_passes"}
{"type":"test","event":"ok","name":"liminal-server::liminal_server$config::validation::tests::websocket_zero_ping_interval_is_a_typed_config_error","exec_time":0.01592775}
{"type":"test","event":"started","name":"liminal-server::liminal_server$config::validation::tests::worker_front_door_rejects_participant_section"}
{"type":"test","event":"ok","name":"liminal-server::liminal_server$config::validation::tests::websocket_zero_port_is_a_typed_config_error","exec_time":0.016311833}
{"type":"test","event":"started","name":"liminal-server::liminal_server$config::validation::tests::zero_drain_timeout_is_rejected"}
{"type":"test","event":"ok","name":"liminal-server::liminal_server$config::validation::tests::worker_front_door_profile_rejects_channels_persistence_and_cluster","exec_time":0.015774125}
{"type":"test","event":"started","name":"liminal-server::liminal_server$config::validation::tests::zero_limits_are_typed_config_errors"}
{"type":"test","event":"ok","name":"liminal-server::liminal_server$config::validation::tests::worker_front_door_rejects_participant_section","exec_time":0.014866083}
{"type":"test","event":"started","name":"liminal-server::liminal_server$config::validation::tests::zero_participant_values_are_typed_config_errors"}
{"type":"test","event":"ok","name":"liminal-server::liminal_server$config::validation::tests::worker_front_door_profile_with_empty_topology_passes","exec_time":0.018295458}
{"type":"test","event":"started","name":"liminal-server::liminal_server$health::checks::tests::health_check_is_always_healthy_liveness"}
{"type":"test","event":"ok","name":"liminal-server::liminal_server$config::validation::tests::zero_limits_are_typed_config_errors","exec_time":0.014714541}
{"type":"test","event":"started","name":"liminal-server::liminal_server$health::checks::tests::readiness_ignores_cluster_membership_when_not_configured"}
{"type":"test","event":"ok","name":"liminal-server::liminal_server$config::validation::tests::zero_drain_timeout_is_rejected","exec_time":0.019895708}
{"type":"test","event":"started","name":"liminal-server::liminal_server$health::checks::tests::readiness_is_ready_only_when_all_applicable_conditions_are_met"}
{"type":"test","event":"ok","name":"liminal-server::liminal_server$config::validation::tests::zero_participant_values_are_typed_config_errors","exec_time":0.017187375}
{"type":"test","event":"started","name":"liminal-server::liminal_server$health::checks::tests::readiness_reports_missing_config"}
{"type":"test","event":"ok","name":"liminal-server::liminal_server$health::checks::tests::readiness_ignores_cluster_membership_when_not_configured","exec_time":0.014876458}
{"type":"test","event":"started","name":"liminal-server::liminal_server$health::checks::tests::readiness_reports_missing_listener"}
{"type":"test","event":"ok","name":"liminal-server::liminal_server$health::checks::tests::health_check_is_always_healthy_liveness","exec_time":0.015870375}
{"type":"test","event":"started","name":"liminal-server::liminal_server$health::checks::tests::readiness_requires_cluster_membership_when_configured"}
{"type":"test","event":"ok","name":"liminal-server::liminal_server$health::checks::tests::readiness_is_ready_only_when_all_applicable_conditions_are_met","exec_time":0.013933792}
{"type":"test","event":"started","name":"liminal-server::liminal_server$health::checks::tests::shared_readiness_state_snapshots_updates"}
{"type":"test","event":"ok","name":"liminal-server::liminal_server$health::checks::tests::readiness_reports_missing_config","exec_time":0.014694541}
{"type":"test","event":"started","name":"liminal-server::liminal_server$health::endpoint::tests::cluster_readiness_is_listed_when_configured_but_not_joined"}
{"type":"test","event":"ok","name":"liminal-server::liminal_server$health::checks::tests::readiness_requires_cluster_membership_when_configured","exec_time":0.014028833}
{"type":"test","event":"started","name":"liminal-server::liminal_server$health::endpoint::tests::clustered_ready_transitions_503_to_200_when_membership_established"}
{"type":"test","event":"ok","name":"liminal-server::liminal_server$health::checks::tests::readiness_reports_missing_listener","exec_time":0.018265292}
{"type":"test","event":"ok","name":"liminal-server::liminal_server$health::checks::tests::shared_readiness_state_snapshots_updates","exec_time":0.016498958}
{"type":"test","event":"started","name":"liminal-server::liminal_server$health::endpoint::tests::health_accept_source_has_no_wouldblock_sleep_poll"}
{"type":"test","event":"started","name":"liminal-server::liminal_server$health::endpoint::tests::health_endpoint_returns_json_200_regardless_of_readiness"}
{"type":"test","event":"ok","name":"liminal-server::liminal_server$health::endpoint::tests::cluster_readiness_is_listed_when_configured_but_not_joined","exec_time":0.017627792}
{"type":"test","event":"started","name":"liminal-server::liminal_server$health::endpoint::tests::health_idle_grows_unrelated_counters_while_accept_stays_flat"}
{"type":"test","event":"ok","name":"liminal-server::liminal_server$health::endpoint::tests::clustered_ready_transitions_503_to_200_when_membership_established","exec_time":0.020215958}
{"type":"test","event":"started","name":"liminal-server::liminal_server$health::endpoint::tests::health_shutdown_interrupts_accept_wait"}
{"type":"test","event":"ok","name":"liminal-server::liminal_server$health::endpoint::tests::health_endpoint_returns_json_200_regardless_of_readiness","exec_time":0.017590333}
{"type":"test","event":"started","name":"liminal-server::liminal_server$health::endpoint::tests::ready_endpoint_returns_200_after_all_startup_gates"}
{"type":"test","event":"ok","name":"liminal-server::liminal_server$health::endpoint::tests::health_accept_source_has_no_wouldblock_sleep_poll","exec_time":0.017480875}
{"type":"test","event":"started","name":"liminal-server::liminal_server$health::endpoint::tests::ready_endpoint_returns_503_before_main_listener_binds"}
{"type":"test","event":"ok","name":"liminal-server::liminal_server$health::endpoint::tests::ready_endpoint_returns_503_before_main_listener_binds","exec_time":0.015654917}
{"type":"test","event":"started","name":"liminal-server::liminal_server$health::endpoint::tests::ready_endpoint_updates_from_shared_readiness_state"}
{"type":"test","event":"ok","name":"liminal-server::liminal_server$health::endpoint::tests::ready_endpoint_returns_200_after_all_startup_gates","exec_time":0.01720575}
{"type":"test","event":"started","name":"liminal-server::liminal_server$health::endpoint::tests::shutdown_interrupts_in_flight_silent_request_read"}
{"type":"test","event":"ok","name":"liminal-server::liminal_server$health::endpoint::tests::health_idle_grows_unrelated_counters_while_accept_stays_flat","exec_time":0.023726}
{"type":"test","event":"started","name":"liminal-server::liminal_server$health::endpoint::tests::silent_health_listener_has_zero_application_wakes"}
{"type":"test","event":"ok","name":"liminal-server::liminal_server$health::endpoint::tests::health_shutdown_interrupts_accept_wait","exec_time":0.032842}
{"type":"test","event":"started","name":"liminal-server::liminal_server$health::endpoint::tests::unsupported_methods_on_health_paths_are_rejected"}
{"type":"test","event":"ok","name":"liminal-server::liminal_server$health::endpoint::tests::ready_endpoint_updates_from_shared_readiness_state","exec_time":0.015929333}
{"type":"test","event":"started","name":"liminal-server::liminal_server$health::endpoint::tests::unsupported_paths_are_not_served"}
{"type":"test","event":"ok","name":"liminal-server::liminal_server$health::endpoint::tests::shutdown_interrupts_in_flight_silent_request_read","exec_time":0.021221708}
{"type":"test","event":"started","name":"liminal-server::liminal_server$health::metrics_route::tests::health_and_ready_are_unaffected_by_the_metrics_route"}
{"type":"test","event":"ok","name":"liminal-server::liminal_server$health::endpoint::tests::unsupported_paths_are_not_served","exec_time":0.014059333}
{"type":"test","event":"ok","name":"liminal-server::liminal_server$health::endpoint::tests::unsupported_methods_on_health_paths_are_rejected","exec_time":0.014393917}
{"type":"test","event":"started","name":"liminal-server::liminal_server$health::metrics_route::tests::render_body_exposes_the_three_server_families_after_activity"}
{"type":"test","event":"started","name":"liminal-server::liminal_server$health::metrics_route::tests::metrics_endpoint_serves_prometheus_text_with_200"}
{"type":"test","event":"ok","name":"liminal-server::liminal_server$health::metrics_route::tests::health_and_ready_are_unaffected_by_the_metrics_route","exec_time":0.016803375}
{"type":"test","event":"started","name":"liminal-server::liminal_server$metrics::tests::init_registers_the_three_server_families_on_the_global_registry"}
{"type":"test","event":"ok","name":"liminal-server::liminal_server$health::metrics_route::tests::render_body_exposes_the_three_server_families_after_activity","exec_time":0.014281458}
{"type":"test","event":"started","name":"liminal-server::liminal_server$server::connection::apply::admission_tests::a_healthy_channel_is_admitted_through_the_same_consultation"}
{"type":"test","event":"ok","name":"liminal-server::liminal_server$health::metrics_route::tests::metrics_endpoint_serves_prometheus_text_with_200","exec_time":0.015133375}
{"type":"test","event":"started","name":"liminal-server::liminal_server$server::connection::apply::admission_tests::a_quiesced_channel_is_refused_with_its_own_code_and_carries_the_recorded_reason"}
{"type":"test","event":"ok","name":"liminal-server::liminal_server$metrics::tests::init_registers_the_three_server_families_on_the_global_registry","exec_time":0.012748416}
{"type":"test","event":"started","name":"liminal-server::liminal_server$server::connection::apply::admission_tests::an_absent_channel_is_refused_with_the_roster_code_and_the_preserved_string"}
{"type":"test","event":"ok","name":"liminal-server::liminal_server$server::connection::apply::admission_tests::a_quiesced_channel_is_refused_with_its_own_code_and_carries_the_recorded_reason","exec_time":0.082317042}
{"type":"test","event":"started","name":"liminal-server::liminal_server$server::connection::apply::admission_tests::an_admitted_operation_the_service_then_refuses_stays_undifferentiated"}
{"type":"test","event":"ok","name":"liminal-server::liminal_server$server::connection::apply::admission_tests::an_absent_channel_is_refused_with_the_roster_code_and_the_preserved_string","exec_time":0.075766791}
{"type":"test","event":"started","name":"liminal-server::liminal_server$server::connection::apply::tests::cap_refused_request_never_reaches_the_participant"}
{"type":"test","event":"ok","name":"liminal-server::liminal_server$server::connection::apply::admission_tests::a_healthy_channel_is_admitted_through_the_same_consultation","exec_time":0.088514292}
{"type":"test","event":"started","name":"liminal-server::liminal_server$server::connection::apply::tests::connect_with_absent_token_against_gate_is_rejected_and_closed"}
{"type":"test","event":"ok","name":"liminal-server::liminal_server$server::connection::apply::tests::cap_refused_request_never_reaches_the_participant","exec_time":0.013266917}
{"type":"test","event":"started","name":"liminal-server::liminal_server$server::connection::apply::tests::connect_with_matching_token_is_accepted"}
{"type":"test","event":"ok","name":"liminal-server::liminal_server$server::connection::apply::tests::connect_with_absent_token_against_gate_is_rejected_and_closed","exec_time":0.019397209}
{"type":"test","event":"started","name":"liminal-server::liminal_server$server::connection::apply::tests::connect_with_prefix_but_wrong_length_is_rejected"}
{"type":"test","event":"ok","name":"liminal-server::liminal_server$server::connection::apply::tests::connect_with_matching_token_is_accepted","exec_time":0.018096875}
{"type":"test","event":"started","name":"liminal-server::liminal_server$server::connection::apply::tests::connect_with_wrong_token_is_rejected_and_closed"}
{"type":"test","event":"ok","name":"liminal-server::liminal_server$server::connection::apply::admission_tests::an_admitted_operation_the_service_then_refuses_stays_undifferentiated","exec_time":0.037003959}
{"type":"test","event":"started","name":"liminal-server::liminal_server$server::connection::apply::tests::connect_without_configured_token_accepts_any_token"}
{"type":"test","event":"ok","name":"liminal-server::liminal_server$server::connection::apply::tests::connect_with_prefix_but_wrong_length_is_rejected","exec_time":0.013404417}
{"type":"test","event":"started","name":"liminal-server::liminal_server$server::connection::apply::tests::connection_cap_refused_request_never_reaches_the_participant"}
{"type":"test","event":"ok","name":"liminal-server::liminal_server$server::connection::apply::tests::connect_with_wrong_token_is_rejected_and_closed","exec_time":0.013191209}
{"type":"test","event":"started","name":"liminal-server::liminal_server$server::connection::apply::tests::conversation_cap_refuses_past_the_limit_with_a_typed_error"}
{"type":"test","event":"ok","name":"liminal-server::liminal_server$server::connection::apply::tests::connect_without_configured_token_accepts_any_token","exec_time":0.016523209}
{"type":"test","event":"started","name":"liminal-server::liminal_server$server::connection::apply::tests::conversation_close_sweeps_pending_and_tombstone_entries"}
{"type":"test","event":"ok","name":"liminal-server::liminal_server$server::connection::apply::tests::connection_cap_refused_request_never_reaches_the_participant","exec_time":0.013275958}
{"type":"test","event":"started","name":"liminal-server::liminal_server$server::connection::apply::tests::duplicate_open_of_a_live_conversation_is_refused"}
{"type":"test","event":"ok","name":"liminal-server::liminal_server$server::connection::apply::tests::conversation_cap_refuses_past_the_limit_with_a_typed_error","exec_time":0.011738667}
{"type":"test","event":"started","name":"liminal-server::liminal_server$server::connection::apply::tests::failed_forward_rolls_back_its_reservation"}
{"type":"test","event":"ok","name":"liminal-server::liminal_server$server::connection::apply::tests::conversation_close_sweeps_pending_and_tombstone_entries","exec_time":0.014418167}
{"type":"test","event":"started","name":"liminal-server::liminal_server$server::connection::apply::tests::installed_participant_semantic_failure_closes_without_response"}
{"type":"test","event":"ok","name":"liminal-server::liminal_server$server::connection::apply::tests::duplicate_open_of_a_live_conversation_is_refused","exec_time":0.013837833}
{"type":"test","event":"started","name":"liminal-server::liminal_server$server::connection::apply::tests::installed_participant_service_advertises_and_dispatches_with_exact_incarnation"}
{"type":"test","event":"ok","name":"liminal-server::liminal_server$server::connection::apply::tests::failed_forward_rolls_back_its_reservation","exec_time":0.013195791}
{"type":"test","event":"started","name":"liminal-server::liminal_server$server::connection::apply::tests::installed_participant_service_without_process_incarnation_fails_closed"}
{"type":"test","event":"ok","name":"liminal-server::liminal_server$health::endpoint::tests::silent_health_listener_has_zero_application_wakes","exec_time":0.2270035}
{"type":"test","event":"started","name":"liminal-server::liminal_server$server::connection::apply::tests::installed_participant_wire_limit_reaches_negotiated_session"}
{"type":"test","event":"ok","name":"liminal-server::liminal_server$server::connection::apply::tests::installed_participant_semantic_failure_closes_without_response","exec_time":0.051929458}
{"type":"test","event":"started","name":"liminal-server::liminal_server$server::connection::apply::tests::open_refusals_preserve_the_request_stream_id"}
{"type":"test","event":"ok","name":"liminal-server::liminal_server$server::connection::apply::tests::installed_participant_service_advertises_and_dispatches_with_exact_incarnation","exec_time":0.062234625}
{"type":"test","event":"started","name":"liminal-server::liminal_server$server::connection::apply::tests::participant_request_without_capability_responds_with_exact_rejection_then_closes"}
{"type":"test","event":"ok","name":"liminal-server::liminal_server$server::connection::apply::tests::installed_participant_service_without_process_incarnation_fails_closed","exec_time":0.056442834}
{"type":"test","event":"started","name":"liminal-server::liminal_server$server::connection::apply::tests::pressure_frames_are_auth_gated_when_token_configured"}
{"type":"test","event":"ok","name":"liminal-server::liminal_server$server::connection::apply::tests::open_refusals_preserve_the_request_stream_id","exec_time":0.017516916}
{"type":"test","event":"started","name":"liminal-server::liminal_server$server::connection::apply::tests::pressure_frames_remain_no_response_in_full_mode"}
{"type":"test","event":"ok","name":"liminal-server::liminal_server$server::connection::apply::tests::installed_participant_wire_limit_reaches_negotiated_session","exec_time":0.045557458}
{"type":"test","event":"ok","name":"liminal-server::liminal_server$server::connection::apply::tests::pressure_frames_are_auth_gated_when_token_configured","exec_time":0.017412708}
{"type":"test","event":"ok","name":"liminal-server::liminal_server$server::connection::apply::tests::participant_request_without_capability_responds_with_exact_rejection_then_closes","exec_time":0.016783208}
{"type":"test","event":"started","name":"liminal-server::liminal_server$server::connection::apply::tests::publish_before_connect_against_gate_is_closed"}
{"type":"test","event":"started","name":"liminal-server::liminal_server$server::connection::apply::tests::publish_after_rejected_connect_is_still_closed"}
{"type":"test","event":"started","name":"liminal-server::liminal_server$server::connection::apply::tests::publish_after_successful_connect_is_honoured"}
{"type":"test","event":"ok","name":"liminal-server::liminal_server$server::connection::apply::tests::pressure_frames_remain_no_response_in_full_mode","exec_time":0.0181175}
{"type":"test","event":"started","name":"liminal-server::liminal_server$server::connection::apply::tests::publish_frame_delegates_to_liminal_services"}
{"type":"test","event":"ok","name":"liminal-server::liminal_server$server::connection::apply::tests::publish_after_rejected_connect_is_still_closed","exec_time":0.016456917}
{"type":"test","event":"started","name":"liminal-server::liminal_server$server::connection::apply::tests::publish_to_tapped_channel_bypasses_fan_out"}
{"type":"test","event":"ok","name":"liminal-server::liminal_server$server::connection::apply::tests::publish_after_successful_connect_is_honoured","exec_time":0.017291417}
{"type":"test","event":"started","name":"liminal-server::liminal_server$server::connection::apply::tests::publish_to_untapped_channel_still_fans_out"}
{"type":"test","event":"ok","name":"liminal-server::liminal_server$server::connection::apply::tests::publish_before_connect_against_gate_is_closed","exec_time":0.021782625}
{"type":"test","event":"started","name":"liminal-server::liminal_server$server::connection::apply::tests::repeated_supported_connect_fails_closed_without_renegotiation"}
{"type":"test","event":"ok","name":"liminal-server::liminal_server$server::connection::apply::tests::publish_frame_delegates_to_liminal_services","exec_time":0.013943667}
{"type":"test","event":"started","name":"liminal-server::liminal_server$server::connection::apply::tests::subscribe_and_unsubscribe_delegate_to_services"}
{"type":"test","event":"ok","name":"liminal-server::liminal_server$server::connection::apply::tests::publish_to_tapped_channel_bypasses_fan_out","exec_time":0.015571458}
{"type":"test","event":"started","name":"liminal-server::liminal_server$server::connection::apply::tests::subscribe_and_worker_register_before_connect_are_closed"}
{"type":"test","event":"ok","name":"liminal-server::liminal_server$server::connection::apply::tests::publish_to_untapped_channel_still_fans_out","exec_time":0.013804458}
{"type":"test","event":"started","name":"liminal-server::liminal_server$server::connection::apply::tests::subscription_cap_refuses_past_the_limit_with_a_typed_error"}
{"type":"test","event":"ok","name":"liminal-server::liminal_server$server::connection::apply::tests::repeated_supported_connect_fails_closed_without_renegotiation","exec_time":0.01636475}
{"type":"test","event":"started","name":"liminal-server::liminal_server$server::connection::apply::tests::unsupported_version_closes_without_publishing_handshake_state_or_application_work"}
{"type":"test","event":"ok","name":"liminal-server::liminal_server$server::connection::apply::tests::subscribe_and_unsubscribe_delegate_to_services","exec_time":0.016436125}
{"type":"test","event":"started","name":"liminal-server::liminal_server$server::connection::apply::tests::worker_front_door_connect_keeps_participant_capability_disabled"}
{"type":"test","event":"ok","name":"liminal-server::liminal_server$server::connection::apply::tests::subscribe_and_worker_register_before_connect_are_closed","exec_time":0.016892375}
{"type":"test","event":"started","name":"liminal-server::liminal_server$server::connection::apply::tests::worker_front_door_rejects_accept_pressure_frame_with_subscribe_error"}
{"type":"test","event":"ok","name":"liminal-server::liminal_server$server::connection::apply::tests::subscription_cap_refuses_past_the_limit_with_a_typed_error","exec_time":0.017344417}
{"type":"test","event":"started","name":"liminal-server::liminal_server$server::connection::apply::tests::worker_front_door_rejects_conversation_open_message_and_close"}
{"type":"test","event":"ok","name":"liminal-server::liminal_server$server::connection::apply::tests::worker_front_door_connect_keeps_participant_capability_disabled","exec_time":0.017950667}
{"type":"test","event":"started","name":"liminal-server::liminal_server$server::connection::apply::tests::worker_front_door_rejects_defer_pressure_frame_with_subscribe_error"}
{"type":"test","event":"ok","name":"liminal-server::liminal_server$server::connection::apply::tests::unsupported_version_closes_without_publishing_handshake_state_or_application_work","exec_time":0.018675125}
{"type":"test","event":"started","name":"liminal-server::liminal_server$server::connection::apply::tests::worker_front_door_rejects_ordinary_publish_with_publish_error"}
{"type":"test","event":"ok","name":"liminal-server::liminal_server$server::connection::apply::tests::worker_front_door_rejects_accept_pressure_frame_with_subscribe_error","exec_time":0.014867375}
{"type":"test","event":"started","name":"liminal-server::liminal_server$server::connection::apply::tests::worker_front_door_rejects_reject_pressure_frame_with_subscribe_error"}
{"type":"test","event":"ok","name":"liminal-server::liminal_server$server::connection::apply::tests::worker_front_door_rejects_conversation_open_message_and_close","exec_time":0.014236125}
{"type":"test","event":"started","name":"liminal-server::liminal_server$server::connection::apply::tests::worker_front_door_rejects_subscribe_with_subscribe_error"}
{"type":"test","event":"ok","name":"liminal-server::liminal_server$server::connection::apply::tests::worker_front_door_rejects_defer_pressure_frame_with_subscribe_error","exec_time":0.014268417}
{"type":"test","event":"started","name":"liminal-server::liminal_server$server::connection::apply::tests::worker_front_door_rejects_unsubscribe_with_subscribe_error"}
{"type":"test","event":"ok","name":"liminal-server::liminal_server$server::connection::apply::tests::worker_front_door_rejects_ordinary_publish_with_publish_error","exec_time":0.0141585}
{"type":"test","event":"started","name":"liminal-server::liminal_server$server::connection::apply::tests::worker_front_door_serves_its_capabilities_across_rejections"}
{"type":"test","event":"ok","name":"liminal-server::liminal_server$server::connection::apply::tests::worker_front_door_rejects_subscribe_with_subscribe_error","exec_time":0.015581792}
{"type":"test","event":"ok","name":"liminal-server::liminal_server$server::connection::apply::tests::worker_front_door_rejects_reject_pressure_frame_with_subscribe_error","exec_time":0.015996708}
{"type":"test","event":"started","name":"liminal-server::liminal_server$server::connection::apply::tests::worker_register_rejection_surfaces_reason"}
{"type":"test","event":"started","name":"liminal-server::liminal_server$server::connection::apply::tests::worker_register_invokes_notifier_and_accepts"}
{"type":"test","event":"ok","name":"liminal-server::liminal_server$server::connection::apply::tests::worker_front_door_rejects_unsubscribe_with_subscribe_error","exec_time":0.01670825}
{"type":"test","event":"started","name":"liminal-server::liminal_server$server::connection::apply::tests::worker_register_without_notifier_is_accepted"}
{"type":"test","event":"ok","name":"liminal-server::liminal_server$server::connection::apply::tests::worker_front_door_serves_its_capabilities_across_rejections","exec_time":0.01667875}
{"type":"test","event":"started","name":"liminal-server::liminal_server$server::connection::channel_registry::channel_registry_tests::access_refusals_carry_their_reserved_reason_codes"}
{"type":"test","event":"ok","name":"liminal-server::liminal_server$server::connection::apply::tests::worker_register_invokes_notifier_and_accepts","exec_time":0.019314792}
{"type":"test","event":"started","name":"liminal-server::liminal_server$server::connection::channel_registry::channel_registry_tests::already_registered_names_the_differing_field"}
{"type":"test","event":"ok","name":"liminal-server::liminal_server$server::connection::apply::tests::worker_register_rejection_surfaces_reason","exec_time":0.020585791}
{"type":"test","event":"started","name":"liminal-server::liminal_server$server::connection::channel_registry::channel_registry_tests::cap_refusals_name_the_config_key"}
{"type":"test","event":"ok","name":"liminal-server::liminal_server$server::connection::apply::tests::worker_register_without_notifier_is_accepted","exec_time":0.027829917}
{"type":"test","event":"ok","name":"liminal-server::liminal_server$server::connection::channel_registry::channel_registry_tests::access_refusals_carry_their_reserved_reason_codes","exec_time":0.027863625}
{"type":"test","event":"started","name":"liminal-server::liminal_server$server::connection::channel_registry::channel_registry_tests::the_three_access_codes_are_mutually_distinct"}
{"type":"test","event":"started","name":"liminal-server::liminal_server$server::connection::delivery::tests::drains_in_order_with_monotonic_delivery_seq"}
{"type":"test","event":"ok","name":"liminal-server::liminal_server$server::connection::channel_registry::channel_registry_tests::already_registered_names_the_differing_field","exec_time":0.020326583}
{"type":"test","event":"started","name":"liminal-server::liminal_server$server::connection::delivery::tests::overflowed_subscription_is_shed_with_a_typed_error"}
{"type":"test","event":"ok","name":"liminal-server::liminal_server$server::connection::channel_registry::channel_registry_tests::cap_refusals_name_the_config_key","exec_time":0.022240333}
{"type":"test","event":"started","name":"liminal-server::liminal_server$server::connection::delivery::tests::per_slice_budget_caps_deliveries"}
{"type":"test","event":"ok","name":"liminal-server::liminal_server$server::connection::channel_registry::channel_registry_tests::the_three_access_codes_are_mutually_distinct","exec_time":0.012446291}
{"type":"test","event":"started","name":"liminal-server::liminal_server$server::connection::delivery::tests::pipelined_large_burst_is_delivered_without_teardown"}
{"type":"test","event":"ok","name":"liminal-server::liminal_server$server::connection::delivery::tests::drains_in_order_with_monotonic_delivery_seq","exec_time":0.0152845}
{"type":"test","event":"started","name":"liminal-server::liminal_server$server::connection::delivery::tests::shed_error_frame_defers_under_outbound_pressure"}
{"type":"test","event":"ok","name":"liminal-server::liminal_server$server::connection::delivery::tests::overflowed_subscription_is_shed_with_a_typed_error","exec_time":0.012768291}
{"type":"test","event":"started","name":"liminal-server::liminal_server$server::connection::incarnation_tests::accepted_connections_receive_distinct_durable_incarnations"}
{"type":"test","event":"ok","name":"liminal-server::liminal_server$server::connection::delivery::tests::per_slice_budget_caps_deliveries","exec_time":0.014965625}
{"type":"test","event":"started","name":"liminal-server::liminal_server$server::connection::incarnation_tests::allocation_flush_failure_refuses_connection_before_process_spawn"}
{"type":"test","event":"ok","name":"liminal-server::liminal_server$server::connection::delivery::tests::shed_error_frame_defers_under_outbound_pressure","exec_time":0.014553875}
{"type":"test","event":"started","name":"liminal-server::liminal_server$server::connection::incarnation_tests::connection_ordinal_exhaustion_is_a_typed_admission_failure"}
{"type":"test","event":"ok","name":"liminal-server::liminal_server$server::connection::delivery::tests::pipelined_large_burst_is_delivered_without_teardown","exec_time":0.107086416}
{"type":"test","event":"started","name":"liminal-server::liminal_server$server::connection::incarnation_tests::ordinary_full_services_do_not_activate_participant_incarnations"}
{"type":"test","event":"ok","name":"liminal-server::liminal_server$server::connection::incarnation_tests::connection_ordinal_exhaustion_is_a_typed_admission_failure","exec_time":0.100970542}
{"type":"test","event":"started","name":"liminal-server::liminal_server$server::connection::incarnation_tests::production_connection_fate_authority_opens_and_completes_with_signed_bound"}
{"type":"test","event":"ok","name":"liminal-server::liminal_server$server::connection::incarnation_tests::ordinary_full_services_do_not_activate_participant_incarnations","exec_time":0.11835125}
{"type":"test","event":"started","name":"liminal-server::liminal_server$server::connection::incarnation_tests::startup_completes_historical_opens_before_returning_authority"}
{"type":"test","event":"ok","name":"liminal-server::liminal_server$server::connection::incarnation_tests::allocation_flush_failure_refuses_connection_before_process_spawn","exec_time":0.312360166}
{"type":"test","event":"started","name":"liminal-server::liminal_server$server::connection::incarnation_tests::startup_flush_failure_prevents_supervisor_construction"}
{"type":"test","event":"ok","name":"liminal-server::liminal_server$server::connection::incarnation_tests::accepted_connections_receive_distinct_durable_incarnations","exec_time":0.364467833}
{"type":"test","event":"started","name":"liminal-server::liminal_server$server::connection::incarnation_tests::supervisor_fsyncs_startup_before_listener_can_bind"}
{"type":"test","event":"ok","name":"liminal-sdk::ws_transport_parity$silent_send_parity","exec_time":1.732116042}
{"type":"test","event":"started","name":"liminal-server::liminal_server$server::connection::incarnation_tests::worker_front_door_does_not_activate_participant_incarnations"}
{"type":"test","event":"ok","name":"liminal-server::liminal_server$server::connection::incarnation_tests::worker_front_door_does_not_activate_participant_incarnations","exec_time":0.023965417}
{"type":"test","event":"started","name":"liminal-server::liminal_server$server::connection::outbound::tests::byte_budget_reports_progress_with_residue"}
{"type":"test","event":"ok","name":"liminal-server::liminal_server$server::connection::outbound::tests::byte_budget_reports_progress_with_residue","exec_time":0.018436209}
{"type":"test","event":"started","name":"liminal-server::liminal_server$server::connection::outbound::tests::drain_of_empty_buffer_is_ok"}
{"type":"test","event":"ok","name":"liminal-server::liminal_server$server::connection::incarnation_tests::startup_flush_failure_prevents_supervisor_construction","exec_time":0.232048834}
{"type":"test","event":"started","name":"liminal-server::liminal_server$server::connection::outbound::tests::enqueue_beyond_capacity_reports_overflow"}
{"type":"test","event":"ok","name":"liminal-server::liminal_server$server::connection::outbound::tests::enqueue_beyond_capacity_reports_overflow","exec_time":0.014550708}
{"type":"test","event":"started","name":"liminal-server::liminal_server$server::connection::outbound::tests::enqueue_then_drain_delivers_the_frame"}
{"type":"test","event":"ok","name":"liminal-server::liminal_server$server::connection::outbound::tests::drain_of_empty_buffer_is_ok","exec_time":0.014979875}
{"type":"test","event":"started","name":"liminal-server::liminal_server$server::connection::outbound::tests::large_frame_survives_partial_writes"}
{"type":"test","event":"ok","name":"liminal-server::liminal_server$server::connection::incarnation_tests::production_connection_fate_authority_opens_and_completes_with_signed_bound","exec_time":0.475314791}
{"type":"test","event":"started","name":"liminal-server::liminal_server$server::connection::outbound::tests::would_block_with_residue_is_reported"}
{"type":"test","event":"ok","name":"liminal-server::liminal_server$server::connection::outbound::tests::enqueue_then_drain_delivers_the_frame","exec_time":0.020814417}
{"type":"test","event":"started","name":"liminal-server::liminal_server$server::connection::participant_delivery::tests::debt_refusal_and_pressure_holdback_remain_distinct"}
{"type":"test","event":"ok","name":"liminal-server::liminal_server$server::connection::outbound::tests::large_frame_survives_partial_writes","exec_time":0.0252715}
{"type":"test","event":"started","name":"liminal-server::liminal_server$server::connection::participant_delivery::tests::held_cap::combined_held_heads_refuse_at_signed_cap_without_close_or_loss"}
{"type":"test","event":"ok","name":"liminal-server::liminal_server$server::connection::outbound::tests::would_block_with_residue_is_reported","exec_time":0.054350334}
{"type":"test","event":"started","name":"liminal-server::liminal_server$server::connection::participant_delivery::tests::held_fresh_encodes_share_the_exact_slice_budget_across_push_classes"}
{"type":"test","event":"ok","name":"liminal-server::liminal_server$server::connection::incarnation_tests::supervisor_fsyncs_startup_before_listener_can_bind","exec_time":0.280726041}
{"type":"test","event":"started","name":"liminal-server::liminal_server$server::connection::participant_delivery::tests::observer_requeue::budget_requeue_keeps_newer_observer_wake"}
{"type":"test","event":"ok","name":"liminal-server::liminal_server$server::connection::participant_delivery::tests::held_cap::combined_held_heads_refuse_at_signed_cap_without_close_or_loss","exec_time":0.053884417}
{"type":"test","event":"started","name":"liminal-server::liminal_server$server::connection::participant_delivery::tests::oversize_is_config_corruption_not_pressure_policy"}
{"type":"test","event":"ok","name":"liminal-server::liminal_server$server::connection::participant_delivery::tests::debt_refusal_and_pressure_holdback_remain_distinct","exec_time":0.132449333}
{"type":"test","event":"started","name":"liminal-server::liminal_server$server::connection::participant_delivery::tests::push_slice_budget_and_round_robin_are_exact"}
{"type":"test","event":"ok","name":"liminal-server::liminal_server$server::connection::participant_delivery::tests::held_fresh_encodes_share_the_exact_slice_budget_across_push_classes","exec_time":0.0935745}
{"type":"test","event":"started","name":"liminal-server::liminal_server$server::connection::participant_delivery::tests::slow_recipient_holds_only_its_head"}
{"type":"test","event":"ok","name":"liminal-server::liminal_server$server::connection::participant_delivery::tests::observer_requeue::budget_requeue_keeps_newer_observer_wake","exec_time":0.09485775}
{"type":"test","event":"started","name":"liminal-server::liminal_server$server::connection::participant_delivery::tests::tcp_and_websocket_publish_identical_participant_bytes"}
{"type":"test","event":"ok","name":"liminal-server::liminal_server$server::connection::participant_delivery::tests::push_slice_budget_and_round_robin_are_exact","exec_time":0.078720208}
{"type":"test","event":"started","name":"liminal-server::liminal_server$server::connection::participant_delivery::tests::w2_leg3::connection_fate_drops_stale_head_and_replays_after_reconciled_cursor"}
{"type":"test","event":"ok","name":"liminal-server::liminal_server$server::connection::participant_delivery::tests::oversize_is_config_corruption_not_pressure_policy","exec_time":0.206158083}
{"type":"test","event":"started","name":"liminal-server::liminal_server$server::connection::participant_delivery::tests::w2_leg3::deferred_debt_does_not_self_requeue_or_create_debt_wakes"}
{"type":"test","event":"ok","name":"liminal-server::liminal_server$server::connection::participant_delivery::tests::slow_recipient_holds_only_its_head","exec_time":0.147296334}
{"type":"test","event":"started","name":"liminal-server::liminal_server$server::connection::participant_delivery::tests::w2_leg3::held_obligation_revalidates_binding_and_debt_before_offer"}
{"type":"test","event":"ok","name":"liminal-server::liminal_server$server::connection::participant_delivery::tests::tcp_and_websocket_publish_identical_participant_bytes","exec_time":0.154296458}
{"type":"test","event":"started","name":"liminal-server::liminal_server$server::connection::participant_runtime_tests::supervisor_allocation_reaches_real_process_handler_as_exact_context"}
{"type":"test","event":"ok","name":"liminal-server::liminal_server$server::connection::incarnation_tests::startup_completes_historical_opens_before_returning_authority","exec_time":0.6862605}
{"type":"test","event":"started","name":"liminal-server::liminal_server$server::connection::pending_reply::tests::cancel_all_drops_every_entry"}
{"type":"test","event":"ok","name":"liminal-server::liminal_server$server::connection::pending_reply::tests::cancel_all_drops_every_entry","exec_time":0.01627225}
{"type":"test","event":"started","name":"liminal-server::liminal_server$server::connection::pending_reply::tests::capacity_recovers_via_conversation_close"}
{"type":"test","event":"ok","name":"liminal-server::liminal_server$server::connection::pending_reply::tests::capacity_recovers_via_conversation_close","exec_time":0.015122917}
{"type":"test","event":"started","name":"liminal-server::liminal_server$server::connection::pending_reply::tests::capacity_recovers_via_late_reply_consume"}
{"type":"test","event":"ok","name":"liminal-server::liminal_server$server::connection::pending_reply::tests::capacity_recovers_via_late_reply_consume","exec_time":0.01433775}
{"type":"test","event":"started","name":"liminal-server::liminal_server$server::connection::pending_reply::tests::connection_cap_counts_pending_only_not_tombstones"}
{"type":"test","event":"ok","name":"liminal-server::liminal_server$server::connection::pending_reply::tests::connection_cap_counts_pending_only_not_tombstones","exec_time":0.015199166}
{"type":"test","event":"started","name":"liminal-server::liminal_server$server::connection::pending_reply::tests::conversations_awaiting_reply_lists_only_pending_conversations"}
{"type":"test","event":"ok","name":"liminal-server::liminal_server$server::connection::pending_reply::tests::conversations_awaiting_reply_lists_only_pending_conversations","exec_time":0.015282334}
{"type":"test","event":"started","name":"liminal-server::liminal_server$server::connection::pending_reply::tests::expire_is_idempotent_across_slices"}
{"type":"test","event":"ok","name":"liminal-server::liminal_server$server::connection::pending_reply::tests::expire_is_idempotent_across_slices","exec_time":0.013177667}
{"type":"test","event":"started","name":"liminal-server::liminal_server$server::connection::pending_reply::tests::multiple_pipelined_replies_on_one_conversation_match_fifo"}
{"type":"test","event":"ok","name":"liminal-server::liminal_server$server::connection::pending_reply::tests::multiple_pipelined_replies_on_one_conversation_match_fifo","exec_time":0.014327333}
{"type":"test","event":"started","name":"liminal-server::liminal_server$server::connection::pending_reply::tests::replies_are_correlated_per_conversation"}
{"type":"test","event":"ok","name":"liminal-server::liminal_server$server::connection::pending_reply::tests::replies_are_correlated_per_conversation","exec_time":0.020290167}
{"type":"test","event":"started","name":"liminal-server::liminal_server$server::connection::pending_reply::tests::slow_actor_late_reply_never_matches_a_younger_entry"}
{"type":"test","event":"ok","name":"liminal-server::liminal_server$server::connection::pending_reply::tests::slow_actor_late_reply_never_matches_a_younger_entry","exec_time":0.018166917}
{"type":"test","event":"started","name":"liminal-server::liminal_server$server::connection::pending_reply::tests::timeout_then_late_reply_then_new_request"}
{"type":"test","event":"ok","name":"liminal-server::liminal_server$server::connection::pending_reply::tests::timeout_then_late_reply_then_new_request","exec_time":0.0142015}
{"type":"test","event":"started","name":"liminal-server::liminal_server$server::connection::pending_reply::tests::wedged_conversation_refuses_while_siblings_proceed"}
{"type":"test","event":"ok","name":"liminal-server::liminal_server$server::connection::pending_reply::tests::wedged_conversation_refuses_while_siblings_proceed","exec_time":0.01974225}
{"type":"test","event":"started","name":"liminal-server::liminal_server$server::connection::process::teardown_tests::teardown_releases_conversations_through_finalize_not_close"}
{"type":"test","event":"ok","name":"liminal-server::liminal_server$server::connection::process::teardown_tests::teardown_releases_conversations_through_finalize_not_close","exec_time":0.013710167}
{"type":"test","event":"started","name":"liminal-server::liminal_server$server::connection::process::terminal_tests::terminal_participant_rejection_drains_after_more_than_one_slice_budget"}
{"type":"test","event":"ok","name":"liminal-server::liminal_server$server::connection::process::terminal_tests::terminal_participant_rejection_drains_after_more_than_one_slice_budget","exec_time":0.015597292}
{"type":"test","event":"started","name":"liminal-server::liminal_server$server::connection::process::wake_tests::duplicate_ready_markers_are_harmless"}
{"type":"test","event":"ok","name":"liminal-server::liminal_server$server::connection::participant_runtime_tests::supervisor_allocation_reaches_real_process_handler_as_exact_context","exec_time":0.382737458}
{"type":"test","event":"started","name":"liminal-server::liminal_server$server::connection::process::wake_tests::idle_connection_slice_count_is_flat_across_soak"}
{"type":"test","event":"ok","name":"liminal-server::liminal_server$server::connection::process::wake_tests::duplicate_ready_markers_are_harmless","exec_time":0.089704292}
{"type":"test","event":"started","name":"liminal-server::liminal_server$server::connection::services::durable_store_tests::build_connection_services_rejects_worker_profile_with_full_only_fields"}
{"type":"test","event":"ok","name":"liminal-server::liminal_server$server::connection::services::durable_store_tests::build_connection_services_rejects_worker_profile_with_full_only_fields","exec_time":0.020986917}
{"type":"test","event":"started","name":"liminal-server::liminal_server$server::connection::services::durable_store_tests::ephemeral_store_directory_is_owned_through_the_build_seam"}
{"type":"test","event":"ok","name":"liminal-server::liminal_server$server::connection::services::durable_store_tests::ephemeral_store_directory_is_owned_through_the_build_seam","exec_time":0.082626333}
{"type":"test","event":"started","name":"liminal-server::liminal_server$server::connection::services::durable_store_tests::full_only_constructors_reject_worker_profile"}
{"type":"test","event":"ok","name":"liminal-server::liminal_server$server::connection::participant_delivery::tests::w2_leg3::deferred_debt_does_not_self_requeue_or_create_debt_wakes","exec_time":0.583696666}
{"type":"test","event":"started","name":"liminal-server::liminal_server$server::connection::services::durable_store_tests::persistent_store_uses_configured_path_and_creates_no_temp_dir"}
{"type":"test","event":"ok","name":"liminal-server::liminal_server$server::connection::services::durable_store_tests::full_only_constructors_reject_worker_profile","exec_time":0.077334333}
{"type":"test","event":"started","name":"liminal-server::liminal_server$server::connection::services::durable_store_tests::worker_front_door_builds_no_store_and_no_temp_dir"}
{"type":"test","event":"ok","name":"liminal-server::liminal_server$server::connection::services::durable_store_tests::persistent_store_uses_configured_path_and_creates_no_temp_dir","exec_time":0.071896167}
{"type":"test","event":"started","name":"liminal-server::liminal_server$server::connection::services::durable_store_tests::worker_profile_census_is_empty_and_full_profile_records_all_schedulers"}
{"type":"test","event":"ok","name":"liminal-server::liminal_server$server::connection::services::durable_store_tests::worker_front_door_builds_no_store_and_no_temp_dir","exec_time":0.112459667}
{"type":"test","event":"started","name":"liminal-server::liminal_server$server::connection::services::services_registry_tests::a_rejected_schema_registers_nothing"}
{"type":"test","event":"ok","name":"liminal-server::liminal_server$server::connection::services::durable_store_tests::worker_profile_census_is_empty_and_full_profile_records_all_schedulers","exec_time":0.119963166}
{"type":"test","event":"started","name":"liminal-server::liminal_server$server::connection::services::services_registry_tests::probing_and_enumerating_never_spawn_an_actor"}
{"type":"test","event":"ok","name":"liminal-server::liminal_server$server::connection::process::wake_tests::idle_connection_slice_count_is_flat_across_soak","exec_time":0.364472667}
{"type":"test","event":"started","name":"liminal-server::liminal_server$server::connection::services::services_registry_tests::quiesce_admits_a_subscribe_that_read_active"}
{"type":"test","event":"ok","name":"liminal-server::liminal_server$server::connection::services::services_registry_tests::a_rejected_schema_registers_nothing","exec_time":0.112294875}
{"type":"test","event":"started","name":"liminal-server::liminal_server$server::connection::services::services_registry_tests::quiesce_refuses_an_unregistered_name_and_the_probe_reports_it"}
{"type":"test","event":"ok","name":"liminal-server::liminal_server$server::connection::services::services_registry_tests::probing_and_enumerating_never_spawn_an_actor","exec_time":0.098442916}
{"type":"test","event":"started","name":"liminal-server::liminal_server$server::connection::services::services_registry_tests::registered_idle_channels_spawn_no_actor"}
{"type":"test","event":"ok","name":"liminal-server::liminal_server$server::connection::services::services_registry_tests::quiesce_admits_a_subscribe_that_read_active","exec_time":0.14375225}
{"type":"test","event":"started","name":"liminal-server::liminal_server$server::connection::services::services_registry_tests::registering_over_a_boot_channel_never_flips_its_origin"}
{"type":"test","event":"ok","name":"liminal-server::liminal_server$server::connection::services::services_registry_tests::quiesce_refuses_an_unregistered_name_and_the_probe_reports_it","exec_time":0.093025083}
{"type":"test","event":"started","name":"liminal-server::liminal_server$server::connection::services::services_registry_tests::registration_is_idempotent_only_for_an_identical_configuration"}
{"type":"test","event":"ok","name":"liminal-server::liminal_server$server::connection::services::services_registry_tests::registered_idle_channels_spawn_no_actor","exec_time":0.109162583}
{"type":"test","event":"started","name":"liminal-server::liminal_server$server::connection::services::services_registry_tests::runtime_registered_channels_are_absent_after_restart"}
{"type":"test","event":"ok","name":"liminal-server::liminal_server$server::connection::services::services_registry_tests::registering_over_a_boot_channel_never_flips_its_origin","exec_time":0.076675833}
{"type":"test","event":"started","name":"liminal-server::liminal_server$server::connection::services::services_registry_tests::the_channel_cap_refuses_undeclared_and_reached"}
{"type":"test","event":"ok","name":"liminal-server::liminal_server$server::connection::services::services_registry_tests::registration_is_idempotent_only_for_an_identical_configuration","exec_time":0.091983916}
{"type":"test","event":"started","name":"liminal-server::liminal_server$server::connection::services_r5_tests::duplicate_idempotency_key_delivers_to_subscriber_exactly_once"}
{"type":"test","event":"ok","name":"liminal-server::liminal_server$server::connection::services::services_registry_tests::the_channel_cap_refuses_undeclared_and_reached","exec_time":0.07367025}
{"type":"test","event":"started","name":"liminal-server::liminal_server$server::connection::services_r5_tests::durable_channel_recovers_sequence_across_restart_over_same_path"}
{"type":"test","event":"ok","name":"liminal-server::liminal_server$server::connection::participant_delivery::tests::w2_leg3::held_obligation_revalidates_binding_and_debt_before_offer","exec_time":1.077783583}
{"type":"test","event":"started","name":"liminal-server::liminal_server$server::connection::services_r5_tests::persisted_durable_state_survives_fresh_services_over_same_store"}
{"type":"test","event":"ok","name":"liminal-server::liminal_server$server::connection::participant_delivery::tests::w2_leg3::connection_fate_drops_stale_head_and_replays_after_reconciled_cursor","exec_time":1.273571083}
{"type":"test","event":"started","name":"liminal-server::liminal_server$server::connection::services_r5_tests::publish_failure_releases_claim_so_reclaim_is_delivered"}
{"type":"test","event":"ok","name":"liminal-server::liminal_server$server::connection::services_r5_tests::persisted_durable_state_survives_fresh_services_over_same_store","exec_time":0.23207225}
{"type":"test","event":"started","name":"liminal-server::liminal_server$server::connection::services_r5_tests::publish_failure_with_failing_release_returns_original_error"}
{"type":"test","event":"ok","name":"liminal-server::liminal_server$server::connection::services::services_registry_tests::runtime_registered_channels_are_absent_after_restart","exec_time":0.377852291}
{"type":"test","event":"started","name":"liminal-server::liminal_server$server::connection::services_r5_tests::publish_without_subscriber_reports_not_delivered"}
{"type":"test","event":"ok","name":"liminal-server::liminal_server$server::connection::services_r5_tests::publish_without_subscriber_reports_not_delivered","exec_time":0.14133425}
{"type":"test","event":"started","name":"liminal-server::liminal_server$server::connection::services_r5_tests::shutdown_flush_persists_durable_channel_state_to_store"}
{"type":"test","event":"ok","name":"liminal-server::liminal_server$server::connection::services_r5_tests::duplicate_idempotency_key_delivers_to_subscriber_exactly_once","exec_time":0.632739375}
{"type":"test","event":"started","name":"liminal-server::liminal_server$server::connection::services_schema::tests::loaded_schema_id_derives_from_loaded_bytes"}
{"type":"test","event":"ok","name":"liminal-server::liminal_server$server::connection::services_schema::tests::loaded_schema_id_derives_from_loaded_bytes","exec_time":0.021569375}
{"type":"test","event":"started","name":"liminal-server::liminal_server$server::connection::services_schema::tests::raw_bytes_resolution_matches_the_channel_def_form"}
{"type":"test","event":"ok","name":"liminal-server::liminal_server$server::connection::services_schema::tests::raw_bytes_resolution_matches_the_channel_def_form","exec_time":0.014927083}
{"type":"test","event":"started","name":"liminal-server::liminal_server$server::connection::services_schema::tests::raw_bytes_resolution_refuses_bytes_that_are_not_json"}
{"type":"test","event":"ok","name":"liminal-server::liminal_server$server::connection::services_schema::tests::raw_bytes_resolution_refuses_bytes_that_are_not_json","exec_time":0.018198042}
{"type":"test","event":"started","name":"liminal-server::liminal_server$server::connection::services_schema::tests::schema_ids_are_deterministic_and_content_addressed"}
{"type":"test","event":"ok","name":"liminal-server::liminal_server$server::connection::services_r5_tests::publish_failure_with_failing_release_returns_original_error","exec_time":0.4032805}
{"type":"test","event":"started","name":"liminal-server::liminal_server$server::connection::services_schema::tests::schema_less_channel_is_permissive_and_uses_empty_schema_id"}
{"type":"test","event":"ok","name":"liminal-server::liminal_server$server::connection::services_schema::tests::schema_less_channel_is_permissive_and_uses_empty_schema_id","exec_time":0.015241625}
{"type":"test","event":"started","name":"liminal-server::liminal_server$server::connection::supervisor::fate_tests::complete_flush_failure_latches_fatal_and_activates_normal_shutdown"}
{"type":"test","event":"ok","name":"liminal-server::liminal_server$server::connection::services_schema::tests::schema_ids_are_deterministic_and_content_addressed","exec_time":0.014891666}
{"type":"test","event":"started","name":"liminal-server::liminal_server$server::connection::supervisor::fate_tests::post_open_fatal_stops_new_opens_and_admission_and_activates_normal_shutdown"}
{"type":"test","event":"ok","name":"liminal-server::liminal_server$server::connection::services_r5_tests::durable_channel_recovers_sequence_across_restart_over_same_path","exec_time":0.772171958}
{"type":"test","event":"started","name":"liminal-server::liminal_server$server::connection::supervisor::tests::close_between_insert_and_confirm_publishes_nothing"}
{"type":"test","event":"ok","name":"liminal-server::liminal_server$server::connection::supervisor::tests::close_between_insert_and_confirm_publishes_nothing","exec_time":0.037162792}
{"type":"test","event":"started","name":"liminal-server::liminal_server$server::connection::supervisor::tests::close_racing_push_registration_never_strands_slot_or_cap"}
{"type":"test","event":"ok","name":"liminal-server::liminal_server$server::connection::supervisor::tests::close_racing_push_registration_never_strands_slot_or_cap","exec_time":0.030318959}
{"type":"test","event":"started","name":"liminal-server::liminal_server$server::connection::supervisor::tests::closed_connection_releases_its_admission_slot"}
{"type":"test","event":"ok","name":"liminal-server::liminal_server$server::connection::services_r5_tests::shutdown_flush_persists_durable_channel_state_to_store","exec_time":0.419464}
{"type":"test","event":"started","name":"liminal-server::liminal_server$server::connection::supervisor::tests::closing_connection_wakes_outstanding_push_awaiter_promptly"}
{"type":"test","event":"ok","name":"liminal-server::liminal_server$server::connection::services_r5_tests::publish_failure_releases_claim_so_reclaim_is_delivered","exec_time":0.749066583}
{"type":"test","event":"started","name":"liminal-server::liminal_server$server::connection::supervisor::tests::closing_one_connection_leaves_other_connections_push_intact"}
{"type":"test","event":"ok","name":"liminal-server::liminal_server$server::connection::supervisor::tests::closing_connection_wakes_outstanding_push_awaiter_promptly","exec_time":0.021195625}
{"type":"test","event":"started","name":"liminal-server::liminal_server$server::connection::supervisor::tests::concurrent_enumeration_during_polling_does_not_change_outcome"}
{"type":"test","event":"ok","name":"liminal-server::liminal_server$server::connection::supervisor::tests::closing_one_connection_leaves_other_connections_push_intact","exec_time":0.020505542}
{"type":"test","event":"started","name":"liminal-server::liminal_server$server::connection::supervisor::tests::concurrent_spawns_at_the_limit_admit_exactly_one"}
{"type":"test","event":"ok","name":"liminal-server::liminal_server$server::connection::supervisor::tests::closed_connection_releases_its_admission_slot","exec_time":0.109942458}
{"type":"test","event":"started","name":"liminal-server::liminal_server$server::connection::supervisor::tests::connection_churn_greater_than_worker_count_remains_bounded"}
{"type":"test","event":"ok","name":"liminal-server::liminal_server$server::connection::supervisor::tests::concurrent_enumeration_during_polling_does_not_change_outcome","exec_time":0.052863042}
{"type":"test","event":"started","name":"liminal-server::liminal_server$server::connection::supervisor::tests::connection_cleanup_after_conversation_scheduler_shutdown_is_prompt"}
{"type":"test","event":"ok","name":"liminal-server::liminal_server$server::connection::supervisor::tests::concurrent_spawns_at_the_limit_admit_exactly_one","exec_time":0.10668425}
{"type":"test","event":"started","name":"liminal-server::liminal_server$server::connection::supervisor::tests::connection_scheduler_inventory_has_one_readiness_poll_thread"}
{"type":"test","event":"ok","name":"liminal-server::liminal_server$server::connection::supervisor::tests::connection_cleanup_after_conversation_scheduler_shutdown_is_prompt","exec_time":0.136578}
{"type":"test","event":"started","name":"liminal-server::liminal_server$server::connection::supervisor::tests::control_consumed_before_failed_wake_reads_ok_then_disconnected"}
{"type":"test","event":"ok","name":"liminal-server::liminal_server$server::connection::supervisor::tests::connection_scheduler_inventory_has_one_readiness_poll_thread","exec_time":0.083496209}
{"type":"test","event":"started","name":"liminal-server::liminal_server$server::connection::supervisor::tests::crashing_one_connection_process_does_not_affect_others"}
{"type":"test","event":"ok","name":"liminal-server::liminal_server$server::connection::supervisor::fate_tests::post_open_fatal_stops_new_opens_and_admission_and_activates_normal_shutdown","exec_time":0.46953325}
{"type":"test","event":"started","name":"liminal-server::liminal_server$server::connection::supervisor::tests::drain_completes_on_last_exit_delivered_by_w1b_fate"}
{"type":"test","event":"ok","name":"liminal-server::liminal_server$server::connection::supervisor::tests::control_consumed_before_failed_wake_reads_ok_then_disconnected","exec_time":0.072749209}
{"type":"test","event":"started","name":"liminal-server::liminal_server$server::connection::supervisor::tests::drain_deadline_fires_at_most_once_per_sequence"}
{"type":"test","event":"ok","name":"liminal-server::liminal_server$server::connection::supervisor::tests::crashing_one_connection_process_does_not_affect_others","exec_time":0.07072975}
{"type":"test","event":"started","name":"liminal-server::liminal_server$server::connection::supervisor::tests::drain_exit_between_predicate_and_park_is_not_lost"}
{"type":"test","event":"ok","name":"liminal-server::liminal_server$server::connection::supervisor::fate_tests::complete_flush_failure_latches_fatal_and_activates_normal_shutdown","exec_time":0.578414583}
{"type":"test","event":"started","name":"liminal-server::liminal_server$server::connection::supervisor::tests::drain_idle_grows_unrelated_slices_while_drain_counters_stay_flat"}
{"type":"test","event":"ok","name":"liminal-server::liminal_server$server::connection::supervisor::tests::drain_exit_between_predicate_and_park_is_not_lost","exec_time":0.170729833}
{"type":"test","event":"started","name":"liminal-server::liminal_server$server::connection::supervisor::tests::dropped_runtime_yields_disconnected_not_timeout"}
{"type":"test","event":"ok","name":"liminal-server::liminal_server$server::connection::supervisor::tests::dropped_runtime_yields_disconnected_not_timeout","exec_time":0.015317875}
{"type":"test","event":"started","name":"liminal-server::liminal_server$server::connection::supervisor::tests::duplicate_pid_registration_is_refused_and_prior_record_survives"}
{"type":"test","event":"ok","name":"liminal-server::liminal_server$server::connection::supervisor::tests::connection_churn_greater_than_worker_count_remains_bounded","exec_time":0.436397667}
{"type":"test","event":"started","name":"liminal-server::liminal_server$server::connection::supervisor::tests::duration_max_deadline_is_refused_without_slot_leak"}
{"type":"test","event":"ok","name":"liminal-server::liminal_server$server::connection::supervisor::tests::drain_completes_on_last_exit_delivered_by_w1b_fate","exec_time":0.293025916}
{"type":"test","event":"started","name":"liminal-server::liminal_server$server::connection::supervisor::tests::elapsed_receive_polls_are_benign_rearms"}
{"type":"test","event":"ok","name":"liminal-sdk::liminal_sdk$remote::tcp::push_client::tests::a_peer_that_never_answers_the_handshake_is_refused_at_the_named_deadline","exec_time":5.016986083}
{"type":"suite","event":"ok","passed":63,"failed":0,"ignored":0,"measured":0,"filtered_out":0,"exec_time":7.328865958,"nextest":{"crate":"liminal-sdk","test_binary":"liminal_sdk","kind":"lib"}}
{"type":"test","event":"started","name":"liminal-server::liminal_server$server::connection::supervisor::tests::eof_hup_deregisters_readiness_and_closes_open_conversations"}
{"type":"test","event":"ok","name":"liminal-server::liminal_server$server::connection::supervisor::tests::drain_deadline_fires_at_most_once_per_sequence","exec_time":0.309844167}
{"type":"test","event":"started","name":"liminal-server::liminal_server$server::connection::supervisor::tests::err_from_public_push_publishes_nothing_after_close"}
{"type":"test","event":"ok","name":"liminal-server::liminal_server$server::connection::supervisor::tests::elapsed_receive_polls_are_benign_rearms","exec_time":0.082561}
{"type":"test","event":"started","name":"liminal-server::liminal_server$server::connection::supervisor::tests::explicit_deadline_expires_slot_and_releases_cap"}
{"type":"test","event":"ok","name":"liminal-server::liminal_server$server::connection::supervisor::tests::duplicate_pid_registration_is_refused_and_prior_record_survives","exec_time":0.177605625}
{"type":"test","event":"started","name":"liminal-server::liminal_server$server::connection::supervisor::tests::externally_terminated_connection_with_open_conversations_returns_to_baseline"}
{"type":"test","event":"ok","name":"liminal-server::liminal_server$server::connection::supervisor::tests::duration_max_deadline_is_refused_without_slot_leak","exec_time":0.157360834}
{"type":"test","event":"started","name":"liminal-server::liminal_server$server::connection::supervisor::tests::fd_reuse_stale_token_deregister_after_reclamation_is_harmless_no_op"}
{"type":"test","event":"ok","name":"liminal-server::liminal_server$server::connection::supervisor::tests::explicit_deadline_expires_slot_and_releases_cap","exec_time":0.06763025}
{"type":"test","event":"started","name":"liminal-server::liminal_server$server::connection::supervisor::tests::flush_durable_state_propagates_shutdown_flush"}
{"type":"test","event":"ok","name":"liminal-server::liminal_server$server::connection::supervisor::tests::flush_durable_state_propagates_shutdown_flush","exec_time":0.016135167}
{"type":"test","event":"started","name":"liminal-server::liminal_server$server::connection::supervisor::tests::force_close_sends_disconnect_and_removes_connection"}
{"type":"test","event":"ok","name":"liminal-server::liminal_server$server::connection::supervisor::tests::externally_terminated_connection_with_open_conversations_returns_to_baseline","exec_time":0.06931575}
{"type":"test","event":"started","name":"liminal-server::liminal_server$server::connection::supervisor::tests::force_close_settle_uses_exit_notification_not_second_poll"}
{"type":"test","event":"ok","name":"liminal-sdk::push_flush$budget_expiry_reports_unresolved_not_an_error","exec_time":5.028159792}
{"type":"suite","event":"ok","passed":5,"failed":0,"ignored":0,"measured":0,"filtered_out":0,"exec_time":5.115890875,"nextest":{"crate":"liminal-sdk","test_binary":"push_flush","kind":"test"}}
{"type":"test","event":"started","name":"liminal-server::liminal_server$server::connection::supervisor::tests::from_config_worker_profile_builds_front_door_with_no_extra_schedulers"}
{"type":"test","event":"ok","name":"liminal-server::liminal_server$server::connection::supervisor::tests::from_config_worker_profile_builds_front_door_with_no_extra_schedulers","exec_time":0.057728917}
{"type":"test","event":"started","name":"liminal-server::liminal_server$server::connection::supervisor::tests::last_drain_exit_simultaneous_with_deadline_resolves_one_winner"}
{"type":"test","event":"ok","name":"liminal-server::liminal_server$server::connection::supervisor::tests::force_close_sends_disconnect_and_removes_connection","exec_time":0.096768625}
{"type":"test","event":"started","name":"liminal-server::liminal_server$server::connection::supervisor::tests::late_reply_after_expiry_is_a_harmless_noop"}
{"type":"test","event":"ok","name":"liminal-server::liminal_server$server::connection::supervisor::tests::late_reply_after_expiry_is_a_harmless_noop","exec_time":0.055815125}
{"type":"test","event":"started","name":"liminal-server::liminal_server$server::connection::supervisor::tests::mark_crashed_wakes_outstanding_push_awaiter_promptly"}
{"type":"test","event":"ok","name":"liminal-server::liminal_server$server::connection::supervisor::tests::mark_crashed_wakes_outstanding_push_awaiter_promptly","exec_time":0.023663542}
{"type":"test","event":"started","name":"liminal-server::liminal_server$server::connection::supervisor::tests::max_connections_refuses_past_the_cap"}
{"type":"test","event":"ok","name":"liminal-server::liminal_server$server::connection::supervisor::tests::eof_hup_deregisters_readiness_and_closes_open_conversations","exec_time":0.288571167}
{"type":"test","event":"started","name":"liminal-server::liminal_server$server::connection::supervisor::tests::no_deadline_receive_never_blocks_on_registry_lock"}
{"type":"test","event":"ok","name":"liminal-sdk::ws_transport_parity$participant_reconnect_provenance_parity","exec_time":5.017404208}
{"type":"test","event":"started","name":"liminal-server::liminal_server$server::connection::supervisor::tests::no_final_slice_exit_cannot_leak_admission_slot_across_idle"}
{"type":"test","event":"ok","name":"liminal-sdk::ws_transport_parity$server_close_parity","exec_time":5.019840167}
{"type":"test","event":"started","name":"liminal-server::liminal_server$server::connection::supervisor::tests::no_final_slice_exit_record_reclaimed_by_delivery_not_scan"}
{"type":"test","event":"ok","name":"liminal-server::liminal_server$server::connection::supervisor::tests::force_close_settle_uses_exit_notification_not_second_poll","exec_time":0.178534125}
{"type":"test","event":"started","name":"liminal-server::liminal_server$server::connection::supervisor::tests::overdue_deadlined_receive_returns_expired_promptly"}
{"type":"test","event":"ok","name":"liminal-server::liminal_server$server::connection::supervisor::tests::no_final_slice_exit_cannot_leak_admission_slot_across_idle","exec_time":0.044896959}
{"type":"test","event":"started","name":"liminal-server::liminal_server$server::connection::supervisor::tests::pending_reply_deadline_is_the_only_wake_under_zero_traffic"}
{"type":"test","event":"ok","name":"liminal-sdk::ws_transport_parity$ws_reconnect_traverses_typed_permit_path","exec_time":5.017624334}
{"type":"suite","event":"ok","passed":18,"failed":0,"ignored":0,"measured":0,"filtered_out":0,"exec_time":18.019711919,"nextest":{"crate":"liminal-sdk","test_binary":"ws_transport_parity","kind":"test"}}
{"type":"test","event":"started","name":"liminal-server::liminal_server$server::connection::supervisor::tests::poisoned_registry_still_reclaims_and_expires"}
{"type":"test","event":"ok","name":"liminal-server::liminal_server$server::connection::supervisor::tests::max_connections_refuses_past_the_cap","exec_time":0.061415375}
{"type":"test","event":"started","name":"liminal-server::liminal_server$server::connection::supervisor::tests::poll_quantum_independence_yields_the_same_outcome"}
{"type":"test","event":"ok","name":"liminal-server::liminal_server$server::connection::supervisor::tests::no_deadline_receive_never_blocks_on_registry_lock","exec_time":0.074137375}
{"type":"test","event":"started","name":"liminal-server::liminal_server$server::connection::supervisor::tests::pre_wait_race_barrier_finds_data_arriving_after_arm"}
{"type":"test","event":"ok","name":"liminal-server::liminal_server$server::connection::supervisor::tests::poisoned_registry_still_reclaims_and_expires","exec_time":0.022167083}
{"type":"test","event":"started","name":"liminal-server::liminal_server$server::connection::supervisor::tests::public_deadlined_push_expires_promptly_over_real_connection"}
{"type":"test","event":"ok","name":"liminal-server::liminal_server$server::connection::supervisor::tests::fd_reuse_stale_token_deregister_after_reclamation_is_harmless_no_op","exec_time":0.2985615}
{"type":"test","event":"started","name":"liminal-server::liminal_server$server::connection::supervisor::tests::public_deadlined_push_reply_after_deadline_instant_still_wins"}
{"type":"test","event":"ok","name":"liminal-server::liminal_server$server::connection::supervisor::tests::overdue_deadlined_receive_returns_expired_promptly","exec_time":0.073655208}
{"type":"test","event":"started","name":"liminal-server::liminal_server$server::connection::supervisor::tests::quiet_drain_wakes_only_for_exit_or_single_deadline"}
{"type":"test","event":"ok","name":"liminal-server::liminal_server$server::connection::supervisor::tests::poll_quantum_independence_yields_the_same_outcome","exec_time":0.048503167}
{"type":"test","event":"started","name":"liminal-server::liminal_server$server::connection::supervisor::tests::readable_ping_produces_one_pong_then_reparks"}
{"type":"test","event":"ok","name":"liminal-server::liminal_server$server::connection::supervisor::tests::last_drain_exit_simultaneous_with_deadline_resolves_one_winner","exec_time":0.245808167}
{"type":"test","event":"started","name":"liminal-server::liminal_server$server::connection::supervisor::tests::receive_poll_quantum_never_changes_protocol_outcome"}
{"type":"test","event":"ok","name":"liminal-server::liminal_server$server::connection::supervisor::tests::no_final_slice_exit_record_reclaimed_by_delivery_not_scan","exec_time":0.169133}
{"type":"test","event":"started","name":"liminal-server::liminal_server$server::connection::supervisor::tests::reclaim_reactor_holds_runtime_weak_so_it_releases_synchronously_at_drop"}
{"type":"test","event":"ok","name":"liminal-server::liminal_server$server::connection::supervisor::tests::reclaim_reactor_holds_runtime_weak_so_it_releases_synchronously_at_drop","exec_time":0.050548584}
{"type":"test","event":"started","name":"liminal-server::liminal_server$server::connection::supervisor::tests::registered_connection_exit_reaches_supervisor_cleanup_by_delivery_not_reap"}
{"type":"test","event":"ok","name":"liminal-server::liminal_server$server::connection::supervisor::tests::pre_wait_race_barrier_finds_data_arriving_after_arm","exec_time":0.213672583}
{"type":"test","event":"started","name":"liminal-server::liminal_server$server::connection::supervisor::tests::reply_availability_wakes_a_parked_connection"}
{"type":"test","event":"ok","name":"liminal-server::liminal_server$server::connection::supervisor::tests::public_deadlined_push_expires_promptly_over_real_connection","exec_time":0.219179542}
{"type":"test","event":"started","name":"liminal-server::liminal_server$server::connection::supervisor::tests::reply_delivered_after_deadline_instant_beats_unobserved_expiry"}
{"type":"test","event":"ok","name":"liminal-server::liminal_server$server::connection::supervisor::tests::reply_delivered_after_deadline_instant_beats_unobserved_expiry","exec_time":0.05790625}
{"type":"test","event":"started","name":"liminal-server::liminal_server$server::connection::supervisor::tests::resolved_push_then_close_is_a_noop_with_no_double_send"}
{"type":"test","event":"ok","name":"liminal-server::liminal_server$server::connection::supervisor::tests::resolved_push_then_close_is_a_noop_with_no_double_send","exec_time":0.041165625}
{"type":"test","event":"started","name":"liminal-server::liminal_server$server::connection::supervisor::tests::resolver_winning_the_expiry_race_delivers_the_reply"}
{"type":"test","event":"ok","name":"liminal-server::liminal_server$server::connection::supervisor::tests::readable_ping_produces_one_pong_then_reparks","exec_time":0.30768075}
{"type":"test","event":"started","name":"liminal-server::liminal_server$server::connection::supervisor::tests::s8_failed_wake_in_reclamation_window_publishes_nothing_then_funnel_completes"}
{"type":"test","event":"ok","name":"liminal-server::liminal_server$server::connection::supervisor::tests::quiet_drain_wakes_only_for_exit_or_single_deadline","exec_time":0.349643625}
{"type":"test","event":"started","name":"liminal-server::liminal_server$server::connection::supervisor::tests::same_deadlined_schedule_yields_same_outcome_for_any_quantum"}
{"type":"test","event":"ok","name":"liminal-server::liminal_server$server::connection::supervisor::tests::public_deadlined_push_reply_after_deadline_instant_still_wins","exec_time":0.368173125}
{"type":"test","event":"started","name":"liminal-server::liminal_server$server::connection::supervisor::tests::server_push_control_wakes_a_parked_process_and_reparks"}
{"type":"test","event":"ok","name":"liminal-server::liminal_server$server::connection::supervisor::tests::registered_connection_exit_reaches_supervisor_cleanup_by_delivery_not_reap","exec_time":0.20452275}
{"type":"test","event":"started","name":"liminal-server::liminal_server$server::connection::supervisor::tests::shutdown_control_wakes_a_parked_subscriber_without_closing_it"}
{"type":"test","event":"ok","name":"liminal-server::liminal_server$server::connection::supervisor::tests::reply_availability_wakes_a_parked_connection","exec_time":0.177273375}
{"type":"test","event":"started","name":"liminal-server::liminal_server$server::connection::supervisor::tests::spawning_connections_creates_distinct_beamr_processes"}
{"type":"test","event":"ok","name":"liminal-server::liminal_server$server::connection::supervisor::tests::receive_poll_quantum_never_changes_protocol_outcome","exec_time":0.326051542}
{"type":"test","event":"started","name":"liminal-server::liminal_server$server::connection::websocket::handshake_tests::duplicate_origin_headers_are_refused"}
{"type":"test","event":"ok","name":"liminal-server::liminal_server$server::connection::supervisor::tests::same_deadlined_schedule_yields_same_outcome_for_any_quantum","exec_time":0.055850791}
{"type":"test","event":"started","name":"liminal-server::liminal_server$server::connection::websocket::handshake_tests::f6_empty_allow_list_refuses_origin_bearing_upgrades_only"}
{"type":"test","event":"ok","name":"liminal-server::liminal_server$server::connection::websocket::handshake_tests::duplicate_origin_headers_are_refused","exec_time":0.018536625}
{"type":"test","event":"started","name":"liminal-server::liminal_server$server::connection::websocket::handshake_tests::f6_listed_origin_passes"}
{"type":"test","event":"ok","name":"liminal-server::liminal_server$server::connection::websocket::handshake_tests::f6_empty_allow_list_refuses_origin_bearing_upgrades_only","exec_time":0.018015083}
{"type":"test","event":"started","name":"liminal-server::liminal_server$server::connection::websocket::handshake_tests::f6_null_opaque_origin_is_refused_unless_listed"}
{"type":"test","event":"ok","name":"liminal-server::liminal_server$server::connection::websocket::handshake_tests::f6_listed_origin_passes","exec_time":0.014114958}
{"type":"test","event":"started","name":"liminal-server::liminal_server$server::connection::websocket::handshake_tests::f6_unlisted_origin_receives_typed_refusal"}
{"type":"test","event":"ok","name":"liminal-server::liminal_server$server::connection::supervisor::tests::resolver_winning_the_expiry_race_delivers_the_reply","exec_time":0.1375485}
{"type":"test","event":"started","name":"liminal-server::liminal_server$server::connection::websocket::handshake_tests::offered_subprotocol_is_refused"}
{"type":"test","event":"ok","name":"liminal-server::liminal_server$server::connection::supervisor::tests::spawning_connections_creates_distinct_beamr_processes","exec_time":0.06772025}
{"type":"test","event":"started","name":"liminal-server::liminal_server$server::connection::websocket::handshake_tests::query_on_the_exact_path_is_refused"}
{"type":"test","event":"ok","name":"liminal-server::liminal_server$server::connection::websocket::handshake_tests::f6_unlisted_origin_receives_typed_refusal","exec_time":0.011760125}
{"type":"test","event":"started","name":"liminal-server::liminal_server$server::connection::websocket::handshake_tests::refusal_statuses_are_fixed_and_non_success"}
{"type":"test","event":"ok","name":"liminal-server::liminal_server$server::connection::websocket::handshake_tests::f6_null_opaque_origin_is_refused_unless_listed","exec_time":0.013441666}
{"type":"test","event":"started","name":"liminal-server::liminal_server$server::connection::websocket::handshake_tests::wrong_path_is_refused_with_not_found"}
{"type":"test","event":"ok","name":"liminal-server::liminal_server$server::connection::websocket::handshake_tests::offered_subprotocol_is_refused","exec_time":0.018717709}
{"type":"test","event":"started","name":"liminal-server::liminal_server$server::connection::websocket::listener::tests::silent_websocket_listener_has_zero_application_wakes"}
{"type":"test","event":"ok","name":"liminal-server::liminal_server$server::connection::websocket::handshake_tests::query_on_the_exact_path_is_refused","exec_time":0.014822709}
{"type":"test","event":"started","name":"liminal-server::liminal_server$server::connection::websocket::listener::tests::stop_accepting_refuses_new_sockets"}
{"type":"test","event":"ok","name":"liminal-server::liminal_server$server::connection::websocket::handshake_tests::wrong_path_is_refused_with_not_found","exec_time":0.0140555}
{"type":"test","event":"started","name":"liminal-server::liminal_server$server::connection::websocket::listener::tests::websocket_bind_conflict_returns_typed_listener_bind"}
{"type":"test","event":"ok","name":"liminal-server::liminal_server$server::connection::websocket::handshake_tests::refusal_statuses_are_fixed_and_non_success","exec_time":0.014539166}
{"type":"test","event":"started","name":"liminal-server::liminal_server$server::connection::websocket::listener::tests::websocket_listener_binds_to_configured_address"}
{"type":"test","event":"ok","name":"liminal-server::liminal_server$server::connection::websocket::listener::tests::stop_accepting_refuses_new_sockets","exec_time":0.0599245}
{"type":"test","event":"started","name":"liminal-server::liminal_server$server::connection::websocket::listener::tests::websocket_listener_source_has_no_accept_backoff_or_handshake_reap_poll"}
{"type":"test","event":"ok","name":"liminal-server::liminal_server$server::connection::supervisor::tests::shutdown_control_wakes_a_parked_subscriber_without_closing_it","exec_time":0.169439}
{"type":"test","event":"started","name":"liminal-server::liminal_server$server::connection::websocket::outbound::tests::default_capacity_matches_the_shared_outbound_bound"}
{"type":"test","event":"ok","name":"liminal-server::liminal_server$server::connection::websocket::listener::tests::websocket_bind_conflict_returns_typed_listener_bind","exec_time":0.073533166}
{"type":"test","event":"started","name":"liminal-server::liminal_server$server::connection::websocket::outbound::tests::drain_delivers_each_frame_as_one_byte_exact_binary_message"}
{"type":"test","event":"ok","name":"liminal-server::liminal_server$server::connection::websocket::listener::tests::websocket_listener_binds_to_configured_address","exec_time":0.074627}
{"type":"test","event":"started","name":"liminal-server::liminal_server$server::connection::websocket::outbound::tests::has_room_accounts_for_queued_bytes"}
{"type":"test","event":"ok","name":"liminal-server::liminal_server$server::connection::websocket::listener::tests::websocket_listener_source_has_no_accept_backoff_or_handshake_reap_poll","exec_time":0.016397}
{"type":"test","event":"started","name":"liminal-server::liminal_server$server::connection::websocket::outbound::tests::one_enqueued_frame_becomes_one_canonical_message"}
{"type":"test","event":"ok","name":"liminal-server::liminal_server$server::connection::websocket::outbound::tests::default_capacity_matches_the_shared_outbound_bound","exec_time":0.016055125}
{"type":"test","event":"started","name":"liminal-server::liminal_server$server::connection::websocket::outbound::tests::overflow_is_a_typed_fatal_error"}
{"type":"test","event":"ok","name":"liminal-server::liminal_server$server::connection::websocket::outbound::tests::has_room_accounts_for_queued_bytes","exec_time":0.011037167}
{"type":"test","event":"started","name":"liminal-server::liminal_server$server::connection::websocket::process::tests::ws_apply_binary_disconnect_closes"}
{"type":"test","event":"ok","name":"liminal-server::liminal_server$server::connection::websocket::outbound::tests::drain_delivers_each_frame_as_one_byte_exact_binary_message","exec_time":0.013618625}
{"type":"test","event":"started","name":"liminal-server::liminal_server$server::connection::websocket::process::tests::ws_apply_binary_refuses_trailing_bytes_as_typed_error"}
{"type":"test","event":"ok","name":"liminal-server::liminal_server$server::connection::websocket::outbound::tests::one_enqueued_frame_becomes_one_canonical_message","exec_time":0.012267041}
{"type":"test","event":"started","name":"liminal-server::liminal_server$server::connection::websocket::process::tests::ws_apply_binary_refuses_truncated_body_as_typed_error"}
{"type":"test","event":"ok","name":"liminal-server::liminal_server$server::connection::websocket::outbound::tests::overflow_is_a_typed_fatal_error","exec_time":0.012474375}
{"type":"test","event":"started","name":"liminal-server::liminal_server$server::connection::websocket::process::tests::ws_apply_binary_runs_the_shared_apply_frame_seam"}
{"type":"test","event":"ok","name":"liminal-server::liminal_server$server::connection::websocket::process::tests::ws_apply_binary_disconnect_closes","exec_time":0.083698958}
{"type":"test","event":"started","name":"liminal-server::liminal_server$server::connection::websocket::process::tests::ws_decode_accepts_exact_ten_byte_control_frame"}
{"type":"test","event":"ok","name":"liminal-server::liminal_server$server::connection::websocket::process::tests::ws_apply_binary_refuses_truncated_body_as_typed_error","exec_time":0.120161917}
{"type":"test","event":"started","name":"liminal-server::liminal_server$server::connection::websocket::process::tests::ws_decode_refuses_declared_body_short_by_one"}
{"type":"test","event":"ok","name":"liminal-server::liminal_server$server::connection::supervisor::tests::server_push_control_wakes_a_parked_process_and_reparks","exec_time":0.328491417}
{"type":"test","event":"started","name":"liminal-server::liminal_server$server::connection::websocket::process::tests::ws_decode_refuses_empty_message"}
{"type":"test","event":"ok","name":"liminal-server::liminal_server$server::connection::websocket::process::tests::ws_decode_accepts_exact_ten_byte_control_frame","exec_time":0.061572834}
{"type":"test","event":"started","name":"liminal-server::liminal_server$server::connection::websocket::process::tests::ws_decode_refuses_nine_byte_header"}
{"type":"test","event":"ok","name":"liminal-server::liminal_server$server::connection::websocket::process::tests::ws_apply_binary_refuses_trailing_bytes_as_typed_error","exec_time":0.148849208}
{"type":"test","event":"started","name":"liminal-server::liminal_server$server::connection::websocket::process::tests::ws_decode_refuses_trailing_byte"}
{"type":"test","event":"ok","name":"liminal-server::liminal_server$server::connection::websocket::process::tests::ws_apply_binary_runs_the_shared_apply_frame_seam","exec_time":0.141251791}
{"type":"test","event":"started","name":"liminal-server::liminal_server$server::connection::websocket::process::tests::ws_decode_refuses_two_concatenated_frames"}
{"type":"test","event":"ok","name":"liminal-server::liminal_server$server::connection::websocket::process::tests::ws_decode_refuses_nine_byte_header","exec_time":0.029622417}
{"type":"test","event":"started","name":"liminal-server::liminal_server$server::connection::websocket::process::tests::ws_decode_round_trips_every_frame_category_byte_exact"}
{"type":"test","event":"ok","name":"liminal-server::liminal_server$server::connection::websocket::process::tests::ws_decode_refuses_trailing_byte","exec_time":0.025623541}
{"type":"test","event":"started","name":"liminal-server::liminal_server$server::connection::websocket::supervisor::tests::handshake_worker_completion_delivered_not_reap_scanned"}
{"type":"test","event":"ok","name":"liminal-server::liminal_server$server::connection::websocket::process::tests::ws_decode_refuses_declared_body_short_by_one","exec_time":0.052410417}
{"type":"test","event":"started","name":"liminal-server::liminal_server$server::connection::worker_front_door::tests::construction_is_infallible_and_starts_no_scheduler"}
{"type":"test","event":"ok","name":"liminal-server::liminal_server$server::connection::websocket::process::tests::ws_decode_refuses_two_concatenated_frames","exec_time":0.03612025}
{"type":"test","event":"started","name":"liminal-server::liminal_server$server::listener::tests::accepted_socket_racing_shutdown_is_supervised_or_shed_never_slept"}
{"type":"test","event":"ok","name":"liminal-server::liminal_server$server::connection::websocket::process::tests::ws_decode_refuses_empty_message","exec_time":0.04938575}
{"type":"test","event":"started","name":"liminal-server::liminal_server$server::listener::tests::accepts_multiple_simultaneous_connections"}
{"type":"test","event":"ok","name":"liminal-server::liminal_server$server::connection::worker_front_door::tests::construction_is_infallible_and_starts_no_scheduler","exec_time":0.018272667}
{"type":"test","event":"started","name":"liminal-server::liminal_server$server::listener::tests::binding_in_use_port_returns_listener_bind"}
{"type":"test","event":"ok","name":"liminal-server::liminal_server$server::connection::websocket::process::tests::ws_decode_round_trips_every_frame_category_byte_exact","exec_time":0.023291667}
{"type":"test","event":"started","name":"liminal-server::liminal_server$server::listener::tests::fd_exhaustion_sheds_loudly_and_recovers_without_spin"}
{"type":"test","event":"ok","name":"liminal-server::liminal_server$server::connection::websocket::listener::tests::silent_websocket_listener_has_zero_application_wakes","exec_time":0.298973042}
{"type":"test","event":"started","name":"liminal-server::liminal_server$server::listener::tests::listener_binds_to_configured_address"}
{"type":"test","event":"ok","name":"liminal-server::liminal_server$server::listener::tests::fd_exhaustion_sheds_loudly_and_recovers_without_spin","exec_time":0.017488084}
{"type":"test","event":"started","name":"liminal-server::liminal_server$server::listener::tests::listener_idle_grows_unrelated_reactor_slices_while_accept_counters_stay_flat"}
{"type":"test","event":"ok","name":"liminal-server::liminal_server$server::listener::tests::accepts_multiple_simultaneous_connections","exec_time":0.086276375}
{"type":"test","event":"started","name":"liminal-server::liminal_server$server::listener::tests::listener_shutdown_interrupts_accept_wait_without_backoff"}
{"type":"test","event":"ok","name":"liminal-server::liminal_server$server::listener::tests::binding_in_use_port_returns_listener_bind","exec_time":0.087365667}
{"type":"test","event":"started","name":"liminal-server::liminal_server$server::listener::tests::main_listener_source_has_no_accept_backoff_or_reap_poll"}
{"type":"test","event":"ok","name":"liminal-server::liminal_server$server::listener::tests::listener_binds_to_configured_address","exec_time":0.072936625}
{"type":"test","event":"started","name":"liminal-server::liminal_server$server::listener::tests::resource_exhaustion_accept_error_is_transient"}
{"type":"test","event":"ok","name":"liminal-server::liminal_server$server::connection::websocket::supervisor::tests::handshake_worker_completion_delivered_not_reap_scanned","exec_time":0.116009458}
{"type":"test","event":"started","name":"liminal-server::liminal_server$server::listener::tests::silent_main_listener_has_zero_application_wakes"}
{"type":"test","event":"ok","name":"liminal-server::liminal_server$server::listener::tests::accepted_socket_racing_shutdown_is_supervised_or_shed_never_slept","exec_time":0.1058445}
{"type":"test","event":"started","name":"liminal-server::liminal_server$server::listener::tests::stop_accepting_refuses_new_connections"}
{"type":"test","event":"ok","name":"liminal-server::liminal_server$server::listener::tests::main_listener_source_has_no_accept_backoff_or_reap_poll","exec_time":0.015820333}
{"type":"test","event":"started","name":"liminal-server::liminal_server$server::participant::aggregate_registry_tests::append_conflict_quarantines_then_cold_replays_without_retry"}
{"type":"test","event":"ok","name":"liminal-server::liminal_server$server::listener::tests::resource_exhaustion_accept_error_is_transient","exec_time":0.013327208}
{"type":"test","event":"started","name":"liminal-server::liminal_server$server::participant::aggregate_registry_tests::concurrent_cold_open_creates_one_cell_and_one_genesis_append"}
{"type":"test","event":"ok","name":"liminal-server::liminal_server$server::listener::tests::listener_idle_grows_unrelated_reactor_slices_while_accept_counters_stay_flat","exec_time":0.122541292}
{"type":"test","event":"started","name":"liminal-server::liminal_server$server::participant::aggregate_registry_tests::consume_replace_returns_the_same_noncloneable_owner_to_the_registry"}
{"type":"test","event":"ok","name":"liminal-server::liminal_server$server::listener::tests::stop_accepting_refuses_new_connections","exec_time":0.108412042}
{"type":"test","event":"started","name":"liminal-server::liminal_server$server::participant::aggregate_registry_tests::existing_stream_cold_opens_without_appending"}
{"type":"test","event":"ok","name":"liminal-server::liminal_server$server::listener::tests::listener_shutdown_interrupts_accept_wait_without_backoff","exec_time":0.150661}
{"type":"test","event":"started","name":"liminal-server::liminal_server$server::participant::aggregate_registry_tests::flush_ambiguous_owner_remains_quarantined_until_a_successful_barrier"}
{"type":"test","event":"ok","name":"liminal-server::liminal_server$server::participant::aggregate_registry_tests::flush_ambiguous_owner_remains_quarantined_until_a_successful_barrier","exec_time":0.014112791}
{"type":"test","event":"started","name":"liminal-server::liminal_server$server::participant::aggregate_registry_tests::idle_release_drops_cell_and_later_cold_reopens_without_new_genesis"}
{"type":"test","event":"ok","name":"liminal-server::liminal_server$server::listener::tests::silent_main_listener_has_zero_application_wakes","exec_time":0.280531333}
{"type":"test","event":"started","name":"liminal-server::liminal_server$server::participant::aggregate_registry_tests::malformed_cold_history_returns_error_without_invoking_handler"}
{"type":"test","event":"ok","name":"liminal-server::liminal_server$server::participant::aggregate_registry_tests::consume_replace_returns_the_same_noncloneable_owner_to_the_registry","exec_time":0.2295485}
{"type":"test","event":"started","name":"liminal-server::liminal_server$server::participant::aggregate_registry_tests::mismatched_replacement_is_dropped_and_original_cell_cold_reopens"}
{"type":"test","event":"ok","name":"liminal-server::liminal_server$server::participant::aggregate_registry_tests::concurrent_cold_open_creates_one_cell_and_one_genesis_append","exec_time":0.292130667}
{"type":"test","event":"started","name":"liminal-server::liminal_server$server::participant::aggregate_registry_tests::process_crash_discards_unflushed_visible_state_before_cold_reopen"}
{"type":"test","event":"ok","name":"liminal-server::liminal_server$server::participant::aggregate_registry_tests::process_crash_discards_unflushed_visible_state_before_cold_reopen","exec_time":0.015356416}
{"type":"test","event":"started","name":"liminal-server::liminal_server$server::participant::aggregate_registry_tests::recovery_barrier_cold_replays_an_append_hidden_until_flush"}
{"type":"test","event":"ok","name":"liminal-server::liminal_server$server::participant::aggregate_registry_tests::recovery_barrier_cold_replays_an_append_hidden_until_flush","exec_time":0.01511025}
{"type":"test","event":"started","name":"liminal-server::liminal_server$server::participant::aggregate_registry_tests::rejected_append_is_quarantined_and_resumed_only_by_later_explicit_call"}
{"type":"test","event":"ok","name":"liminal-server::liminal_server$server::participant::aggregate_registry_tests::append_conflict_quarantines_then_cold_replays_without_retry","exec_time":0.337665333}
{"type":"test","event":"started","name":"liminal-server::liminal_server$server::participant::aggregate_registry_tests::release_refuses_held_operation_then_succeeds_after_operation_exits"}
{"type":"test","event":"ok","name":"liminal-server::liminal_server$server::participant::aggregate_registry_tests::existing_stream_cold_opens_without_appending","exec_time":0.257027208}
{"type":"test","event":"started","name":"liminal-server::liminal_server$server::participant::aggregate_registry_tests::same_conversation_operations_are_exclusive_but_other_conversations_progress"}
{"type":"test","event":"ok","name":"liminal-server::liminal_server$server::participant::aggregate_registry_tests::idle_release_drops_cell_and_later_cold_reopens_without_new_genesis","exec_time":0.334905334}
{"type":"test","event":"started","name":"liminal-server::liminal_server$server::participant::aggregate_tests::append_conflict_aborts_speculation_and_cold_reloads_competing_commit"}
{"type":"test","event":"ok","name":"liminal-server::liminal_server$server::participant::aggregate_registry_tests::malformed_cold_history_returns_error_without_invoking_handler","exec_time":0.246561292}
{"type":"test","event":"started","name":"liminal-server::liminal_server$server::participant::aggregate_tests::cold_reopen_replays_exact_event_and_never_appends_second_genesis"}
{"type":"test","event":"ok","name":"liminal-server::liminal_server$server::participant::aggregate_registry_tests::release_refuses_held_operation_then_succeeds_after_operation_exits","exec_time":0.32097175}
{"type":"test","event":"started","name":"liminal-server::liminal_server$server::participant::aggregate_tests::flush_failure_aborts_speculation_and_reloads_appended_durable_reality"}
{"type":"test","event":"ok","name":"liminal-server::liminal_server$server::participant::aggregate_registry_tests::rejected_append_is_quarantined_and_resumed_only_by_later_explicit_call","exec_time":0.381860917}
{"type":"test","event":"started","name":"liminal-server::liminal_server$server::participant::aggregate_tests::malformed_canonical_event_fails_cold_load_before_state_use"}
{"type":"test","event":"ok","name":"liminal-server::liminal_server$server::connection::supervisor::tests::drain_idle_grows_unrelated_slices_while_drain_counters_stay_flat","exec_time":2.231232166}
{"type":"test","event":"started","name":"liminal-server::liminal_server$server::participant::aggregate_tests::rejected_append_cannot_publish_speculative_protocol_state"}
{"type":"test","event":"ok","name":"liminal-server::liminal_server$server::participant::aggregate_registry_tests::mismatched_replacement_is_dropped_and_original_cell_cold_reopens","exec_time":0.489079625}
{"type":"test","event":"started","name":"liminal-server::liminal_server$server::participant::aggregate_tests::stored_sequence_must_equal_canonical_event_ordinal"}
{"type":"test","event":"ok","name":"liminal-server::liminal_server$server::participant::aggregate_registry_tests::same_conversation_operations_are_exclusive_but_other_conversations_progress","exec_time":0.446047542}
{"type":"test","event":"started","name":"liminal-server::liminal_server$server::participant::conversation_stream_tests::append_rejects_unrepresentable_next_sequence_before_storage"}
{"type":"test","event":"ok","name":"liminal-server::liminal_server$server::participant::aggregate_tests::cold_reopen_replays_exact_event_and_never_appends_second_genesis","exec_time":0.281807875}
{"type":"test","event":"started","name":"liminal-server::liminal_server$server::participant::conversation_stream_tests::optimistic_conflict_is_returned_without_retry"}
{"type":"test","event":"ok","name":"liminal-server::liminal_server$server::participant::aggregate_tests::append_conflict_aborts_speculation_and_cold_reloads_competing_commit","exec_time":0.37089125}
{"type":"test","event":"started","name":"liminal-server::liminal_server$server::participant::conversation_stream_tests::pages_are_contiguous_bounded_and_end_on_empty"}
{"type":"test","event":"ok","name":"liminal-server::liminal_server$server::participant::aggregate_tests::rejected_append_cannot_publish_speculative_protocol_state","exec_time":0.176231708}
{"type":"test","event":"started","name":"liminal-server::liminal_server$server::participant::crash_repository_tests::all_crash_causes_survive_a_cold_database_reopen"}
{"type":"test","event":"ok","name":"liminal-server::liminal_server$server::participant::aggregate_tests::flush_failure_aborts_speculation_and_reloads_appended_durable_reality","exec_time":0.331521541}
{"type":"test","event":"started","name":"liminal-server::liminal_server$server::participant::crash_repository_tests::pending_crash_replays_private_pending_authority_without_a_terminal_history_entry"}
{"type":"test","event":"ok","name":"liminal-server::liminal_server$server::participant::aggregate_tests::malformed_canonical_event_fails_cold_load_before_state_use","exec_time":0.310497292}
{"type":"test","event":"started","name":"liminal-server::liminal_server$server::participant::cursor_repository_tests::two_participants_ack_same_retained_suffix_and_survive_cold_reopen"}
{"type":"test","event":"ok","name":"liminal-server::liminal_server$server::participant::conversation_stream_tests::append_rejects_unrepresentable_next_sequence_before_storage","exec_time":0.2028645}
{"type":"test","event":"started","name":"liminal-server::liminal_server$server::participant::detach_repository_tests::cold_reopen_replays_terminalized_detach_with_old_epoch"}
{"type":"test","event":"ok","name":"liminal-server::liminal_server$server::participant::conversation_stream_tests::optimistic_conflict_is_returned_without_retry","exec_time":0.274078375}
{"type":"test","event":"started","name":"liminal-server::liminal_server$server::participant::detach_repository_tests::failed_first_flush_never_publishes_enrollment_outcome"}
{"type":"test","event":"ok","name":"liminal-server::liminal_server$server::participant::aggregate_tests::stored_sequence_must_equal_canonical_event_ordinal","exec_time":0.360950709}
{"type":"test","event":"started","name":"liminal-server::liminal_server$server::participant::dispatch_impact_tests::empty_accumulator_is_unchanged"}
{"type":"test","event":"ok","name":"liminal-server::liminal_server$server::connection::supervisor::tests::err_from_public_push_publishes_nothing_after_close","exec_time":2.39434975}
{"type":"test","event":"started","name":"liminal-server::liminal_server$server::participant::dispatch_impact_tests::repeated_and_prefix_effects_union_without_precedence"}
{"type":"test","event":"ok","name":"liminal-server::liminal_server$server::participant::dispatch_impact_tests::empty_accumulator_is_unchanged","exec_time":0.015683708}
{"type":"test","event":"started","name":"liminal-server::liminal_server$server::participant::dispatch_impact_tests::truthful_effect_with_no_current_target_remains_changed"}
{"type":"test","event":"ok","name":"liminal-server::liminal_server$server::participant::dispatch_impact_tests::repeated_and_prefix_effects_union_without_precedence","exec_time":0.017693375}
{"type":"test","event":"started","name":"liminal-server::liminal_server$server::participant::dispatch_tests::decoded_request_reaches_handler_and_crate_value_is_framed"}
{"type":"test","event":"ok","name":"liminal-server::liminal_server$server::participant::dispatch_impact_tests::truthful_effect_with_no_current_target_remains_changed","exec_time":0.017568209}
{"type":"test","event":"started","name":"liminal-server::liminal_server$server::participant::dispatch_tests::every_registered_client_request_reaches_the_same_semantic_seam"}
{"type":"test","event":"ok","name":"liminal-server::liminal_server$server::participant::dispatch_tests::decoded_request_reaches_handler_and_crate_value_is_framed","exec_time":0.015329291}
{"type":"test","event":"started","name":"liminal-server::liminal_server$server::participant::dispatch_tests::gate_rejection_never_calls_semantics"}
{"type":"test","event":"ok","name":"liminal-server::liminal_server$server::participant::dispatch_tests::every_registered_client_request_reaches_the_same_semantic_seam","exec_time":0.016545666}
{"type":"test","event":"started","name":"liminal-server::liminal_server$server::participant::dispatch_tests::semantic_failure_is_fatal_and_has_no_wire_value"}
{"type":"test","event":"ok","name":"liminal-server::liminal_server$server::participant::dispatch_tests::gate_rejection_never_calls_semantics","exec_time":0.012692084}
{"type":"test","event":"started","name":"liminal-server::liminal_server$server::participant::dispatch_tests::unrelated_generic_frame_bypasses_handler"}
{"type":"test","event":"ok","name":"liminal-server::liminal_server$server::participant::dispatch_tests::semantic_failure_is_fatal_and_has_no_wire_value","exec_time":0.01365875}
{"type":"test","event":"started","name":"liminal-server::liminal_server$server::participant::incarnation_stream_tests::allocate_before_first_startup_is_rejected_as_corrupt_history"}
{"type":"test","event":"ok","name":"liminal-server::liminal_server$server::participant::dispatch_tests::unrelated_generic_frame_bypasses_handler","exec_time":0.016298625}
{"type":"test","event":"started","name":"liminal-server::liminal_server$server::participant::incarnation_stream_tests::allocate_count_must_select_exact_fixed_width_suffix"}
{"type":"test","event":"ok","name":"liminal-server::liminal_server$server::participant::conversation_stream_tests::pages_are_contiguous_bounded_and_end_on_empty","exec_time":0.396496458}
{"type":"test","event":"started","name":"liminal-server::liminal_server$server::participant::incarnation_stream_tests::cold_replay_crosses_bounded_pages_without_polling"}
{"type":"test","event":"ok","name":"liminal-server::liminal_server$server::participant::detach_repository_tests::failed_first_flush_never_publishes_enrollment_outcome","exec_time":0.449976375}
{"type":"test","event":"started","name":"liminal-server::liminal_server$server::participant::incarnation_stream_tests::cold_replay_treats_only_an_empty_short_page_as_end_of_stream"}
{"type":"test","event":"ok","name":"liminal-server::liminal_server$server::participant::crash_repository_tests::pending_crash_replays_private_pending_authority_without_a_terminal_history_entry","exec_time":0.605658291}
{"type":"test","event":"started","name":"liminal-server::liminal_server$server::participant::incarnation_stream_tests::cold_start_replays_each_historical_allocation_under_its_stored_bound"}
{"type":"test","event":"ok","name":"liminal-server::liminal_server$server::participant::detach_repository_tests::cold_reopen_replays_terminalized_detach_with_old_epoch","exec_time":0.654440916}
{"type":"test","event":"started","name":"liminal-server::liminal_server$server::participant::incarnation_stream_tests::configured_reference_bound_refuses_before_any_append"}
{"type":"test","event":"ok","name":"liminal-server::liminal_server$server::participant::incarnation_stream_tests::allocate_before_first_startup_is_rejected_as_corrupt_history","exec_time":0.423235208}
{"type":"test","event":"started","name":"liminal-server::liminal_server$server::participant::incarnation_stream_tests::connection_fate_intent_rows_pin_exact_v2_bytes_and_frozen_v1_decode"}
{"type":"test","event":"ok","name":"liminal-server::liminal_server$server::participant::incarnation_stream_tests::allocate_count_must_select_exact_fixed_width_suffix","exec_time":0.476566208}
{"type":"test","event":"started","name":"liminal-server::liminal_server$server::participant::incarnation_stream_tests::connection_fate_open_codec_refuses_noncanonical_or_overbound_conversations"}
{"type":"test","event":"ok","name":"liminal-server::liminal_server$server::participant::incarnation_stream_tests::connection_fate_open_codec_refuses_noncanonical_or_overbound_conversations","exec_time":0.013509166}
{"type":"test","event":"started","name":"liminal-server::liminal_server$server::participant::incarnation_stream_tests::event_codec_pins_exact_startup_and_allocate_bytes"}
{"type":"test","event":"ok","name":"liminal-server::liminal_server$server::participant::incarnation_stream_tests::event_codec_pins_exact_startup_and_allocate_bytes","exec_time":0.0148925}
{"type":"test","event":"started","name":"liminal-server::liminal_server$server::participant::incarnation_stream_tests::historical_open_generation_bound_survives_limit_reduction_and_refuses_overbound_history"}
{"type":"test","event":"ok","name":"liminal-server::liminal_server$server::connection::supervisor::tests::s8_failed_wake_in_reclamation_window_publishes_nothing_then_funnel_completes","exec_time":2.420215792}
{"type":"test","event":"started","name":"liminal-server::liminal_server$server::participant::incarnation_stream_tests::malformed_event_codec_is_rejected_before_protocol_replay"}
{"type":"test","event":"ok","name":"liminal-server::liminal_server$server::participant::cursor_repository_tests::two_participants_ack_same_retained_suffix_and_survive_cold_reopen","exec_time":1.0923345}
{"type":"test","event":"started","name":"liminal-server::liminal_server$server::participant::incarnation_stream_tests::max_ordinal_event_replays_then_exhaustion_emits_no_extra_event"}
{"type":"test","event":"ok","name":"liminal-server::liminal_server$server::participant::incarnation_stream_tests::configured_reference_bound_refuses_before_any_append","exec_time":0.529110917}
{"type":"test","event":"started","name":"liminal-server::liminal_server$server::participant::incarnation_stream_tests::max_server_incarnation_refuses_live_startup_without_append"}
{"type":"test","event":"ok","name":"liminal-server::liminal_server$server::participant::incarnation_stream_tests::cold_start_replays_each_historical_allocation_under_its_stored_bound","exec_time":0.757554459}
{"type":"test","event":"started","name":"liminal-server::liminal_server$server::participant::incarnation_stream_tests::old_scalar_header_and_regression_are_not_representable"}
{"type":"test","event":"ok","name":"liminal-server::liminal_server$server::participant::incarnation_stream_tests::max_server_incarnation_refuses_live_startup_without_append","exec_time":0.163665292}
{"type":"test","event":"started","name":"liminal-server::liminal_server$server::participant::incarnation_stream_tests::referenced_max_collision_event_replays_terminal_exhaustion"}
{"type":"test","event":"ok","name":"liminal-server::liminal_server$server::participant::incarnation_stream_tests::connection_fate_intent_rows_pin_exact_v2_bytes_and_frozen_v1_decode","exec_time":0.820201625}
{"type":"test","event":"started","name":"liminal-server::liminal_server$server::participant::incarnation_stream_tests::second_startup_replays_history_and_resets_ordinal_namespace"}
{"type":"test","event":"ok","name":"liminal-server::liminal_server$server::participant::crash_repository_tests::all_crash_causes_survive_a_cold_database_reopen","exec_time":1.572694292}
{"type":"test","event":"started","name":"liminal-server::liminal_server$server::participant::incarnation_stream_tests::startup_allocations_cold_replay_preserves_header_and_next_pair"}
{"type":"test","event":"ok","name":"liminal-server::liminal_server$server::participant::incarnation_stream_tests::max_ordinal_event_replays_then_exhaustion_emits_no_extra_event","exec_time":0.41021975}
{"type":"test","event":"started","name":"liminal-server::liminal_server$server::participant::incarnation_stream_tests::stored_allocate_after_terminal_exhaustion_is_corrupt"}
{"type":"test","event":"ok","name":"liminal-server::liminal_server$server::participant::incarnation_stream_tests::cold_replay_treats_only_an_empty_short_page_as_end_of_stream","exec_time":1.003706417}
{"type":"test","event":"started","name":"liminal-server::liminal_server$server::participant::incarnation_stream_tests::stored_declared_reference_bound_is_checked_before_reference_allocation"}
{"type":"test","event":"ok","name":"liminal-server::liminal_server$server::participant::incarnation_stream_tests::referenced_max_collision_event_replays_terminal_exhaustion","exec_time":0.32783525}
{"type":"test","event":"started","name":"liminal-server::liminal_server$server::participant::incarnation_stream_tests::stored_startup_after_server_exhaustion_is_corrupt"}
{"type":"test","event":"ok","name":"liminal-server::liminal_server$server::participant::incarnation_stream_tests::old_scalar_header_and_regression_are_not_representable","exec_time":0.349789958}
{"type":"test","event":"started","name":"liminal-server::liminal_server$server::participant::production::e2e_cold_all_shapes::cold_reopen_reconciles_and_replays_all_record_shapes"}
{"type":"test","event":"ok","name":"liminal-server::liminal_server$server::participant::incarnation_stream_tests::stored_allocate_after_terminal_exhaustion_is_corrupt","exec_time":0.424401292}
{"type":"test","event":"started","name":"liminal-server::liminal_server$server::participant::production::e2e_cold_tests::records_and_leave_survive_real_socket_cold_reopen"}
{"type":"test","event":"ok","name":"liminal-server::liminal_server$server::participant::incarnation_stream_tests::stored_declared_reference_bound_is_checked_before_reference_allocation","exec_time":0.493894834}
{"type":"test","event":"started","name":"liminal-server::liminal_server$server::participant::production::e2e_cold_tests::restart_between_delivery_and_ack_accepts"}
{"type":"test","event":"ok","name":"liminal-server::liminal_server$server::participant::incarnation_stream_tests::startup_allocations_cold_replay_preserves_header_and_next_pair","exec_time":0.655246333}
{"type":"test","event":"started","name":"liminal-server::liminal_server$server::participant::production::e2e_leave_commit_boundary::leave_discharge_replays_deterministically_across_the_commit_boundary"}
{"type":"test","event":"ok","name":"liminal-server::liminal_server$server::participant::incarnation_stream_tests::stored_startup_after_server_exhaustion_is_corrupt","exec_time":0.469211125}
{"type":"test","event":"started","name":"liminal-server::liminal_server$server::participant::production::e2e_leave_regression::leave_after_detach_reattach_supersession_discharges_unacked_obligation_and_reopens"}
{"type":"test","event":"ok","name":"liminal-server::liminal_server$server::participant::incarnation_stream_tests::second_startup_replays_history_and_resets_ordinal_namespace","exec_time":0.915322}
{"type":"test","event":"started","name":"liminal-server::liminal_server$server::participant::production::e2e_leave_regression::leave_discharges_the_left_identitys_obligations_and_bounds_live_payload"}
{"type":"test","event":"ok","name":"liminal-server::liminal_server$server::participant::incarnation_stream_tests::malformed_event_codec_is_rejected_before_protocol_replay","exec_time":1.530382833}
{"type":"test","event":"started","name":"liminal-server::liminal_server$server::participant::production::e2e_terminal_drain::live_socket_publish_drains_pending_terminal_then_unclean_restart_serves"}
{"type":"test","event":"ok","name":"liminal-server::liminal_server$server::connection::supervisor::tests::pending_reply_deadline_is_the_only_wake_under_zero_traffic","exec_time":6.22053825}
{"type":"test","event":"started","name":"liminal-server::liminal_server$server::participant::production::e2e_terminal_drain_detached::live_socket_publish_drains_pending_detached_then_victim_resumes_and_restart_serves"}
{"type":"test","event":"ok","name":"liminal-server::liminal_server$server::participant::incarnation_stream_tests::historical_open_generation_bound_survives_limit_reduction_and_refuses_overbound_history","exec_time":6.7013757080000005}
{"type":"test","event":"started","name":"liminal-server::liminal_server$server::participant::production::e2e_tests::ack_after_reattach_before_replay_accepts_after_reconciliation"}
{"type":"test","event":"ok","name":"liminal-server::liminal_server$server::participant::production::e2e_cold_tests::records_and_leave_survive_real_socket_cold_reopen","exec_time":6.764855333}
{"type":"test","event":"started","name":"liminal-server::liminal_server$server::participant::production::e2e_tests::amplify_leave_regression_response_push_interleave"}
{"type":"test","event":"ok","name":"liminal-server::liminal_server$server::participant::production::e2e_cold_tests::restart_between_delivery_and_ack_accepts","exec_time":6.695965416}
{"type":"test","event":"started","name":"liminal-server::liminal_server$server::participant::production::e2e_tests::e2e_sdk_tests::serverpush_sent_is_not_receipt_real_socket"}
{"type":"test","event":"ok","name":"liminal-server::liminal_server$server::participant::production::e2e_tests::amplify_leave_regression_response_push_interleave","exec_time":0.013798125}
{"type":"test","event":"started","name":"liminal-server::liminal_server$server::participant::production::e2e_tests::e2e_sdk_tests::terminal_answer_precedes_independent_push_work"}
{"type":"test","event":"ok","name":"liminal-server::liminal_server$server::participant::production::e2e_leave_regression::leave_after_detach_reattach_supersession_discharges_unacked_obligation_and_reopens","exec_time":9.298682208}
{"type":"test","event":"started","name":"liminal-server::liminal_server$server::participant::production::e2e_tests::full_lifecycle_e2e_over_real_socket_replays_old_epoch"}
{"type":"test","event":"ok","name":"liminal-server::liminal_server$server::participant::production::e2e_terminal_drain::live_socket_publish_drains_pending_terminal_then_unclean_restart_serves","exec_time":9.368438458}
{"type":"test","event":"started","name":"liminal-server::liminal_server$server::participant::production::e2e_tests::parked_tcp_and_websocket_processes_wake_on_outbox_without_polling"}
{"type":"test","event":"ok","name":"liminal-server::liminal_server$server::participant::production::e2e_tests::ack_after_reattach_before_replay_accepts_after_reconciliation","exec_time":5.104556125}
{"type":"test","event":"started","name":"liminal-server::liminal_server$server::participant::production::e2e_tests::tests_endpoint_ack::endpoint_with_no_committed_obligation_refuses"}
{"type":"test","event":"ok","name":"liminal-server::liminal_server$server::participant::production::e2e_tests::full_lifecycle_e2e_over_real_socket_replays_old_epoch","exec_time":3.881634542}
{"type":"test","event":"started","name":"liminal-server::liminal_server$server::participant::production::e2e_tests::tests_w2_leg3_idle::obligation_debt_dispatch_idle_has_zero_debt_attributable_work"}
{"type":"test","event":"ok","name":"liminal-server::liminal_server$server::participant::production::e2e_leave_commit_boundary::leave_discharge_replays_deterministically_across_the_commit_boundary","exec_time":13.349108667}
{"type":"test","event":"started","name":"liminal-server::liminal_server$server::participant::production::tests::connection_fate_intent_incomplete_latches_first_fatal_before_semantic_or_publication_entry"}
{"type":"test","event":"ok","name":"liminal-server::liminal_server$server::participant::production::tests::connection_fate_intent_incomplete_latches_first_fatal_before_semantic_or_publication_entry","exec_time":0.225991041}
{"type":"test","event":"started","name":"liminal-server::liminal_server$server::participant::production::tests::marker_ack_refuses_through_crate_selector"}
{"type":"test","event":"ok","name":"liminal-server::liminal_server$server::participant::production::e2e_tests::tests_w2_leg3_idle::obligation_debt_dispatch_idle_has_zero_debt_attributable_work","exec_time":0.916564625}
{"type":"test","event":"started","name":"liminal-server::liminal_server$server::participant::production::tests::observer_recovery_classifies_exact_rows_over_durable_tracking"}
{"type":"test","event":"ok","name":"liminal-server::liminal_server$server::participant::production::e2e_tests::e2e_sdk_tests::terminal_answer_precedes_independent_push_work","exec_time":7.686501458}
{"type":"test","event":"started","name":"liminal-server::liminal_server$server::participant::production::tests::terminalized_detach_cold_reopen_carries_old_epoch_through_dispatch"}
{"type":"test","event":"ok","name":"liminal-server::liminal_server$server::participant::production::tests::marker_ack_refuses_through_crate_selector","exec_time":1.277307792}
{"type":"test","event":"started","name":"liminal-server::liminal_server$server::participant::production::tests::two_participant_same_suffix_acks_and_regression_refusal_survive_cold_reopen"}
{"type":"test","event":"ok","name":"liminal-server::liminal_server$server::participant::production::tests::observer_recovery_classifies_exact_rows_over_durable_tracking","exec_time":1.5477086249999998}
{"type":"test","event":"started","name":"liminal-server::liminal_server$server::participant::production::tests_binding::attach_while_bound_from_new_incarnation_recovers_crashed_binding"}
{"type":"test","event":"ok","name":"liminal-server::liminal_server$server::participant::production::e2e_tests::parked_tcp_and_websocket_processes_wake_on_outbox_without_polling","exec_time":6.390368917}
{"type":"test","event":"started","name":"liminal-server::liminal_server$server::participant::production::tests_binding::attach_while_bound_same_connection_supersedes_and_survives_cold_reopen"}
{"type":"test","event":"ok","name":"liminal-server::liminal_server$server::participant::production::e2e_tests::tests_endpoint_ack::endpoint_with_no_committed_obligation_refuses","exec_time":5.78649825}
{"type":"test","event":"started","name":"liminal-server::liminal_server$server::participant::production::tests_binding::enrollment_at_identity_limit_returns_typed_capacity_refusal_without_minting"}
{"type":"test","event":"ok","name":"liminal-server::liminal_server$server::participant::production::tests::terminalized_detach_cold_reopen_carries_old_epoch_through_dispatch","exec_time":2.273548958}
{"type":"test","event":"started","name":"liminal-server::liminal_server$server::participant::production::tests_binding::marker_bearing_attach_refuses_no_marker_expected"}
{"type":"test","event":"ok","name":"liminal-server::liminal_server$server::participant::production::tests_binding::marker_bearing_attach_refuses_no_marker_expected","exec_time":1.578393375}
{"type":"test","event":"started","name":"liminal-server::liminal_server$server::participant::production::tests_binding::record_admission_lookup_rows_classify_typed_over_production_dispatch"}
{"type":"test","event":"ok","name":"liminal-server::liminal_server$server::participant::production::tests::two_participant_same_suffix_acks_and_regression_refusal_survive_cold_reopen","exec_time":3.267763125}
{"type":"test","event":"started","name":"liminal-server::liminal_server$server::participant::production::tests_binding::tests_binding_capacity::semantic_conversations_beyond_connection_limit_refuse_with_exact_envelope"}
{"type":"test","event":"ok","name":"liminal-server::liminal_server$server::participant::production::tests_binding::attach_while_bound_from_new_incarnation_recovers_crashed_binding","exec_time":2.605872417}
{"type":"test","event":"started","name":"liminal-server::liminal_server$server::participant::production::tests_boot_containment::a_post_drain_replay_failure_must_not_take_down_the_node"}
{"type":"test","event":"ok","name":"liminal-server::liminal_server$server::participant::production::tests_binding::attach_while_bound_same_connection_supersedes_and_survives_cold_reopen","exec_time":3.194658959}
{"type":"test","event":"started","name":"liminal-server::liminal_server$server::participant::production::tests_boot_containment::a_refused_boot_drain_must_not_take_down_the_node"}
{"type":"test","event":"ok","name":"liminal-server::liminal_server$server::participant::production::tests_binding::enrollment_at_identity_limit_returns_typed_capacity_refusal_without_minting","exec_time":3.445379167}
{"type":"test","event":"started","name":"liminal-server::liminal_server$server::participant::production::tests_boot_containment::control_a_deferred_fault_is_inert_when_boot_appends_nothing"}
{"type":"test","event":"ok","name":"liminal-server::liminal_server$server::participant::production::tests_binding::record_admission_lookup_rows_classify_typed_over_production_dispatch","exec_time":2.539210375}
{"type":"test","event":"started","name":"liminal-server::liminal_server$server::participant::production::tests_boot_containment::control_pending_terminal_lane_and_neighbour_boot_clean"}
{"type":"test","event":"ok","name":"liminal-server::liminal_server$server::participant::production::tests_boot_containment::control_a_deferred_fault_is_inert_when_boot_appends_nothing","exec_time":2.761427875}
{"type":"test","event":"started","name":"liminal-server::liminal_server$server::participant::production::tests_boot_containment::control_uncorrupted_store_boots_and_serves_both_conversations"}
{"type":"test","event":"ok","name":"liminal-server::liminal_server$server::participant::production::tests_binding::tests_binding_capacity::semantic_conversations_beyond_connection_limit_refuse_with_exact_envelope","exec_time":4.519588125}
{"type":"test","event":"started","name":"liminal-server::liminal_server$server::participant::production::tests_boot_containment::one_unloadable_conversation_must_not_take_down_the_others"}
{"type":"test","event":"ok","name":"liminal-server::liminal_server$server::participant::production::tests_boot_containment::a_post_drain_replay_failure_must_not_take_down_the_node","exec_time":5.561942709}
{"type":"test","event":"started","name":"liminal-server::liminal_server$server::participant::production::tests_boot_containment::one_unloadable_record_must_not_prevent_the_node_from_starting"}
{"type":"test","event":"ok","name":"liminal-server::liminal_server$server::participant::production::tests_boot_containment::a_refused_boot_drain_must_not_take_down_the_node","exec_time":4.802233125}
{"type":"test","event":"started","name":"liminal-server::liminal_server$server::participant::production::tests_boot_containment::the_refusal_must_name_the_conversation_it_refused"}
{"type":"test","event":"ok","name":"liminal-server::liminal_server$server::participant::production::e2e_terminal_drain_detached::live_socket_publish_drains_pending_detached_then_victim_resumes_and_restart_serves","exec_time":22.096211625}
{"type":"test","event":"started","name":"liminal-server::liminal_server$server::participant::production::tests_capacity::enrollment_identity_server_scope_refuses_and_survives_restart"}
{"type":"test","event":"ok","name":"liminal-server::liminal_server$server::participant::production::e2e_tests::e2e_sdk_tests::serverpush_sent_is_not_receipt_real_socket","exec_time":18.6184665}
{"type":"test","event":"started","name":"liminal-server::liminal_server$server::participant::production::tests_capacity::enrollment_live_receipt_server_scope_refuses_and_survives_restart"}
{"type":"test","event":"ok","name":"liminal-server::liminal_server$server::participant::production::tests_boot_containment::control_uncorrupted_store_boots_and_serves_both_conversations","exec_time":2.724303625}
{"type":"test","event":"started","name":"liminal-server::liminal_server$server::participant::production::tests_capacity::enrollment_mixed_full_and_over_limit_refuses_the_earlier_full_scope"}
{"type":"test","event":"ok","name":"liminal-server::liminal_server$server::participant::production::tests_boot_containment::one_unloadable_conversation_must_not_take_down_the_others","exec_time":3.102962875}
{"type":"test","event":"started","name":"liminal-server::liminal_server$server::participant::production::tests_capacity::enrollment_over_limit_scope_refuses_with_true_numbers"}
{"type":"test","event":"ok","name":"liminal-server::liminal_server$server::participant::production::tests_boot_containment::control_pending_terminal_lane_and_neighbour_boot_clean","exec_time":5.980395708}
{"type":"test","event":"started","name":"liminal-server::liminal_server$server::participant::production::tests_capacity::enrollment_provenance_conversation_scope_refusal_is_scoped"}
{"type":"test","event":"ok","name":"liminal-server::liminal_server$server::participant::production::tests_boot_containment::one_unloadable_record_must_not_prevent_the_node_from_starting","exec_time":2.935679083}
{"type":"test","event":"started","name":"liminal-server::liminal_server$server::participant::production::tests_capacity::enrollment_provenance_server_scope_refusal"}
{"type":"test","event":"ok","name":"liminal-server::liminal_server$server::participant::production::tests_boot_containment::the_refusal_must_name_the_conversation_it_refused","exec_time":2.790093125}
{"type":"test","event":"started","name":"liminal-server::liminal_server$server::participant::production::tests_capacity_attach::attach_live_receipt_participant_scope_refusal"}
{"type":"test","event":"ok","name":"liminal-server::liminal_server$server::participant::production::tests_capacity::enrollment_live_receipt_server_scope_refuses_and_survives_restart","exec_time":1.666299125}
{"type":"test","event":"started","name":"liminal-server::liminal_server$server::participant::production::tests_capacity_attach::attach_live_receipt_server_scope_refusal"}
{"type":"test","event":"ok","name":"liminal-server::liminal_server$server::participant::production::tests_capacity::enrollment_identity_server_scope_refuses_and_survives_restart","exec_time":2.895256458}
{"type":"test","event":"started","name":"liminal-server::liminal_server$server::participant::production::tests_capacity_attach::attach_mixed_full_and_over_limit_refuses_the_earlier_full_scope"}
{"type":"test","event":"ok","name":"liminal-server::liminal_server$server::participant::production::e2e_cold_all_shapes::cold_reopen_reconciles_and_replays_all_record_shapes","exec_time":27.876139709}
{"type":"test","event":"started","name":"liminal-server::liminal_server$server::participant::production::tests_capacity_attach::attach_over_limit_scope_refuses_with_true_numbers"}
{"type":"test","event":"ok","name":"liminal-server::liminal_server$server::participant::production::tests_capacity::enrollment_mixed_full_and_over_limit_refuses_the_earlier_full_scope","exec_time":2.9210217910000003}
{"type":"test","event":"started","name":"liminal-server::liminal_server$server::participant::production::tests_capacity_attach::attach_provenance_scope_refusals_follow_the_fixed_order"}
{"type":"test","event":"ok","name":"liminal-server::liminal_server$server::participant::production::tests_capacity::enrollment_over_limit_scope_refuses_with_true_numbers","exec_time":2.388031375}
{"type":"test","event":"started","name":"liminal-server::liminal_server$server::participant::production::tests_capacity_attach::expired_provenance_prunes_freeing_capacity_and_degrading_exact_old_tokens"}
{"type":"test","event":"ok","name":"liminal-server::liminal_server$server::participant::production::tests_capacity::enrollment_provenance_server_scope_refusal","exec_time":1.7236773749999998}
{"type":"test","event":"started","name":"liminal-server::liminal_server$server::participant::production::tests_capacity_attach::full_provenance_participant_scope_refuses_and_in_window_unknown_is_stale_authority"}
{"type":"test","event":"ok","name":"liminal-server::liminal_server$server::participant::production::tests_capacity::enrollment_provenance_conversation_scope_refusal_is_scoped","exec_time":2.548517792}
{"type":"test","event":"started","name":"liminal-server::liminal_server$server::participant::production::tests_config_d2::canonical_v2_marker_attached_and_recovery_rows_fit_signed_caps"}
{"type":"test","event":"ok","name":"liminal-server::liminal_server$server::participant::production::tests_capacity_attach::attach_live_receipt_server_scope_refusal","exec_time":2.374081125}
{"type":"test","event":"started","name":"liminal-server::liminal_server$server::participant::production::tests_config_d2::canonical_v2_marker_bytes_exclude_unit2_projection_fields"}
{"type":"test","event":"ok","name":"liminal-server::liminal_server$server::participant::production::tests_config_d2::canonical_v2_marker_attached_and_recovery_rows_fit_signed_caps","exec_time":0.024714083}
{"type":"test","event":"started","name":"liminal-server::liminal_server$server::participant::production::tests_config_d2::d2_validation_accumulates_every_field_specific_failure"}
{"type":"test","event":"ok","name":"liminal-server::liminal_server$server::participant::production::tests_config_d2::canonical_v2_marker_bytes_exclude_unit2_projection_fields","exec_time":0.016442083}
{"type":"test","event":"started","name":"liminal-server::liminal_server$server::participant::production::tests_delivery_acceptance::reattach_replays_unacked_in_order_after_acked_frontier"}
{"type":"test","event":"ok","name":"liminal-server::liminal_server$server::participant::production::tests_config_d2::d2_validation_accumulates_every_field_specific_failure","exec_time":0.019531125}
{"type":"test","event":"started","name":"liminal-server::liminal_server$server::participant::production::tests_delivery_acceptance::socket_offer_and_write_never_reclaim"}
{"type":"test","event":"ok","name":"liminal-server::liminal_server$server::participant::production::tests_capacity_attach::attach_live_receipt_participant_scope_refusal","exec_time":2.487759375}
{"type":"test","event":"started","name":"liminal-server::liminal_server$server::participant::production::tests_f8_marker_poison::a_refused_connection_fate_leaves_no_durable_residue"}
{"type":"test","event":"ok","name":"liminal-server::liminal_server$server::participant::production::tests_capacity_attach::attach_mixed_full_and_over_limit_refuses_the_earlier_full_scope","exec_time":2.895636417}
{"type":"test","event":"started","name":"liminal-server::liminal_server$server::participant::production::tests_f8_marker_poison::the_incident_sequence_reboots_into_a_discharged_fate_and_a_live_server"}
{"type":"test","event":"ok","name":"liminal-server::liminal_server$server::participant::production::tests_capacity_attach::attach_over_limit_scope_refuses_with_true_numbers","exec_time":2.8468412499999998}
{"type":"test","event":"started","name":"liminal-server::liminal_server$server::participant::production::tests_f8b_boot_drain::boot_drains_a_pending_terminal_lane_and_reaches_listening"}
{"type":"test","event":"ok","name":"liminal-server::liminal_server$server::participant::production::e2e_leave_regression::leave_discharges_the_left_identitys_obligations_and_bounds_live_payload","exec_time":31.548888833}
{"type":"test","event":"started","name":"liminal-server::liminal_server$server::participant::production::tests_f8b_boot_drain::boot_empties_a_two_marker_lane_in_two_drains"}
{"type":"test","event":"ok","name":"liminal-server::liminal_server$server::participant::production::tests_capacity_attach::full_provenance_participant_scope_refuses_and_in_window_unknown_is_stale_authority","exec_time":3.251602834}
{"type":"test","event":"started","name":"liminal-server::liminal_server$server::participant::production::tests_f8b_seal::a_genesis_only_conversation_still_enrolls_as_ordinary_flow"}
{"type":"test","event":"ok","name":"liminal-server::liminal_server$server::participant::production::tests_f8b_seal::a_genesis_only_conversation_still_enrolls_as_ordinary_flow","exec_time":1.267496417}
{"type":"test","event":"started","name":"liminal-server::liminal_server$server::participant::production::tests_f8b_seal::a_sealed_conversation_does_not_refuse_its_neighbours"}
{"type":"test","event":"ok","name":"liminal-server::liminal_server$server::participant::production::tests_capacity_attach::expired_provenance_prunes_freeing_capacity_and_degrading_exact_old_tokens","exec_time":5.730439875}
{"type":"test","event":"started","name":"liminal-server::liminal_server$server::participant::production::tests_f8b_seal::boot_draining_the_last_identity_seals_the_conversation"}
{"type":"test","event":"ok","name":"liminal-server::liminal_server$server::participant::production::tests_delivery_acceptance::socket_offer_and_write_never_reclaim","exec_time":4.829194708}
{"type":"test","event":"started","name":"liminal-server::liminal_server$server::participant::production::tests_f8b_seal::enrollment_into_a_sealed_conversation_is_refused_by_type"}
{"type":"test","event":"ok","name":"liminal-server::liminal_server$server::participant::production::tests_f8b_boot_drain::boot_drains_a_pending_terminal_lane_and_reaches_listening","exec_time":4.050178709}
{"type":"test","event":"started","name":"liminal-server::liminal_server$server::participant::production::tests_f8b_seal::the_boot_drain_verdict_names_the_seal"}
{"type":"test","event":"ok","name":"liminal-server::liminal_server$server::participant::production::tests_delivery_acceptance::reattach_replays_unacked_in_order_after_acked_frontier","exec_time":5.557382333}
{"type":"test","event":"started","name":"liminal-server::liminal_server$server::participant::production::tests_f8b_typed_refusal::a_durable_append_failure_stays_outside_the_refusal_carrier"}
{"type":"test","event":"ok","name":"liminal-server::liminal_server$server::participant::production::tests_capacity_attach::attach_provenance_scope_refusals_follow_the_fixed_order","exec_time":7.197184041}
{"type":"test","event":"started","name":"liminal-server::liminal_server$server::participant::production::tests_f8b_typed_refusal::a_non_precedence_admission_refusal_keeps_its_own_reason"}
{"type":"test","event":"ok","name":"liminal-server::liminal_server$server::participant::production::tests_f8b_typed_refusal::a_non_precedence_admission_refusal_keeps_its_own_reason","exec_time":0.018178167}
{"type":"test","event":"started","name":"liminal-server::liminal_server$server::participant::production::tests_f8b_typed_refusal::an_occupied_lane_refusal_reaches_the_recovery_consumer_typed"}
{"type":"test","event":"ok","name":"liminal-server::liminal_server$server::participant::production::tests_f8b_boot_drain::boot_empties_a_two_marker_lane_in_two_drains","exec_time":3.704026125}
{"type":"test","event":"started","name":"liminal-server::liminal_server$server::participant::production::tests_f8b_typed_refusal::partly_applied_connection_fate_reruns_its_committed_prefix_as_a_noop"}
{"type":"test","event":"ok","name":"liminal-server::liminal_server$server::participant::production::tests_f8b_typed_refusal::a_durable_append_failure_stays_outside_the_refusal_carrier","exec_time":1.370022458}
{"type":"test","event":"started","name":"liminal-server::liminal_server$server::participant::production::tests_history::every_transition_history_matches_live_state_after_cold_restore"}
{"type":"test","event":"failed","name":"liminal-server::liminal_server$server::participant::production::tests_f8_marker_poison::a_refused_connection_fate_leaves_no_durable_residue","exec_time":9.090940125,"stdout":"Error: \"the peer's ack through 13 did not commit, so hard observer progress was never lifted over the marker at 12 and the incident is not armed: StaleAuthority(Live { request: ParticipantAck(ParticipantAckEnvelope { conversation_id: 167, participant_id: 1, capability_generation: Generation(1), through_seq: 13 }), current_generation: Generation(2) })\"\n"}
{"type":"test","event":"started","name":"liminal-server::liminal_server$server::participant::production::tests_layer2::drain_first_row_is_one_complete_poststate_and_contains_no_push"}
{"type":"test","event":"ok","name":"liminal-server::liminal_server$server::participant::production::tests_f8b_seal::boot_draining_the_last_identity_seals_the_conversation","exec_time":4.814847708}
{"type":"test","event":"started","name":"liminal-server::liminal_server$server::participant::production::tests_layer2::encode_dispatch_decode_assigns_sequence_and_one_exact_payload_row"}
{"type":"test","event":"ok","name":"liminal-server::liminal_server$server::participant::production::tests_f8b_seal::the_boot_drain_verdict_names_the_seal","exec_time":4.553335167}
{"type":"test","event":"started","name":"liminal-server::liminal_server$server::participant::production::tests_layer2::literal_same_stream_v1_five_kind_rows_are_schema_version_one"}
{"type":"test","event":"ok","name":"liminal-server::liminal_server$server::participant::production::tests_layer2::drain_first_row_is_one_complete_poststate_and_contains_no_push","exec_time":0.499204417}
{"type":"test","event":"started","name":"liminal-server::liminal_server$server::participant::production::tests_layer2::production_dispatch_refusal_matrix_is_typed_tokened_and_respond_only"}
{"type":"test","event":"ok","name":"liminal-server::liminal_server$server::participant::production::tests_layer2::production_dispatch_refusal_matrix_is_typed_tokened_and_respond_only","exec_time":0.025091209}
{"type":"test","event":"started","name":"liminal-server::liminal_server$server::participant::production::tests_leave::authorized_leave_refuses_stage_six_capacity_before_commit"}
{"type":"test","event":"ok","name":"liminal-server::liminal_server$server::participant::production::tests_f8b_seal::enrollment_into_a_sealed_conversation_is_refused_by_type","exec_time":4.9176775}
{"type":"test","event":"started","name":"liminal-server::liminal_server$server::participant::production::tests_leave::bound_leave_commits_retries_conflicts_and_survives_cold_reopen"}
{"type":"test","event":"ok","name":"liminal-server::liminal_server$server::participant::production::tests_f8b_seal::a_sealed_conversation_does_not_refuse_its_neighbours","exec_time":6.171965708}
{"type":"test","event":"started","name":"liminal-server::liminal_server$server::participant::production::tests_leave::detached_leave_commits_prior_terminal_and_retries_after_cold_reopen"}
{"type":"test","event":"failed","name":"liminal-server::liminal_server$server::participant::production::tests_f8_marker_poison::the_incident_sequence_reboots_into_a_discharged_fate_and_a_live_server","exec_time":9.657078958,"stdout":"Error: \"the peer's ack through 13 did not commit, so hard observer progress was never lifted over the marker at 12 and the incident is not armed: StaleAuthority(Live { request: ParticipantAck(ParticipantAckEnvelope { conversation_id: 167, participant_id: 1, capability_generation: Generation(1), through_seq: 13 }), current_generation: Generation(2) })\"\n"}
{"type":"test","event":"started","name":"liminal-server::liminal_server$server::participant::production::tests_log_v2::empty_stream_and_all_v2_stream_restore"}
{"type":"test","event":"ok","name":"liminal-server::liminal_server$server::participant::production::tests_layer2::literal_same_stream_v1_five_kind_rows_are_schema_version_one","exec_time":1.26363275}
{"type":"test","event":"started","name":"liminal-server::liminal_server$server::participant::production::tests_log_v2::leave_append_failure_publishes_no_response_or_tombstone"}
{"type":"test","event":"ok","name":"liminal-server::liminal_server$server::participant::production::tests_log_v2::empty_stream_and_all_v2_stream_restore","exec_time":0.562433917}
{"type":"test","event":"started","name":"liminal-server::liminal_server$server::participant::production::tests_log_v2::leave_flush_failure_replays_only_a_complete_tombstone"}
{"type":"test","event":"ok","name":"liminal-server::liminal_server$server::participant::production::tests_layer2::encode_dispatch_decode_assigns_sequence_and_one_exact_payload_row","exec_time":2.354317291}
{"type":"test","event":"started","name":"liminal-server::liminal_server$server::participant::production::tests_log_v2::literal_v1_row_is_rejected_as_schema_version_one"}
{"type":"test","event":"ok","name":"liminal-server::liminal_server$server::participant::production::tests_leave::bound_leave_commits_retries_conflicts_and_survives_cold_reopen","exec_time":2.381732417}
{"type":"test","event":"started","name":"liminal-server::liminal_server$server::participant::production::tests_log_v2::mixed_stream_fails_startup_without_publishing_an_authority"}
{"type":"test","event":"ok","name":"liminal-server::liminal_server$server::participant::production::tests_log_v2::literal_v1_row_is_rejected_as_schema_version_one","exec_time":0.49972175}
{"type":"test","event":"started","name":"liminal-server::liminal_server$server::participant::production::tests_log_v2::mixed_v2_then_v1_page_is_rejected_before_returning_any_rows"}
{"type":"test","event":"ok","name":"liminal-server::liminal_server$server::participant::incarnation_stream_tests::cold_replay_crosses_bounded_pages_without_polling","exec_time":43.815288417}
{"type":"test","event":"started","name":"liminal-server::liminal_server$server::participant::production::tests_log_v2::record_append_failure_publishes_no_response_or_poststate"}
{"type":"test","event":"ok","name":"liminal-server::liminal_server$server::participant::production::tests_f8b_typed_refusal::an_occupied_lane_refusal_reaches_the_recovery_consumer_typed","exec_time":6.522665333}
{"type":"test","event":"started","name":"liminal-server::liminal_server$server::participant::production::tests_log_v2::record_flush_failure_replays_only_a_complete_row"}
{"type":"test","event":"ok","name":"liminal-server::liminal_server$server::participant::production::tests_leave::authorized_leave_refuses_stage_six_capacity_before_commit","exec_time":2.884047}
{"type":"test","event":"started","name":"liminal-server::liminal_server$server::participant::production::tests_marker_ack::marker_ack_preserves_owner_variant_and_reconciles_dispatch_cursor"}
{"type":"test","event":"ok","name":"liminal-server::liminal_server$server::participant::production::tests_log_v2::leave_append_failure_publishes_no_response_or_tombstone","exec_time":1.936629666}
{"type":"test","event":"started","name":"liminal-server::liminal_server$server::participant::production::tests_marker_ack::marker_ack_requires_exact_offered_binding_testimony"}
{"type":"test","event":"ok","name":"liminal-server::liminal_server$server::participant::production::tests_log_v2::leave_flush_failure_replays_only_a_complete_tombstone","exec_time":1.9031461250000001}
{"type":"test","event":"started","name":"liminal-server::liminal_server$server::participant::production::tests_marker_ack::marker_covered_outbox_accounting_stays_bounded_until_real_discharge"}
{"type":"test","event":"ok","name":"liminal-server::liminal_server$server::participant::production::tests_leave::detached_leave_commits_prior_terminal_and_retries_after_cold_reopen","exec_time":2.911631875}
{"type":"test","event":"started","name":"liminal-server::liminal_server$server::participant::production::tests_marker_fate_repro::a_cold_replayed_marker_ack_must_leave_the_sealed_token_in_step"}
{"type":"test","event":"ok","name":"liminal-server::liminal_server$server::participant::production::tests_log_v2::mixed_v2_then_v1_page_is_rejected_before_returning_any_rows","exec_time":0.5695675}
{"type":"test","event":"started","name":"liminal-server::liminal_server$server::participant::production::tests_marker_fate_repro::a_marker_ack_must_not_wedge_the_cached_authority_for_the_next_ordinary_ack"}
{"type":"test","event":"ok","name":"liminal-server::liminal_server$server::participant::production::tests_history::every_transition_history_matches_live_state_after_cold_restore","exec_time":6.136754209}
{"type":"test","event":"started","name":"liminal-server::liminal_server$server::participant::production::tests_marker_fate_repro::a_redundant_marker_ack_at_the_cursor_must_answer_ack_noop"}
{"type":"test","event":"ok","name":"liminal-server::liminal_server$server::participant::production::tests_f8b_typed_refusal::partly_applied_connection_fate_reruns_its_committed_prefix_as_a_noop","exec_time":7.19523125}
{"type":"test","event":"started","name":"liminal-server::liminal_server$server::participant::production::tests_marker_fate_repro::an_ordinary_ack_after_a_marker_ack_must_still_commit"}
{"type":"test","event":"ok","name":"liminal-server::liminal_server$server::participant::production::tests_log_v2::mixed_stream_fails_startup_without_publishing_an_authority","exec_time":2.024681792}
{"type":"test","event":"started","name":"liminal-server::liminal_server$server::participant::production::tests_marker_fate_repro::an_ordinary_ack_crossing_a_marker_must_not_wedge_the_conversation"}
{"type":"test","event":"ok","name":"liminal-server::liminal_server$server::participant::production::tests_log_v2::record_append_failure_publishes_no_response_or_poststate","exec_time":1.7442836659999998}
{"type":"test","event":"started","name":"liminal-server::liminal_server$server::participant::production::tests_observer::capacity_check_counts_tracked_conversation_after_owner_discard"}
{"type":"test","event":"ok","name":"liminal-server::liminal_server$server::participant::production::tests_log_v2::record_flush_failure_replays_only_a_complete_row","exec_time":2.085235125}
{"type":"test","event":"started","name":"liminal-server::liminal_server$server::participant::production::tests_observer::enrolled_conversation_without_track_row_recovers_classification"}
{"type":"test","event":"ok","name":"liminal-server::liminal_server$server::participant::production::tests_observer::capacity_check_counts_tracked_conversation_after_owner_discard","exec_time":1.6927590000000001}
{"type":"test","event":"started","name":"liminal-server::liminal_server$server::participant::production::tests_observer_wake::coalescing::stale_arm_reaches_progressed_after_wake_coalesced"}
{"type":"test","event":"ok","name":"liminal-server::liminal_server$server::participant::production::tests_observer::enrolled_conversation_without_track_row_recovers_classification","exec_time":1.666329833}
{"type":"test","event":"started","name":"liminal-server::liminal_server$server::participant::production::tests_observer_wake::dead_or_missing_weak_observer_handle_drops_only_targeted_wake"}
{"type":"test","event":"ok","name":"liminal-server::liminal_server$server::participant::production::tests_observer_wake::coalescing::stale_arm_reaches_progressed_after_wake_coalesced","exec_time":3.482299625}
{"type":"test","event":"started","name":"liminal-server::liminal_server$server::participant::production::tests_outbox_barrier::published_obligation_tells_exact_live_dispatch_once"}
{"type":"test","event":"ok","name":"liminal-server::liminal_server$server::participant::production::tests_marker_ack::marker_covered_outbox_accounting_stays_bounded_until_real_discharge","exec_time":8.986046708}
{"type":"test","event":"started","name":"liminal-server::liminal_server$server::participant::production::tests_outbox_log::canonical_outbox_encoder_prints_checked_q4_measurements"}
{"type":"test","event":"ok","name":"liminal-server::liminal_server$server::participant::production::tests_outbox_log::canonical_outbox_encoder_prints_checked_q4_measurements","exec_time":0.02480875}
{"type":"test","event":"started","name":"liminal-server::liminal_server$server::participant::production::tests_outbox_log::extension_schema_version_refuses_before_projection"}
{"type":"test","event":"ok","name":"liminal-server::liminal_server$server::participant::production::tests_outbox_log::extension_schema_version_refuses_before_projection","exec_time":0.013694542}
{"type":"test","event":"started","name":"liminal-server::liminal_server$server::participant::production::tests_outbox_log::mixed_extension_stream_refuses_without_returning_rows"}
{"type":"test","event":"ok","name":"liminal-server::liminal_server$server::participant::production::tests_outbox_barrier::published_obligation_tells_exact_live_dispatch_once","exec_time":2.737906292}
{"type":"test","event":"started","name":"liminal-server::liminal_server$server::participant::production::tests_outbox_log::outbox_bound_domination_inequalities_hold_at_the_codec"}
{"type":"test","event":"ok","name":"liminal-server::liminal_server$server::participant::production::tests_outbox_log::outbox_bound_domination_inequalities_hold_at_the_codec","exec_time":0.020051333}
{"type":"test","event":"started","name":"liminal-server::liminal_server$server::participant::production::tests_outbox_log::schema_v1_codec_round_trips_every_row_and_record_kind"}
{"type":"test","event":"ok","name":"liminal-server::liminal_server$server::participant::production::tests_outbox_log::schema_v1_codec_round_trips_every_row_and_record_kind","exec_time":0.014760458}
{"type":"test","event":"started","name":"liminal-server::liminal_server$server::participant::production::tests_outbox_log::unit2_outbox_restore_batch_rows_has_the_signed_name_and_value"}
{"type":"test","event":"ok","name":"liminal-server::liminal_server$server::participant::production::tests_outbox_log::unit2_outbox_restore_batch_rows_has_the_signed_name_and_value","exec_time":0.014733042}
{"type":"test","event":"started","name":"liminal-server::liminal_server$server::participant::production::tests_outbox_owner::cumulative_ack_reclaims_only_the_recipient_prefix"}
{"type":"test","event":"ok","name":"liminal-server::liminal_server$server::participant::production::tests_outbox_owner::cumulative_ack_reclaims_only_the_recipient_prefix","exec_time":0.01595425}
{"type":"test","event":"started","name":"liminal-server::liminal_server$server::participant::production::tests_outbox_owner::leave_atomically_discharges_retired_obligations_and_replays"}
{"type":"test","event":"ok","name":"liminal-server::liminal_server$server::participant::production::tests_outbox_owner::leave_atomically_discharges_retired_obligations_and_replays","exec_time":0.015191667}
{"type":"test","event":"started","name":"liminal-server::liminal_server$server::participant::production::tests_outbox_owner::literal_v2_nonobligation_ack_restores_while_regression_refuses"}
{"type":"test","event":"ok","name":"liminal-server::liminal_server$server::participant::production::tests_outbox_log::mixed_extension_stream_refuses_without_returning_rows","exec_time":0.57861375}
{"type":"test","event":"started","name":"liminal-server::liminal_server$server::participant::production::tests_outbox_owner::live_recipient_obligation_bound_holds_without_mutation_and_owner_continues"}
{"type":"test","event":"ok","name":"liminal-server::liminal_server$server::participant::production::tests_outbox_owner::literal_v2_nonobligation_ack_restores_while_regression_refuses","exec_time":0.03751775}
{"type":"test","event":"started","name":"liminal-server::liminal_server$server::participant::production::tests_outbox_owner::live_recipient_obligation_bound_rejects_checked_product_overflow"}
{"type":"test","event":"ok","name":"liminal-server::liminal_server$server::participant::production::tests_outbox_owner::live_recipient_obligation_bound_holds_without_mutation_and_owner_continues","exec_time":0.027045333}
{"type":"test","event":"started","name":"liminal-server::liminal_server$server::participant::production::tests_outbox_owner::marker_cursor_provenance_reconciles_without_consuming_outbox_state"}
{"type":"test","event":"ok","name":"liminal-server::liminal_server$server::participant::production::tests_outbox_owner::live_recipient_obligation_bound_rejects_checked_product_overflow","exec_time":0.030402917}
{"type":"test","event":"started","name":"liminal-server::liminal_server$server::participant::production::tests_outbox_owner::participant_ack_only_advances_receipt_frontier"}
{"type":"test","event":"ok","name":"liminal-server::liminal_server$server::participant::production::tests_outbox_owner::marker_cursor_provenance_reconciles_without_consuming_outbox_state","exec_time":0.037139125}
{"type":"test","event":"started","name":"liminal-server::liminal_server$server::participant::production::tests_outbox_owner::participant_outbox_owner_is_move_only"}
{"type":"test","event":"ok","name":"liminal-server::liminal_server$server::participant::production::tests_outbox_owner::participant_ack_only_advances_receipt_frontier","exec_time":0.031384708}
{"type":"test","event":"started","name":"liminal-server::liminal_server$server::participant::production::tests_outbox_owner::uncertain_duplicate_source_batch_is_idempotent_only_by_exact_bytes"}
{"type":"test","event":"ok","name":"liminal-server::liminal_server$server::participant::production::tests_outbox_owner::participant_outbox_owner_is_move_only","exec_time":0.021823583}
{"type":"test","event":"started","name":"liminal-server::liminal_server$server::participant::production::tests_outbox_replay::impossible_extension_boundary_refuses_before_publication"}
{"type":"test","event":"ok","name":"liminal-server::liminal_server$server::participant::production::tests_outbox_owner::uncertain_duplicate_source_batch_is_idempotent_only_by_exact_bytes","exec_time":0.014452583}
{"type":"test","event":"started","name":"liminal-server::liminal_server$server::participant::production::tests_outbox_replay::malformed_unknown_and_mixed_extension_refuses_before_publication"}
{"type":"test","event":"ok","name":"liminal-server::liminal_server$server::participant::production::tests_marker_fate_repro::a_redundant_marker_ack_at_the_cursor_must_answer_ack_noop","exec_time":9.507657416}
{"type":"test","event":"started","name":"liminal-server::liminal_server$server::participant::production::tests_outbox_replay::postcommit_outbox_append_failure_repairs_before_publication"}
{"type":"test","event":"ok","name":"liminal-server::liminal_server$server::participant::production::tests_marker_fate_repro::a_cold_replayed_marker_ack_must_leave_the_sealed_token_in_step","exec_time":9.697732958}
{"type":"test","event":"started","name":"liminal-server::liminal_server$server::participant::production::tests_outbox_replay::postcommit_outbox_failure_is_repaired_not_rolled_back"}
{"type":"test","event":"ok","name":"liminal-server::liminal_server$server::participant::production::tests_marker_fate_repro::an_ordinary_ack_after_a_marker_ack_must_still_commit","exec_time":10.111460917}
{"type":"test","event":"started","name":"liminal-server::liminal_server$server::participant::production::tests_outbox_replay::uncertain_outbox_flush_accepts_exact_existing_without_duplicate"}
{"type":"test","event":"ok","name":"liminal-server::liminal_server$server::participant::production::tests_marker_fate_repro::a_marker_ack_must_not_wedge_the_cached_authority_for_the_next_ordinary_ack","exec_time":10.706412666}
{"type":"test","event":"started","name":"liminal-server::liminal_server$server::participant::production::tests_receipts::attach_deadline_provenance_replay_carries_result_generation"}
{"type":"test","event":"ok","name":"liminal-server::liminal_server$server::participant::production::tests_marker_fate_repro::an_ordinary_ack_crossing_a_marker_must_not_wedge_the_conversation","exec_time":9.443190292}
{"type":"test","event":"started","name":"liminal-server::liminal_server$server::participant::production::tests_receipts::live_receipt_replays_with_invalidated_old_secret"}
{"type":"test","event":"ok","name":"liminal-server::liminal_server$server::participant::production::tests_outbox_replay::postcommit_outbox_append_failure_repairs_before_publication","exec_time":1.05172425}
{"type":"test","event":"started","name":"liminal-server::liminal_server$server::participant::production::tests_receipts::superseded_receipt_keeps_provenance_then_degrades_to_stale_or_unknown"}
{"type":"test","event":"ok","name":"liminal-server::liminal_server$server::participant::production::tests_outbox_replay::malformed_unknown_and_mixed_extension_refuses_before_publication","exec_time":1.269974791}
{"type":"test","event":"started","name":"liminal-server::liminal_server$server::participant::production::tests_receipts_enrollment::attach_inside_enrollment_receipt_window_supersedes_the_receipt"}
{"type":"test","event":"ok","name":"liminal-server::liminal_server$server::participant::production::tests_outbox_replay::impossible_extension_boundary_refuses_before_publication","exec_time":1.300917084}
{"type":"test","event":"started","name":"liminal-server::liminal_server$server::participant::production::tests_receipts_enrollment::enrollment_token_replay_after_provenance_window_is_enrollment_known"}
{"type":"test","event":"ok","name":"liminal-server::liminal_server$server::participant::production::tests_outbox_replay::uncertain_outbox_flush_accepts_exact_existing_without_duplicate","exec_time":1.271405292}
{"type":"test","event":"started","name":"liminal-server::liminal_server$server::participant::production::tests_receipts_enrollment::enrollment_token_replay_inside_provenance_window_is_receipt_expired"}
{"type":"test","event":"ok","name":"liminal-server::liminal_server$server::participant::production::tests_receipts::live_receipt_replays_with_invalidated_old_secret","exec_time":2.355797042}
{"type":"test","event":"started","name":"liminal-server::liminal_server$server::participant::production::tests_receipts_enrollment::superseded_enrollment_token_maps_to_enrollment_known_after_provenance"}
{"type":"test","event":"ok","name":"liminal-server::liminal_server$server::participant::production::tests_receipts_enrollment::attach_inside_enrollment_receipt_window_supersedes_the_receipt","exec_time":2.222150667}
{"type":"test","event":"started","name":"liminal-server::liminal_server$server::participant::production::tests_record_admission::authorized_record_at_static_capacity_refuses_with_exact_token"}
{"type":"test","event":"ok","name":"liminal-server::liminal_server$server::participant::production::tests_receipts::attach_deadline_provenance_replay_carries_result_generation","exec_time":2.649298166}
{"type":"test","event":"started","name":"liminal-server::liminal_server$server::participant::production::tests_record_admission_dedup::different_participant_same_token_and_bytes_commits_anew_and_evicts_nothing"}
{"type":"test","event":"ok","name":"liminal-server::liminal_server$server::participant::production::tests_receipts::superseded_receipt_keeps_provenance_then_degrades_to_stale_or_unknown","exec_time":2.881227708}
{"type":"test","event":"started","name":"liminal-server::liminal_server$server::participant::production::tests_record_admission_dedup::distinct_tokens_identical_bodies_commit_twice"}
{"type":"test","event":"ok","name":"liminal-server::liminal_server$server::participant::production::tests_marker_ack::marker_ack_requires_exact_offered_binding_testimony","exec_time":14.117317708}
{"type":"test","event":"started","name":"liminal-server::liminal_server$server::participant::production::tests_record_admission_dedup::same_token_different_body_commits_new_record_and_never_answers_first"}
{"type":"test","event":"ok","name":"liminal-server::liminal_server$server::participant::production::tests_receipts_enrollment::enrollment_token_replay_after_provenance_window_is_enrollment_known","exec_time":3.100740083}
{"type":"test","event":"started","name":"liminal-server::liminal_server$server::participant::production::tests_record_admission_dedup::same_token_same_bytes_across_cold_replay_and_rotation_answers_first_commit"}
{"type":"test","event":"ok","name":"liminal-server::liminal_server$server::participant::production::tests_receipts_enrollment::enrollment_token_replay_inside_provenance_window_is_receipt_expired","exec_time":2.570455333}
{"type":"test","event":"started","name":"liminal-server::liminal_server$server::participant::production::tests_residue::refused_probes_of_fresh_conversations_leave_no_durable_or_registry_residue"}
{"type":"test","event":"ok","name":"liminal-server::liminal_server$server::participant::production::tests_residue::refused_probes_of_fresh_conversations_leave_no_durable_or_registry_residue","exec_time":0.302344708}
{"type":"test","event":"started","name":"liminal-server::liminal_server$server::participant::production::tests_restore_window::residence_frontier_census_sole_terminal_candidate_closure_clear"}
{"type":"test","event":"ok","name":"liminal-server::liminal_server$server::participant::production::tests_outbox_replay::postcommit_outbox_failure_is_repaired_not_rolled_back","exec_time":5.127530083}
{"type":"test","event":"started","name":"liminal-server::liminal_server$server::participant::production::tests_restore_window::second_pending_terminal_cannot_join_the_candidate_lane"}
{"type":"test","event":"ok","name":"liminal-server::liminal_server$server::participant::production::tests_record_admission::authorized_record_at_static_capacity_refuses_with_exact_token","exec_time":2.054843208}
{"type":"test","event":"started","name":"liminal-server::liminal_server$server::participant::production::tests_restore_window::terminal_drain_appends_leave_shaped_finalizer_transaction"}
{"type":"test","event":"ok","name":"liminal-server::liminal_server$server::participant::production::tests_record_admission_dedup::distinct_tokens_identical_bodies_commit_twice","exec_time":1.8735999589999999}
{"type":"test","event":"started","name":"liminal-server::liminal_server$server::participant::production::tests_restore_window::valid_publish_during_pending_finalization_residence_commits_after_drain"}
{"type":"test","event":"ok","name":"liminal-server::liminal_server$server::participant::production::tests_record_admission_dedup::different_participant_same_token_and_bytes_commits_anew_and_evicts_nothing","exec_time":2.212906542}
{"type":"test","event":"started","name":"liminal-server::liminal_server$server::participant::production::tests_restore_window_detached::detached_drain_appends_detach_shaped_finalizer_transaction"}
{"type":"test","event":"ok","name":"liminal-server::liminal_server$server::participant::production::tests_record_admission_dedup::same_token_different_body_commits_new_record_and_never_answers_first","exec_time":1.9053913329999999}
{"type":"test","event":"started","name":"liminal-server::liminal_server$server::participant::production::tests_restore_window_detached::detached_residence_census_sole_terminal_candidate_closure_clear"}
{"type":"test","event":"ok","name":"liminal-server::liminal_server$server::participant::production::tests_record_admission_dedup::same_token_same_bytes_across_cold_replay_and_rotation_answers_first_commit","exec_time":2.329952875}
{"type":"test","event":"started","name":"liminal-server::liminal_server$server::participant::production::tests_restore_window_detached::died_then_detached_candidates_drain_strictly_by_admission_order"}
{"type":"test","event":"ok","name":"liminal-server::liminal_server$server::participant::production::tests_marker_ack::marker_ack_preserves_owner_variant_and_reconciles_dispatch_cursor","exec_time":17.070678916}
{"type":"test","event":"started","name":"liminal-server::liminal_server$server::participant::production::tests_restore_window_detached::drained_detached_victim_resumes_with_exact_secret"}
{"type":"test","event":"ok","name":"liminal-server::liminal_server$server::participant::production::tests_restore_window::second_pending_terminal_cannot_join_the_candidate_lane","exec_time":2.156315541}
{"type":"test","event":"started","name":"liminal-server::liminal_server$server::participant::production::tests_restore_window_detached::valid_publish_during_pending_detached_residence_commits_after_drain"}
{"type":"test","event":"ok","name":"liminal-server::liminal_server$server::participant::production::tests_receipts_enrollment::superseded_enrollment_token_maps_to_enrollment_known_after_provenance","exec_time":3.896599625}
{"type":"test","event":"started","name":"liminal-server::liminal_server$server::participant::production::tests_unit2_layer1::every_v2_source_maps_exhaustively_in_sequence_order"}
{"type":"test","event":"ok","name":"liminal-server::liminal_server$server::participant::production::tests_restore_window::residence_frontier_census_sole_terminal_candidate_closure_clear","exec_time":2.822868959}
{"type":"test","event":"started","name":"liminal-server::liminal_server$server::participant::production::tests_unit2_layer1::recipient_snapshot::recipient_snapshot_is_postcommit_bound_and_resumable_detached_minus_sender"}
{"type":"test","event":"ok","name":"liminal-server::liminal_server$server::participant::production::tests_observer_wake::dead_or_missing_weak_observer_handle_drops_only_targeted_wake","exec_time":14.337800708}
{"type":"test","event":"started","name":"liminal-server::liminal_server$server::participant::production::tests_w1a::leave_projection_has_one_surviving_producer_and_duplicate_injection_refuses"}
{"type":"test","event":"ok","name":"liminal-server::liminal_server$server::participant::production::tests_restore_window_detached::detached_drain_appends_detach_shaped_finalizer_transaction","exec_time":2.799777791}
{"type":"test","event":"started","name":"liminal-server::liminal_server$server::participant::production::tests_w1a::live_leave_commit_projects_left_sequence_for_settled_and_pending_paths"}
{"type":"test","event":"ok","name":"liminal-server::liminal_server$server::participant::production::tests_restore_window::terminal_drain_appends_leave_shaped_finalizer_transaction","exec_time":3.269317334}
{"type":"test","event":"started","name":"liminal-server::liminal_server$server::participant::production::tests_w1a::observer_recovery_first_touch_repairs_missing_advance_before_classification"}
{"type":"test","event":"ok","name":"liminal-server::liminal_server$server::participant::production::tests_restore_window_detached::detached_residence_census_sole_terminal_candidate_closure_clear","exec_time":2.628904041}
{"type":"test","event":"started","name":"liminal-server::liminal_server$server::participant::production::tests_w1a::same_participant_ack_lineage_regression_refuses_before_observer_mutation"}
{"type":"test","event":"ok","name":"liminal-server::liminal_server$server::participant::production::tests_w1a::same_participant_ack_lineage_regression_refuses_before_observer_mutation","exec_time":0.217586958}
{"type":"test","event":"started","name":"liminal-server::liminal_server$server::participant::production::tests_w1a::two_participant_high_then_lower_ack_replay_preserves_observer_maximum"}
{"type":"test","event":"ok","name":"liminal-server::liminal_server$server::participant::production::tests_w1a::two_participant_high_then_lower_ack_replay_preserves_observer_maximum","exec_time":0.01318575}
{"type":"test","event":"started","name":"liminal-server::liminal_server$server::participant::production::tests_w1a::unsupported_ahead_or_nonwitness_observer_advance_refuses_loudly"}
{"type":"test","event":"ok","name":"liminal-server::liminal_server$server::participant::production::tests_w1a::leave_projection_has_one_surviving_producer_and_duplicate_injection_refuses","exec_time":1.1531315}
{"type":"test","event":"started","name":"liminal-server::liminal_server$server::participant::production::tests_w1a_leave_barrier::leave_source_flush_precedes_observer_advance_flush"}
{"type":"test","event":"ok","name":"liminal-server::liminal_server$server::participant::production::tests_w1a::unsupported_ahead_or_nonwitness_observer_advance_refuses_loudly","exec_time":0.186517792}
{"type":"test","event":"started","name":"liminal-server::liminal_server$server::participant::production::tests_w1b_census::standalone_pending_finalizer_has_no_production_entry_point"}
{"type":"test","event":"ok","name":"liminal-server::liminal_server$server::participant::production::tests_w1b_census::standalone_pending_finalizer_has_no_production_entry_point","exec_time":0.01549925}
{"type":"test","event":"started","name":"liminal-server::liminal_server$server::participant::production::tests_w1b_census::w1b_tear_rider_removes_tautological_four_counter_tuple"}
{"type":"test","event":"ok","name":"liminal-server::liminal_server$server::participant::production::tests_w1b_census::w1b_tear_rider_removes_tautological_four_counter_tuple","exec_time":0.01266325}
{"type":"test","event":"started","name":"liminal-server::liminal_server$server::participant::production::tests_w1b_connection_fate::clean_disconnect_appends_detached_source_before_transport_teardown"}
{"type":"test","event":"ok","name":"liminal-server::liminal_server$server::participant::production::tests_restore_window::valid_publish_during_pending_finalization_residence_commits_after_drain","exec_time":4.24637825}
{"type":"test","event":"started","name":"liminal-server::liminal_server$server::participant::production::tests_w1b_connection_fate::connection_lost_appends_died_source_before_transport_teardown"}
{"type":"test","event":"ok","name":"liminal-server::liminal_server$server::participant::production::tests_w1a::observer_recovery_first_touch_repairs_missing_advance_before_classification","exec_time":1.697493583}
{"type":"test","event":"started","name":"liminal-server::liminal_server$server::participant::production::tests_w1b_connection_fate::participant_service_fatal_blocks_obligation_dispatch"}
{"type":"test","event":"ok","name":"liminal-server::liminal_server$server::participant::production::tests_restore_window_detached::valid_publish_during_pending_detached_residence_commits_after_drain","exec_time":3.3806765}
{"type":"test","event":"started","name":"liminal-server::liminal_server$server::participant::production::tests_w1b_connection_fate::production_connection_fate_handler_completes_listed_conversation_without_matching_slot"}
{"type":"test","event":"ok","name":"liminal-server::liminal_server$server::participant::production::tests_w1b_connection_fate::participant_service_fatal_blocks_obligation_dispatch","exec_time":0.202286708}
{"type":"test","event":"started","name":"liminal-server::liminal_server$server::participant::production::tests_w1b_connection_fate::protocol_error_appends_died_source_only_for_bound_terminal_refusal"}
{"type":"test","event":"ok","name":"liminal-server::liminal_server$server::participant::production::tests_w1b_connection_fate::production_connection_fate_handler_completes_listed_conversation_without_matching_slot","exec_time":0.310107125}
{"type":"test","event":"started","name":"liminal-server::liminal_server$server::participant::production::tests_w1b_connection_fate::protocol_fate_classification_requires_current_bound_authority"}
{"type":"test","event":"ok","name":"liminal-server::liminal_server$server::participant::production::tests_w1b_connection_fate::clean_disconnect_appends_detached_source_before_transport_teardown","exec_time":1.649471792}
{"type":"test","event":"started","name":"liminal-server::liminal_server$server::participant::production::tests_w1b_connection_fate::server_force_close_appends_shutdown_detached_source_before_release"}
{"type":"test","event":"ok","name":"liminal-server::liminal_server$server::participant::production::tests_restore_window_detached::died_then_detached_candidates_drain_strictly_by_admission_order","exec_time":4.445083916}
{"type":"test","event":"started","name":"liminal-server::liminal_server$server::participant::production::tests_w1b_connection_fate::unclean_restart_appends_prior_incarnation_died_before_owner_publication"}
{"type":"test","event":"ok","name":"liminal-server::liminal_server$server::participant::production::tests_restore_window_detached::drained_detached_victim_resumes_with_exact_secret","exec_time":4.266400125}
{"type":"test","event":"started","name":"liminal-server::liminal_server$server::participant::production::tests_w1b_fate_completion::ordinary_completion_uses_protocol_floor_and_exact_production_caller"}
{"type":"test","event":"ok","name":"liminal-server::liminal_server$server::participant::production::tests_w1b_connection_fate::protocol_error_appends_died_source_only_for_bound_terminal_refusal","exec_time":1.685818958}
{"type":"test","event":"started","name":"liminal-server::liminal_server$server::participant::production::tests_w1b_fate_completion::ordinary_source_flush_precedes_observer_advance_and_cold_repair"}
{"type":"test","event":"ok","name":"liminal-server::liminal_server$server::participant::production::tests_w1b_connection_fate::connection_lost_appends_died_source_before_transport_teardown","exec_time":2.304591292}
{"type":"test","event":"started","name":"liminal-server::liminal_server$server::participant::production::tests_w1b_fate_completion::pending_detached_restart_restores_disconnect_or_shutdown_without_refinish"}
{"type":"test","event":"ok","name":"liminal-server::liminal_server$server::participant::production::tests_w1a_leave_barrier::leave_source_flush_precedes_observer_advance_flush","exec_time":3.352415791}
{"type":"test","event":"started","name":"liminal-server::liminal_server$server::participant::production::tests_w1b_fate_completion::recovered_completion_uses_protocol_floor_and_exact_production_caller"}
{"type":"test","event":"ok","name":"liminal-server::liminal_server$server::participant::production::tests_w1a::live_leave_commit_projects_left_sequence_for_settled_and_pending_paths","exec_time":3.916120292}
{"type":"test","event":"started","name":"liminal-server::liminal_server$server::participant::production::tests_w1b_fate_completion::recovered_source_flush_precedes_observer_advance_and_cold_repair"}
{"type":"test","event":"ok","name":"liminal-server::liminal_server$server::participant::production::tests_w1b_connection_fate::server_force_close_appends_shutdown_detached_source_before_release","exec_time":1.7256624999999999}
{"type":"test","event":"started","name":"liminal-server::liminal_server$server::participant::production::tests_w1b_fenced_codec::attached_v3_closed_modes_round_trip_complete_fenced_proof"}
{"type":"test","event":"ok","name":"liminal-server::liminal_server$server::participant::production::tests_w1b_connection_fate::protocol_fate_classification_requires_current_bound_authority","exec_time":1.80176575}
{"type":"test","event":"started","name":"liminal-server::liminal_server$server::participant::production::tests_w1b_fenced_codec::composed_terminal_decode_validates_kind_cause_order_source_and_presentation"}
{"type":"test","event":"ok","name":"liminal-server::liminal_server$server::participant::production::tests_w1b_fenced_codec::composed_terminal_decode_validates_kind_cause_order_source_and_presentation","exec_time":0.014488792}
{"type":"test","event":"started","name":"liminal-server::liminal_server$server::participant::production::tests_w1b_fenced_codec::fenced_attach_proof_refuses_every_redundant_field_mismatch"}
{"type":"test","event":"ok","name":"liminal-server::liminal_server$server::participant::production::tests_w1b_fenced_codec::fenced_attach_proof_refuses_every_redundant_field_mismatch","exec_time":0.017885542}
{"type":"test","event":"started","name":"liminal-server::liminal_server$server::participant::production::tests_w1b_fenced_codec::fenced_attach_proof_refuses_noncanonical_malformed_debt_and_successor_bytes"}
{"type":"test","event":"ok","name":"liminal-server::liminal_server$server::participant::production::tests_w1b_fenced_codec::fenced_attach_proof_refuses_noncanonical_malformed_debt_and_successor_bytes","exec_time":0.014158041}
{"type":"test","event":"started","name":"liminal-server::liminal_server$server::participant::production::tests_w1b_fenced_finalizer::pending_died_recovered_reservation_makes_fenced_attach_finalizer_non_presenting"}
{"type":"test","event":"ok","name":"liminal-server::liminal_server$server::participant::production::tests_w1b_connection_fate::unclean_restart_appends_prior_incarnation_died_before_owner_publication","exec_time":1.776311542}
{"type":"test","event":"started","name":"liminal-server::liminal_server$server::participant::production::tests_w1b_fenced_presenting::pending_terminal_composed_by_attach_presents_only_attached_source"}
{"type":"test","event":"ok","name":"liminal-server::liminal_server$server::participant::production::tests_w1b_fenced_codec::attached_v3_closed_modes_round_trip_complete_fenced_proof","exec_time":0.473234084}
{"type":"test","event":"started","name":"liminal-server::liminal_server$server::participant::production::tests_w1b_intent_recovery::connection_fate_intent_failure_on_middle_conversation_completes_every_tail_binding"}
{"type":"test","event":"ok","name":"liminal-server::liminal_server$server::participant::production::tests_w1b_fate_completion::ordinary_completion_uses_protocol_floor_and_exact_production_caller","exec_time":2.299780584}
{"type":"test","event":"started","name":"liminal-server::liminal_server$server::participant::production::tests_w1b_intent_recovery::post_open_middle_failure_latches_service_fatal_and_startup_completes_tail"}
{"type":"test","event":"ok","name":"liminal-server::liminal_server$server::participant::production::tests_w1b_fate_completion::pending_detached_restart_restores_disconnect_or_shutdown_without_refinish","exec_time":1.211674709}
{"type":"test","event":"started","name":"liminal-server::liminal_server$server::participant::production::tests_w1b_marker_source::marker_source_validation_refuses_typed_before_authority_construction"}
{"type":"test","event":"ok","name":"liminal-server::liminal_server$server::participant::production::tests_w1b_fate_completion::recovered_completion_uses_protocol_floor_and_exact_production_caller","exec_time":1.475839833}
{"type":"test","event":"started","name":"liminal-server::liminal_server$server::participant::production::tests_w1b_occurrence::died_then_recovered_same_epoch_presents_died_once"}
{"type":"test","event":"ok","name":"liminal-server::liminal_server$server::participant::production::tests_w1b_occurrence::died_then_recovered_same_epoch_presents_died_once","exec_time":0.01365675}
{"type":"test","event":"started","name":"liminal-server::liminal_server$server::participant::production::tests_w1b_occurrence::fate_occurrence_key_presents_each_new_arm_at_most_once"}
{"type":"test","event":"ok","name":"liminal-server::liminal_server$server::participant::production::tests_w1b_occurrence::fate_occurrence_key_presents_each_new_arm_at_most_once","exec_time":0.012328792}
{"type":"test","event":"started","name":"liminal-server::liminal_server$server::participant::production::tests_w1b_occurrence::recovered_after_pending_died_presents_measured_floor_once"}
{"type":"test","event":"ok","name":"liminal-server::liminal_server$server::participant::production::tests_w1b_occurrence::recovered_after_pending_died_presents_measured_floor_once","exec_time":0.015394708}
{"type":"test","event":"started","name":"liminal-server::liminal_server$server::participant::production::tests_w1b_occurrence::recovered_then_died_same_epoch_after_advance_flush_refuses_without_second_presentation"}
{"type":"test","event":"ok","name":"liminal-server::liminal_server$server::participant::production::tests_w1b_occurrence::recovered_then_died_same_epoch_after_advance_flush_refuses_without_second_presentation","exec_time":0.012289042}
{"type":"test","event":"started","name":"liminal-server::liminal_server$server::participant::production::tests_w1b_occurrence::recovered_then_died_same_epoch_refuses_before_observer_mutation"}
{"type":"test","event":"ok","name":"liminal-server::liminal_server$server::participant::production::tests_w1b_fate_completion::recovered_source_flush_precedes_observer_advance_and_cold_repair","exec_time":1.5036774579999999}
{"type":"test","event":"started","name":"liminal-server::liminal_server$server::participant::production::tests_w1b_oracle26::attach_commit_splits_operational_state_and_one_noncloneable_fate_token"}
{"type":"test","event":"ok","name":"liminal-server::liminal_server$server::participant::production::tests_w1b_occurrence::recovered_then_died_same_epoch_refuses_before_observer_mutation","exec_time":0.011750667}
{"type":"test","event":"started","name":"liminal-server::liminal_server$server::participant::production::tests_w1b_pending_detached_leave::leave_finalizer_resolves_pending_source_without_claiming_stored_cause"}
{"type":"test","event":"ok","name":"liminal-server::liminal_server$server::participant::production::tests_w1b_fenced_finalizer::pending_died_recovered_reservation_makes_fenced_attach_finalizer_non_presenting","exec_time":1.7841832499999999}
{"type":"test","event":"started","name":"liminal-server::liminal_server$server::participant::production::tests_w1b_pending_detached_leave::pending_detached_finalized_by_leave_presents_only_live_leave_commit"}
{"type":"test","event":"ok","name":"liminal-server::liminal_server$server::participant::production::tests_w1b_fate_completion::ordinary_source_flush_precedes_observer_advance_and_cold_repair","exec_time":2.222544875}
{"type":"test","event":"started","name":"liminal-server::liminal_server$server::participant::production::tests_w1b_pending_died_restart::pending_died_finalized_by_leave_presents_only_live_leave_commit"}
{"type":"test","event":"ok","name":"liminal-server::liminal_server$server::participant::production::tests_w1b_fenced_presenting::pending_terminal_composed_by_attach_presents_only_attached_source","exec_time":3.225970208}
{"type":"test","event":"started","name":"liminal-server::liminal_server$server::participant::production::tests_w1b_pending_died_restart::pending_died_restart_restores_cause_epoch_order_without_refinish"}
{"type":"test","event":"ok","name":"liminal-server::liminal_server$server::participant::production::tests_w1b_pending_detached_leave::leave_finalizer_resolves_pending_source_without_claiming_stored_cause","exec_time":2.506032667}
{"type":"test","event":"started","name":"liminal-server::liminal_server$server::participant::production::tests_w1b_pending_finalizer::pending_died_recovered_reservation_makes_leave_finalizer_non_presenting"}
{"type":"test","event":"ok","name":"liminal-server::liminal_server$server::participant::production::tests_w1b_marker_source::marker_source_validation_refuses_typed_before_authority_construction","exec_time":3.188953959}
{"type":"test","event":"started","name":"liminal-server::liminal_server$server::participant::production::tests_w1b_projection::fenced_attached_projects_exact_presenting_terminal_then_attached"}
{"type":"test","event":"ok","name":"liminal-server::liminal_server$server::participant::production::tests_w1b_projection::fenced_attached_projects_exact_presenting_terminal_then_attached","exec_time":0.012986875}
{"type":"test","event":"started","name":"liminal-server::liminal_server$server::participant::production::tests_w1b_projection::recovered_reservation_consumer_projects_attached_without_terminal_witness"}
{"type":"test","event":"ok","name":"liminal-server::liminal_server$server::participant::production::tests_w1b_projection::recovered_reservation_consumer_projects_attached_without_terminal_witness","exec_time":0.013222208}
{"type":"test","event":"started","name":"liminal-server::liminal_server$server::participant::production::tests_w1b_source_flush::detached_source_flush_precedes_observer_advance_and_cold_repair"}
{"type":"test","event":"ok","name":"liminal-server::liminal_server$server::participant::production::tests_w1b_pending_detached_leave::pending_detached_finalized_by_leave_presents_only_live_leave_commit","exec_time":2.495799875}
{"type":"test","event":"started","name":"liminal-server::liminal_server$server::participant::production::tests_w1b_source_flush::died_source_flush_precedes_observer_advance_and_cold_repair"}
{"type":"test","event":"ok","name":"liminal-server::liminal_server$server::participant::production::tests_w1b_pending_died_restart::pending_died_finalized_by_leave_presents_only_live_leave_commit","exec_time":2.513067458}
{"type":"test","event":"started","name":"liminal-server::liminal_server$server::participant::production::tests_w1b_source_flush::died_specific_fate_intent_completes_after_source_only_crash"}
{"type":"test","event":"ok","name":"liminal-server::liminal_server$server::participant::production::tests_unit2_layer1::every_v2_source_maps_exhaustively_in_sequence_order","exec_time":10.832234542}
{"type":"test","event":"started","name":"liminal-server::liminal_server$server::participant::production::tests_w1b_substrate::attached_v2_mapping_is_lossless_and_marker_rows_refuse_without_proof"}
{"type":"test","event":"ok","name":"liminal-server::liminal_server$server::participant::production::tests_w1b_substrate::attached_v2_mapping_is_lossless_and_marker_rows_refuse_without_proof","exec_time":0.012892}
{"type":"test","event":"started","name":"liminal-server::liminal_server$server::participant::production::tests_w1b_substrate::detached_stored_operation_round_trips_request_disconnect_and_shutdown"}
{"type":"test","event":"ok","name":"liminal-server::liminal_server$server::participant::production::tests_w1b_substrate::detached_stored_operation_round_trips_request_disconnect_and_shutdown","exec_time":0.012504416}
{"type":"test","event":"started","name":"liminal-server::liminal_server$server::participant::production::tests_w1b_substrate::died_stored_operation_round_trips_and_replays_committed_and_pending"}
{"type":"test","event":"ok","name":"liminal-server::liminal_server$server::participant::production::tests_w1b_substrate::died_stored_operation_round_trips_and_replays_committed_and_pending","exec_time":0.013930292}
{"type":"test","event":"started","name":"liminal-server::liminal_server$server::participant::production::tests_w1b_substrate::missing_unknown_malformed_and_mixed_operation_versions_refuse_before_publication"}
{"type":"test","event":"ok","name":"liminal-server::liminal_server$server::participant::production::tests_w1b_oracle26::attach_commit_splits_operational_state_and_one_noncloneable_fate_token","exec_time":4.154260416}
{"type":"test","event":"started","name":"liminal-server::liminal_server$server::participant::production::tests_w1b_substrate::old_v2_reader_refuses_v3_fate_row_with_typed_schema_version"}
{"type":"test","event":"ok","name":"liminal-server::liminal_server$server::participant::production::tests_w1b_pending_died_restart::pending_died_restart_restores_cause_epoch_order_without_refinish","exec_time":2.350709334}
{"type":"test","event":"started","name":"liminal-server::liminal_server$server::participant::production::tests_w1b_substrate::ordinary_stored_operation_round_trips_and_replays_measured_fate"}
{"type":"test","event":"ok","name":"liminal-server::liminal_server$server::participant::production::tests_w1b_substrate::ordinary_stored_operation_round_trips_and_replays_measured_fate","exec_time":0.012706208}
{"type":"test","event":"started","name":"liminal-server::liminal_server$server::participant::production::tests_w1b_substrate::recovered_stored_operation_round_trips_without_died_terminal"}
{"type":"test","event":"ok","name":"liminal-server::liminal_server$server::participant::production::tests_w1b_substrate::recovered_stored_operation_round_trips_without_died_terminal","exec_time":0.012674167}
{"type":"test","event":"started","name":"liminal-server::liminal_server$server::participant::production::tests_w1b_substrate::v2_after_v3_across_operation_page_boundary_refuses_before_apply"}
{"type":"test","event":"ok","name":"liminal-server::liminal_server$server::participant::production::tests_w1b_substrate::old_v2_reader_refuses_v3_fate_row_with_typed_schema_version","exec_time":0.399604583}
{"type":"test","event":"started","name":"liminal-server::liminal_server$server::participant::production::tests_w1b_substrate::v3_reader_accepts_v2_prefix_and_refuses_v2_after_v3"}
{"type":"test","event":"ok","name":"liminal-server::liminal_server$server::participant::production::tests_w1b_source_flush::detached_source_flush_precedes_observer_advance_and_cold_repair","exec_time":1.8969617090000002}
{"type":"test","event":"started","name":"liminal-server::liminal_server$server::participant::production::tests_w1b_umbrella::fate_live_and_cold_replay_produce_identical_witnesses_and_state"}
{"type":"test","event":"ok","name":"liminal-server::liminal_server$server::participant::production::tests_w1b_source_flush::died_source_flush_precedes_observer_advance_and_cold_repair","exec_time":2.054434291}
{"type":"test","event":"started","name":"liminal-server::liminal_server$server::participant::production::tests_w1b_validation_memory::validate_pass_memory_is_page_and_active_state_bounded"}
{"type":"test","event":"ok","name":"liminal-server::liminal_server$server::participant::production::tests_w1b_intent_recovery::connection_fate_intent_failure_on_middle_conversation_completes_every_tail_binding","exec_time":5.980472583}
{"type":"test","event":"started","name":"liminal-server::liminal_server$server::participant::production::tests_w1b_while_dead_replay::clean_leave_departed_mints_no_obligation"}
{"type":"test","event":"ok","name":"liminal-server::liminal_server$server::participant::production::tests_w1b_source_flush::died_specific_fate_intent_completes_after_source_only_crash","exec_time":2.067072292}
{"type":"test","event":"started","name":"liminal-server::liminal_server$server::participant::production::tests_w1b_while_dead_replay::while_dead_publish_reaches_resumed_replay"}
{"type":"test","event":"ok","name":"liminal-server::liminal_server$server::participant::production::tests_w1b_pending_finalizer::pending_died_recovered_reservation_makes_leave_finalizer_non_presenting","exec_time":2.566141542}
{"type":"test","event":"started","name":"liminal-server::liminal_server$server::participant::production::tests_w2_impacts::debt_zero_transition_releases_deferred_obligation"}
{"type":"test","event":"ok","name":"liminal-server::liminal_server$server::participant::production::tests_w1b_intent_recovery::post_open_middle_failure_latches_service_fatal_and_startup_completes_tail","exec_time":6.111376166}
{"type":"test","event":"started","name":"liminal-server::liminal_server$server::participant::production::tests_w2_impacts::dispatch_impact_covers_state_preserving_marker_and_w1b_changes"}
{"type":"test","event":"ok","name":"liminal-server::liminal_server$server::participant::production::tests_w1b_substrate::missing_unknown_malformed_and_mixed_operation_versions_refuse_before_publication","exec_time":1.711028292}
{"type":"test","event":"started","name":"liminal-server::liminal_server$server::participant::production::tests_w2_impacts::dispatch_impact_unions_multi_effect_targets"}
{"type":"test","event":"ok","name":"liminal-server::liminal_server$server::participant::production::tests_w1b_substrate::v3_reader_accepts_v2_prefix_and_refuses_v2_after_v3","exec_time":1.287342959}
{"type":"test","event":"started","name":"liminal-server::liminal_server$server::participant::production::tests_w2_impacts::registration_is_passive_and_committed_bind_tells_without_sweep"}
{"type":"test","event":"ok","name":"liminal-server::liminal_server$server::participant::production::tests_unit2_layer1::recipient_snapshot::recipient_snapshot_is_postcommit_bound_and_resumable_detached_minus_sender","exec_time":12.64642775}
{"type":"test","event":"started","name":"liminal-server::liminal_server$server::participant::production::tests_w2_impacts::semantic_noop_refusal_and_unchanged_commit_emit_no_dispatch_tell"}
{"type":"test","event":"ok","name":"liminal-server::liminal_server$server::participant::production::tests_w2_impacts::debt_zero_transition_releases_deferred_obligation","exec_time":1.386468583}
{"type":"test","event":"started","name":"liminal-server::liminal_server$server::participant::production::tests_w2_leg1_census::coupled_debt_owner_covers_every_w1b_fate_and_finalizer_route"}
{"type":"test","event":"ok","name":"liminal-server::liminal_server$server::participant::production::tests_w2_impacts::dispatch_impact_covers_state_preserving_marker_and_w1b_changes","exec_time":1.350058084}
{"type":"test","event":"started","name":"liminal-server::liminal_server$server::participant::production::tests_w2_leg1_census::debt_tell_between_drain_and_wait_is_seen_by_final_probe"}
{"type":"test","event":"ok","name":"liminal-server::liminal_server$server::participant::production::tests_w2_leg1_census::debt_tell_between_drain_and_wait_is_seen_by_final_probe","exec_time":0.013107833}
{"type":"test","event":"started","name":"liminal-server::liminal_server$server::participant::production::tests_w2_leg1_census::dispatch_source_has_no_timer_sweep_or_periodic_probe"}
{"type":"test","event":"ok","name":"liminal-server::liminal_server$server::participant::production::tests_w2_leg1_census::dispatch_source_has_no_timer_sweep_or_periodic_probe","exec_time":0.013765083}
{"type":"test","event":"started","name":"liminal-server::liminal_server$server::participant::production::tests_w2_leg1_census::marker_drain_retry_accumulates_all_prefix_effects"}
{"type":"test","event":"ok","name":"liminal-server::liminal_server$server::participant::production::tests_w2_impacts::dispatch_impact_unions_multi_effect_targets","exec_time":1.4518702079999999}
{"type":"test","event":"started","name":"liminal-server::liminal_server$server::participant::production::tests_w2_leg1_census::obligation_debt_dispatch_never_unlocks_between_debt_and_obligation_selection"}
{"type":"test","event":"ok","name":"liminal-server::liminal_server$server::participant::production::tests_w2_leg1_census::obligation_debt_dispatch_never_unlocks_between_debt_and_obligation_selection","exec_time":0.013633167}
{"type":"test","event":"started","name":"liminal-server::liminal_server$server::participant::production::tests_w2_leg1_census::obligation_debt_dispatch_preserves_pump_order_on_both_transports"}
{"type":"test","event":"ok","name":"liminal-server::liminal_server$server::participant::production::tests_w2_leg1_census::obligation_debt_dispatch_preserves_pump_order_on_both_transports","exec_time":0.011922542}
{"type":"test","event":"started","name":"liminal-server::liminal_server$server::participant::production::tests_w2_leg1_census::obligation_debt_dispatch_seams_before_delivery_after_under_one_owner"}
{"type":"test","event":"ok","name":"liminal-server::liminal_server$server::participant::production::tests_w2_leg1_census::obligation_debt_dispatch_seams_before_delivery_after_under_one_owner","exec_time":0.011966875}
{"type":"test","event":"started","name":"liminal-server::liminal_server$server::participant::production::tests_w2_leg1_census::temporary_fate_preserves_cursor_facts_and_rebinds_exact_epoch"}
{"type":"test","event":"ok","name":"liminal-server::liminal_server$server::participant::production::tests_w2_impacts::semantic_noop_refusal_and_unchanged_commit_emit_no_dispatch_tell","exec_time":1.074233792}
{"type":"test","event":"started","name":"liminal-server::liminal_server$server::participant::production::tests_w2_leg2_census::enrollment_clear_or_owed_and_no_obligation_are_total"}
{"type":"test","event":"ok","name":"liminal-server::liminal_server$server::participant::production::tests_w2_impacts::registration_is_passive_and_committed_bind_tells_without_sweep","exec_time":1.60096975}
{"type":"test","event":"started","name":"liminal-server::liminal_server$server::participant::production::tests_w2_leg2_census::nonzero_debt_ack_row_replays_obligation_aware_commit"}
{"type":"test","event":"ok","name":"liminal-server::liminal_server$server::participant::production::tests_w2_leg2_census::nonzero_debt_ack_row_replays_obligation_aware_commit","exec_time":1.9375443749999999}
{"type":"test","event":"started","name":"liminal-server::liminal_server$server::participant::production::tests_w2_leg3_crash_early::crash_after_debt_flush_before_tell_rebind_replays_ready_work"}
{"type":"test","event":"ok","name":"liminal-server::liminal_server$server::participant::production::tests_w1b_while_dead_replay::clean_leave_departed_mints_no_obligation","exec_time":4.817331417}
{"type":"test","event":"started","name":"liminal-server::liminal_server$server::participant::production::tests_w2_leg3_crash_early::crash_before_debt_flush_restores_prior_dispatch_state"}
{"type":"test","event":"ok","name":"liminal-server::liminal_server$server::participant::production::tests_w2_leg2_census::enrollment_clear_or_owed_and_no_obligation_are_total","exec_time":2.490740125}
{"type":"test","event":"started","name":"liminal-server::liminal_server$server::participant::production::tests_w2_leg3_crash_late::crash_after_enqueue_before_ack_reoffers_and_accepts_endpoint"}
{"type":"test","event":"ok","name":"liminal-server::liminal_server$server::participant::production::tests_w2_leg3_crash_early::crash_before_debt_flush_restores_prior_dispatch_state","exec_time":1.3721122079999999}
{"type":"test","event":"started","name":"liminal-server::liminal_server$server::participant::production::tests_w2_leg3_crash_late::crash_after_tell_before_enqueue_rebind_replays_same_obligation"}
{"type":"test","event":"ok","name":"liminal-server::liminal_server$server::participant::production::tests_w2_leg3_crash_early::crash_after_debt_flush_before_tell_rebind_replays_ready_work","exec_time":1.826521708}
{"type":"test","event":"started","name":"liminal-server::liminal_server$server::participant::production::tests_w2_leg3_crash_late::crash_between_nonzero_ack_barriers_reconciles_one_coupled_commit"}
{"type":"test","event":"ok","name":"liminal-server::liminal_server$server::participant::production::tests_w2_leg1_census::temporary_fate_preserves_cursor_facts_and_rebinds_exact_epoch","exec_time":4.8235315}
{"type":"test","event":"started","name":"liminal-server::liminal_server$server::participant::production::tests_w2_leg3_crash_late::w1b_fate_replay_precedes_bind_triggered_dispatch"}
{"type":"test","event":"ok","name":"liminal-server::liminal_server$server::participant::production::tests_w2_leg3_crash_late::crash_after_enqueue_before_ack_reoffers_and_accepts_endpoint","exec_time":2.221173166}
{"type":"test","event":"started","name":"liminal-server::liminal_server$server::participant::production::tests_w3_restore::later_page_decode_failure_takes_precedence_over_earlier_semantic_conflict"}
{"type":"test","event":"ok","name":"liminal-server::liminal_server$server::participant::production::tests_w2_leg3_crash_late::crash_after_tell_before_enqueue_rebind_replays_same_obligation","exec_time":1.777229625}
{"type":"test","event":"started","name":"liminal-server::liminal_server$server::participant::production::tests_w3_restore::midstream_outbox_decode_failure_preserves_typed_error_and_publishes_no_state"}
{"type":"test","event":"ok","name":"liminal-server::liminal_server$server::participant::production::tests_w2_leg3_crash_late::w1b_fate_replay_precedes_bind_triggered_dispatch","exec_time":2.064319084}
{"type":"test","event":"started","name":"liminal-server::liminal_server$server::participant::production::tests_w3_restore::missing_tail_repair_persists_before_later_base_failure_byte_identically"}
{"type":"test","event":"ok","name":"liminal-server::liminal_server$server::participant::production::tests_w1b_substrate::v2_after_v3_across_operation_page_boundary_refuses_before_apply","exec_time":10.103045167}
{"type":"test","event":"started","name":"liminal-server::liminal_server$server::participant::production::tests_w3_restore::observer_recovery_restores_absent_owner_page_wise_with_exact_errors"}
{"type":"test","event":"ok","name":"liminal-server::liminal_server$server::participant::production::tests_w1b_validation_memory::validate_pass_memory_is_page_and_active_state_bounded","exec_time":10.888890458}
{"type":"test","event":"started","name":"liminal-server::liminal_server$server::participant::production::tests_w3_restore::outbox_restore_peak_decoded_rows_never_exceeds_one_page"}
{"type":"test","event":"ok","name":"liminal-server::liminal_server$server::participant::production::tests_w3_restore::missing_tail_repair_persists_before_later_base_failure_byte_identically","exec_time":2.902526625}
{"type":"test","event":"started","name":"liminal-server::liminal_server$server::participant::production::tests_w3_restore::pass_two_cursor_failure_maps_through_extension_log_error_and_drops_staged_state"}
{"type":"test","event":"ok","name":"liminal-server::liminal_server$server::participant::production::tests_w2_leg3_crash_late::crash_between_nonzero_ack_barriers_reconciles_one_coupled_commit","exec_time":6.575597458}
{"type":"test","event":"started","name":"liminal-server::liminal_server$server::participant::production::tests_w3_restore::restore_retained_authority_counts_are_measured_and_ledgered"}
{"type":"test","event":"ok","name":"liminal-server::liminal_server$server::participant::production::tests_w3_restore::restore_retained_authority_counts_are_measured_and_ledgered","exec_time":0.012366542}
{"type":"test","event":"started","name":"liminal-server::liminal_server$server::participant::production::tests_w3_restore::same_base_head_group_straddling_page_cut_replays_without_repair"}
{"type":"test","event":"ok","name":"liminal-server::liminal_server$server::participant::production::tests_w3_restore::pass_two_cursor_failure_maps_through_extension_log_error_and_drops_staged_state","exec_time":1.13836325}
{"type":"test","event":"started","name":"liminal-server::liminal_server$server::participant::production::tests_w3_restore::short_nonempty_pages_with_remaining_rows_do_not_terminate_restore"}
{"type":"test","event":"ok","name":"liminal-server::liminal_server$server::participant::production::tests_w1b_while_dead_replay::while_dead_publish_reaches_resumed_replay","exec_time":16.527645792}
{"type":"test","event":"started","name":"liminal-server::liminal_server$server::participant::publication::tests::parked_connection_wakes_on_outbox_and_no_polling_occurs"}
{"type":"test","event":"ok","name":"liminal-server::liminal_server$server::participant::publication::tests::parked_connection_wakes_on_outbox_and_no_polling_occurs","exec_time":0.011365208}
{"type":"test","event":"started","name":"liminal-server::liminal_server$server::participant::transport_tests::authenticated_request_without_advertised_capability_is_rejected"}
{"type":"test","event":"ok","name":"liminal-server::liminal_server$server::participant::transport_tests::authenticated_request_without_advertised_capability_is_rejected","exec_time":0.017750042}
{"type":"test","event":"started","name":"liminal-server::liminal_server$server::participant::transport_tests::configured_wire_frame_limit_normalizes_to_generic_ceiling"}
{"type":"test","event":"ok","name":"liminal-server::liminal_server$server::participant::transport_tests::configured_wire_frame_limit_normalizes_to_generic_ceiling","exec_time":0.010332417}
{"type":"test","event":"started","name":"liminal-server::liminal_server$server::participant::transport_tests::crate_server_value_survives_generic_transport_round_trip"}
{"type":"test","event":"ok","name":"liminal-server::liminal_server$server::participant::transport_tests::crate_server_value_survives_generic_transport_round_trip","exec_time":0.010133084}
{"type":"test","event":"started","name":"liminal-server::liminal_server$server::participant::transport_tests::encode_server_push_is_byte_identical_to_direct_participant_encoding"}
{"type":"test","event":"ok","name":"liminal-server::liminal_server$server::participant::transport_tests::encode_server_push_is_byte_identical_to_direct_participant_encoding","exec_time":0.010919834}
{"type":"test","event":"started","name":"liminal-server::liminal_server$server::participant::transport_tests::incomplete_frame_within_limit_remains_in_incremental_decoder"}
{"type":"test","event":"ok","name":"liminal-server::liminal_server$server::participant::transport_tests::incomplete_frame_within_limit_remains_in_incremental_decoder","exec_time":0.011560292}
{"type":"test","event":"started","name":"liminal-server::liminal_server$server::participant::transport_tests::negotiated_limit_rejects_from_header_before_body_arrives"}
{"type":"test","event":"ok","name":"liminal-server::liminal_server$server::participant::transport_tests::negotiated_limit_rejects_from_header_before_body_arrives","exec_time":0.010938083}
{"type":"test","event":"started","name":"liminal-server::liminal_server$server::participant::transport_tests::negotiated_unknown_outer_frame_uses_shared_request_decoder"}
{"type":"test","event":"ok","name":"liminal-server::liminal_server$server::participant::transport_tests::negotiated_unknown_outer_frame_uses_shared_request_decoder","exec_time":0.012274584}
{"type":"test","event":"started","name":"liminal-server::liminal_server$server::participant::transport_tests::unauthenticated_participant_request_returns_shared_rejection"}
{"type":"test","event":"ok","name":"liminal-server::liminal_server$server::participant::transport_tests::unauthenticated_participant_request_returns_shared_rejection","exec_time":0.011374667}
{"type":"test","event":"started","name":"liminal-server::liminal_server$server::participant::transport_tests::unrelated_unknown_frame_remains_outside_participant_protocol"}
{"type":"test","event":"ok","name":"liminal-server::liminal_server$server::participant::transport_tests::unrelated_unknown_frame_remains_outside_participant_protocol","exec_time":0.011209}
{"type":"test","event":"started","name":"liminal-server::liminal_server$server::runtime::tests::failed_cluster_start_leaves_membership_unestablished"}
{"type":"test","event":"ok","name":"liminal-server::liminal_server$server::runtime::tests::failed_cluster_start_leaves_membership_unestablished","exec_time":0.149864708}
{"type":"test","event":"started","name":"liminal-server::liminal_server$server::shutdown::tests::drain_returns_immediately_when_no_connections_are_active"}
{"type":"test","event":"ok","name":"liminal-server::liminal_server$server::shutdown::tests::drain_returns_immediately_when_no_connections_are_active","exec_time":0.112442541}
{"type":"test","event":"started","name":"liminal-server::liminal_server$server::shutdown::tests::drain_source_has_no_reap_count_sleep_loop"}
{"type":"test","event":"ok","name":"liminal-server::liminal_server$server::shutdown::tests::drain_source_has_no_reap_count_sleep_loop","exec_time":0.012757375}
{"type":"test","event":"started","name":"liminal-server::liminal_server$server::shutdown::tests::shutdown_handle_initiates_once"}
{"type":"test","event":"ok","name":"liminal-server::liminal_server$server::shutdown::tests::shutdown_handle_initiates_once","exec_time":0.01170775}
{"type":"test","event":"started","name":"liminal-server::liminal_server$server::shutdown::tests::shutdown_handle_wait_unblocks_on_initiate"}
{"type":"test","event":"ok","name":"liminal-server::liminal_server$server::shutdown::tests::shutdown_handle_wait_unblocks_on_initiate","exec_time":0.0243555}
{"type":"suite","event":"started","test_count":6,"nextest":{"crate":"liminal-server","test_binary":"cluster_two_node","kind":"test"}}
{"type":"test","event":"started","name":"liminal-server::cluster_two_node$cluster_start_flips_node_readiness_to_established"}
{"type":"test","event":"ok","name":"liminal-server::cluster_two_node$cluster_start_flips_node_readiness_to_established","exec_time":0.143476625}
{"type":"test","event":"started","name":"liminal-server::cluster_two_node$dropping_a_node_purges_its_remote_members_and_survivors_still_deliver"}
{"type":"test","event":"ok","name":"liminal-server::cluster_two_node$dropping_a_node_purges_its_remote_members_and_survivors_still_deliver","exec_time":0.087229417}
{"type":"test","event":"started","name":"liminal-server::cluster_two_node$late_joiner_is_backfilled_with_existing_subscriptions"}
{"type":"test","event":"ok","name":"liminal-server::cluster_two_node$late_joiner_is_backfilled_with_existing_subscriptions","exec_time":0.045846666}
{"type":"test","event":"started","name":"liminal-server::cluster_two_node$publish_on_b_reaches_subscriber_on_a"}
{"type":"test","event":"ok","name":"liminal-server::cluster_two_node$publish_on_b_reaches_subscriber_on_a","exec_time":0.07608375}
{"type":"test","event":"started","name":"liminal-server::cluster_two_node$stable_membership_source_has_zero_consumer_wakes"}
{"type":"test","event":"ok","name":"liminal-server::liminal_server$server::participant::production::tests_w3_restore::later_page_decode_failure_takes_precedence_over_earlier_semantic_conflict","exec_time":10.532384916}
{"type":"test","event":"started","name":"liminal-server::cluster_two_node$subscription_on_a_is_visible_as_remote_member_on_b"}
{"type":"test","event":"ok","name":"liminal-server::cluster_two_node$subscription_on_a_is_visible_as_remote_member_on_b","exec_time":0.045408}
{"type":"suite","event":"started","test_count":1,"nextest":{"crate":"liminal-server","test_binary":"pipelined_close","kind":"test"}}
{"type":"test","event":"started","name":"liminal-server::pipelined_close$pipelined_ping_then_disconnect_still_gets_the_pong"}
{"type":"test","event":"ok","name":"liminal-server::pipelined_close$pipelined_ping_then_disconnect_still_gets_the_pong","exec_time":0.22237075}
{"type":"suite","event":"ok","passed":1,"failed":0,"ignored":0,"measured":0,"filtered_out":0,"exec_time":0.22237075,"nextest":{"crate":"liminal-server","test_binary":"pipelined_close","kind":"test"}}
{"type":"suite","event":"started","test_count":2,"nextest":{"crate":"liminal-server","test_binary":"push_flush_e2e","kind":"test"}}
{"type":"test","event":"started","name":"liminal-server::push_flush_e2e$close_reports_clean_acceptance_and_half_close"}
{"type":"test","event":"ok","name":"liminal-server::push_flush_e2e$close_reports_clean_acceptance_and_half_close","exec_time":0.249515167}
{"type":"test","event":"started","name":"liminal-server::push_flush_e2e$schema_rejection_surfaces_through_flush_with_raw_reason"}
{"type":"test","event":"ok","name":"liminal-server::push_flush_e2e$schema_rejection_surfaces_through_flush_with_raw_reason","exec_time":0.165261541}
{"type":"suite","event":"ok","passed":2,"failed":0,"ignored":0,"measured":0,"filtered_out":0,"exec_time":0.414776708,"nextest":{"crate":"liminal-server","test_binary":"push_flush_e2e","kind":"test"}}
{"type":"suite","event":"started","test_count":18,"nextest":{"crate":"liminal-server","test_binary":"sdk_tcp_e2e","kind":"test"}}
{"type":"test","event":"started","name":"liminal-server::sdk_tcp_e2e$sdk_tcp_client_publishes_over_real_socket"}
{"type":"test","event":"ok","name":"liminal-server::sdk_tcp_e2e$sdk_tcp_client_publishes_over_real_socket","exec_time":0.233293167}
{"type":"test","event":"started","name":"liminal-server::sdk_tcp_e2e$sdk_tcp_client_subscribes_over_real_socket"}
{"type":"test","event":"ok","name":"liminal-server::sdk_tcp_e2e$sdk_tcp_client_subscribes_over_real_socket","exec_time":0.162255375}
{"type":"test","event":"started","name":"liminal-server::sdk_tcp_e2e$sdk_tcp_connect_to_closed_port_fails"}
{"type":"test","event":"ok","name":"liminal-server::sdk_tcp_e2e$sdk_tcp_connect_to_closed_port_fails","exec_time":0.012314208}
{"type":"test","event":"started","name":"liminal-server::sdk_tcp_e2e$sdk_tcp_conversation_request_then_receive_correlates"}
{"type":"test","event":"ok","name":"liminal-server::liminal_server$server::participant::production::tests_w3_restore::midstream_outbox_decode_failure_preserves_typed_error_and_publishes_no_state","exec_time":11.098921833}
{"type":"test","event":"started","name":"liminal-server::sdk_tcp_e2e$sdk_tcp_conversation_send_then_publish_stays_in_sync"}
{"type":"test","event":"ok","name":"liminal-server::sdk_tcp_e2e$sdk_tcp_conversation_request_then_receive_correlates","exec_time":0.401732958}
{"type":"test","event":"started","name":"liminal-server::sdk_tcp_e2e$sdk_tcp_correct_token_connects_and_publishes"}
{"type":"test","event":"ok","name":"liminal-server::sdk_tcp_e2e$sdk_tcp_correct_token_connects_and_publishes","exec_time":0.12427325}
{"type":"test","event":"started","name":"liminal-server::sdk_tcp_e2e$sdk_tcp_missing_token_is_rejected"}
{"type":"test","event":"ok","name":"liminal-server::sdk_tcp_e2e$sdk_tcp_missing_token_is_rejected","exec_time":0.326067291}
{"type":"test","event":"started","name":"liminal-server::sdk_tcp_e2e$sdk_tcp_no_auth_section_behaves_as_before"}
{"type":"test","event":"ok","name":"liminal-server::sdk_tcp_e2e$sdk_tcp_no_auth_section_behaves_as_before","exec_time":0.153474208}
{"type":"test","event":"started","name":"liminal-server::sdk_tcp_e2e$sdk_tcp_publish_with_idempotency_key_reports_genuine_delivery_ack"}
{"type":"test","event":"ok","name":"liminal-server::sdk_tcp_e2e$sdk_tcp_conversation_send_then_publish_stays_in_sync","exec_time":0.907949708}
{"type":"test","event":"started","name":"liminal-server::sdk_tcp_e2e$sdk_tcp_publish_with_no_subscriber_reports_non_delivery"}
{"type":"test","event":"ok","name":"liminal-server::sdk_tcp_e2e$sdk_tcp_publish_with_idempotency_key_reports_genuine_delivery_ack","exec_time":0.600631833}
{"type":"test","event":"started","name":"liminal-server::sdk_tcp_e2e$sdk_tcp_real_schema_rejects_invalid_and_delivers_valid"}
{"type":"test","event":"ok","name":"liminal-server::sdk_tcp_e2e$sdk_tcp_publish_with_no_subscriber_reports_non_delivery","exec_time":0.562927417}
{"type":"test","event":"started","name":"liminal-server::sdk_tcp_e2e$sdk_tcp_request_reply_returns_correlated_response"}
{"type":"test","event":"ok","name":"liminal-server::cluster_two_node$stable_membership_source_has_zero_consumer_wakes","exec_time":3.047170125}
{"type":"suite","event":"ok","passed":6,"failed":0,"ignored":0,"measured":0,"filtered_out":0,"exec_time":3.445214583,"nextest":{"crate":"liminal-server","test_binary":"cluster_two_node","kind":"test"}}
{"type":"test","event":"started","name":"liminal-server::sdk_tcp_e2e$sdk_tcp_wrong_token_is_rejected"}
{"type":"test","event":"ok","name":"liminal-server::sdk_tcp_e2e$sdk_tcp_wrong_token_is_rejected","exec_time":0.142135917}
{"type":"test","event":"started","name":"liminal-server::sdk_tcp_e2e$server_push_does_not_regress_request_reply"}
{"type":"test","event":"ok","name":"liminal-server::sdk_tcp_e2e$sdk_tcp_request_reply_returns_correlated_response","exec_time":0.356565583}
{"type":"test","event":"started","name":"liminal-server::sdk_tcp_e2e$server_push_to_client_returns_correlated_reply"}
{"type":"test","event":"ok","name":"liminal-server::sdk_tcp_e2e$server_push_to_client_returns_correlated_reply","exec_time":0.142989667}
{"type":"test","event":"started","name":"liminal-server::sdk_tcp_e2e$worker_registration_rejected_returns_typed_error"}
{"type":"test","event":"ok","name":"liminal-server::sdk_tcp_e2e$server_push_does_not_regress_request_reply","exec_time":0.371829875}
{"type":"test","event":"started","name":"liminal-server::sdk_tcp_e2e$worker_registration_round_trips_and_deregisters_on_close"}
{"type":"test","event":"ok","name":"liminal-server::sdk_tcp_e2e$worker_registration_rejected_returns_typed_error","exec_time":0.162971333}
{"type":"test","event":"started","name":"liminal-server::sdk_tcp_e2e$worker_registration_without_notifier_is_accepted"}
{"type":"test","event":"ok","name":"liminal-server::sdk_tcp_e2e$worker_registration_round_trips_and_deregisters_on_close","exec_time":0.12732975}
{"type":"suite","event":"started","test_count":4,"nextest":{"crate":"liminal-server","test_binary":"sdk_ws_e2e","kind":"test"}}
{"type":"test","event":"started","name":"liminal-server::sdk_ws_e2e$sdk_auth_parity_over_real_acceptor"}
{"type":"test","event":"ok","name":"liminal-server::sdk_tcp_e2e$worker_registration_without_notifier_is_accepted","exec_time":0.126186208}
{"type":"test","event":"started","name":"liminal-server::sdk_ws_e2e$sdk_publish_parity_over_real_acceptor"}
{"type":"test","event":"ok","name":"liminal-server::sdk_tcp_e2e$sdk_tcp_real_schema_rejects_invalid_and_delivers_valid","exec_time":1.042006083}
{"type":"suite","event":"ok","passed":18,"failed":0,"ignored":0,"measured":0,"filtered_out":0,"exec_time":5.956933831,"nextest":{"crate":"liminal-server","test_binary":"sdk_tcp_e2e","kind":"test"}}
{"type":"test","event":"started","name":"liminal-server::sdk_ws_e2e$sdk_subscription_delivery_parity_over_real_acceptor"}
{"type":"test","event":"ok","name":"liminal-server::sdk_ws_e2e$sdk_publish_parity_over_real_acceptor","exec_time":0.165441375}
{"type":"test","event":"started","name":"liminal-server::sdk_ws_e2e$sdk_ws_wrong_path_is_typed_refusal"}
{"type":"test","event":"ok","name":"liminal-server::sdk_ws_e2e$sdk_ws_wrong_path_is_typed_refusal","exec_time":0.131287375}
{"type":"suite","event":"started","test_count":6,"nextest":{"crate":"liminal-server","test_binary":"server_conversation_supervisor","kind":"test"}}
{"type":"test","event":"started","name":"liminal-server::server_conversation_supervisor$conversation_message_drives_real_actor"}
{"type":"test","event":"ok","name":"liminal-server::server_conversation_supervisor$conversation_message_drives_real_actor","exec_time":0.1727055}
{"type":"test","event":"started","name":"liminal-server::server_conversation_supervisor$open_conversation_spawns_real_supervised_actor_with_participant"}
{"type":"test","event":"ok","name":"liminal-server::server_conversation_supervisor$open_conversation_spawns_real_supervised_actor_with_participant","exec_time":0.143759834}
{"type":"test","event":"started","name":"liminal-server::server_conversation_supervisor$participant_crash_is_detected_via_structural_linked_exit"}
{"type":"test","event":"ok","name":"liminal-server::sdk_ws_e2e$sdk_subscription_delivery_parity_over_real_acceptor","exec_time":0.562250708}
{"type":"test","event":"started","name":"liminal-server::server_conversation_supervisor$registered_responder_handles_its_subject_instead_of_echo"}
{"type":"test","event":"ok","name":"liminal-server::server_conversation_supervisor$participant_crash_is_detected_via_structural_linked_exit","exec_time":0.110437083}
{"type":"test","event":"started","name":"liminal-server::server_conversation_supervisor$request_reply_message_is_really_processed_by_the_participant"}
{"type":"test","event":"ok","name":"liminal-server::server_conversation_supervisor$registered_responder_handles_its_subject_instead_of_echo","exec_time":0.116721791}
{"type":"test","event":"started","name":"liminal-server::server_conversation_supervisor$unregistered_subject_still_echoes"}
{"type":"test","event":"ok","name":"liminal-server::server_conversation_supervisor$request_reply_message_is_really_processed_by_the_participant","exec_time":0.126901292}
{"type":"suite","event":"started","test_count":5,"nextest":{"crate":"liminal-server","test_binary":"subscription_e2e","kind":"test"}}
{"type":"test","event":"started","name":"liminal-server::subscription_e2e$inbox_overflow_sheds_the_offending_subscription_without_tearing_down_the_connection"}
{"type":"test","event":"ok","name":"liminal-server::server_conversation_supervisor$unregistered_subject_still_echoes","exec_time":0.107908625}
{"type":"suite","event":"ok","passed":6,"failed":0,"ignored":0,"measured":0,"filtered_out":0,"exec_time":0.778434125,"nextest":{"crate":"liminal-server","test_binary":"server_conversation_supervisor","kind":"test"}}
{"type":"test","event":"started","name":"liminal-server::subscription_e2e$large_payload_is_delivered_intact"}
{"type":"test","event":"ok","name":"liminal-server::subscription_e2e$large_payload_is_delivered_intact","exec_time":0.198243917}
{"type":"test","event":"started","name":"liminal-server::subscription_e2e$oversize_frame_survives_wouldblock_boundary_and_no_desync"}
{"type":"test","event":"ok","name":"liminal-server::subscription_e2e$oversize_frame_survives_wouldblock_boundary_and_no_desync","exec_time":0.15517825}
{"type":"test","event":"started","name":"liminal-server::subscription_e2e$slow_reader_does_not_wedge_other_connections"}
{"type":"test","event":"ok","name":"liminal-server::subscription_e2e$inbox_overflow_sheds_the_offending_subscription_without_tearing_down_the_connection","exec_time":0.410571875}
{"type":"test","event":"started","name":"liminal-server::subscription_e2e$subscription_publish_wakes_parked_connection_in_order"}
{"type":"test","event":"ok","name":"liminal-server::subscription_e2e$slow_reader_does_not_wedge_other_connections","exec_time":0.137411708}
{"type":"suite","event":"started","test_count":2,"nextest":{"crate":"liminal-server","test_binary":"teardown_delivery_e2e","kind":"test"}}
{"type":"test","event":"started","name":"liminal-server::teardown_delivery_e2e$pin_a1_shutdown_flushes_accepted_publishes_before_disconnect"}
{"type":"test","event":"ok","name":"liminal-server::subscription_e2e$subscription_publish_wakes_parked_connection_in_order","exec_time":0.137142583}
{"type":"suite","event":"ok","passed":5,"failed":0,"ignored":0,"measured":0,"filtered_out":0,"exec_time":1.038548333,"nextest":{"crate":"liminal-server","test_binary":"subscription_e2e","kind":"test"}}
{"type":"test","event":"started","name":"liminal-server::teardown_delivery_e2e$pin_a2_parked_subscriber_receives_burst_after_publisher_drop"}
{"type":"test","event":"ok","name":"liminal-server::teardown_delivery_e2e$pin_a2_parked_subscriber_receives_burst_after_publisher_drop","exec_time":1.396945625}
{"type":"suite","event":"started","test_count":1,"nextest":{"crate":"liminal-server","test_binary":"tracing_output_e2e","kind":"test"}}
{"type":"test","event":"started","name":"liminal-server::tracing_output_e2e$spawned_server_reports_startup_on_stderr"}
{"type":"test","event":"ok","name":"liminal-server::tracing_output_e2e$spawned_server_reports_startup_on_stderr","exec_time":2.4443275}
{"type":"suite","event":"ok","passed":1,"failed":0,"ignored":0,"measured":0,"filtered_out":0,"exec_time":2.4443275,"nextest":{"crate":"liminal-server","test_binary":"tracing_output_e2e","kind":"test"}}
{"type":"suite","event":"started","test_count":3,"nextest":{"crate":"liminal-server","test_binary":"trybuild_gate","kind":"test"}}
{"type":"test","event":"started","name":"liminal-server::trybuild_gate$fenced_attach_linearity_ui_contract"}
{"type":"test","event":"ok","name":"liminal-server::liminal_server$server::participant::production::tests_w2_leg1_census::marker_drain_retry_accumulates_all_prefix_effects","exec_time":25.168769167}
{"type":"test","event":"started","name":"liminal-server::trybuild_gate$leave_projection_removal_stays_a_compile_error"}
{"type":"test","event":"ok","name":"liminal-server::liminal_server$server::participant::production::tests_w3_restore::same_base_head_group_straddling_page_cut_replays_without_repair","exec_time":16.390326166}
{"type":"test","event":"started","name":"liminal-server::trybuild_gate$process_killed_has_no_production_participant_binding_emitter"}
{"type":"test","event":"ok","name":"liminal-server::liminal_server$server::participant::production::tests_w3_restore::outbox_restore_peak_decoded_rows_never_exceeds_one_page","exec_time":19.044016459}
{"type":"suite","event":"started","test_count":23,"nextest":{"crate":"liminal-server","test_binary":"ws_transport_e2e","kind":"test"}}
{"type":"test","event":"started","name":"liminal-server::ws_transport_e2e$ws_and_tcp_auth_refusals_are_byte_identical_and_both_close"}
{"type":"test","event":"ok","name":"liminal-server::ws_transport_e2e$ws_and_tcp_auth_refusals_are_byte_identical_and_both_close","exec_time":0.198079458}
{"type":"test","event":"started","name":"liminal-server::ws_transport_e2e$ws_and_tcp_connect_responses_are_byte_identical"}
{"type":"test","event":"ok","name":"liminal-server::ws_transport_e2e$ws_and_tcp_connect_responses_are_byte_identical","exec_time":0.089821041}
{"type":"test","event":"started","name":"liminal-server::ws_transport_e2e$ws_and_tcp_share_one_max_connections_bound"}
{"type":"test","event":"ok","name":"liminal-server::ws_transport_e2e$ws_and_tcp_share_one_max_connections_bound","exec_time":0.107751542}
{"type":"test","event":"started","name":"liminal-server::ws_transport_e2e$ws_client_close_removes_connection_resources"}
{"type":"test","event":"ok","name":"liminal-server::ws_transport_e2e$ws_client_close_removes_connection_resources","exec_time":0.093456792}
{"type":"test","event":"started","name":"liminal-server::ws_transport_e2e$ws_connection_serves_server_push_and_correlated_reply"}
{"type":"test","event":"ok","name":"liminal-server::ws_transport_e2e$ws_connection_serves_server_push_and_correlated_reply","exec_time":0.074187708}
{"type":"test","event":"started","name":"liminal-server::ws_transport_e2e$ws_dependency_adds_no_async_runtime_or_http_framework"}
{"type":"test","event":"ok","name":"liminal-server::ws_transport_e2e$ws_dependency_adds_no_async_runtime_or_http_framework","exec_time":0.01496225}
{"type":"test","event":"started","name":"liminal-server::ws_transport_e2e$ws_empty_binary_message_closes"}
{"type":"test","event":"ok","name":"liminal-server::ws_transport_e2e$ws_empty_binary_message_closes","exec_time":0.092085958}
{"type":"test","event":"started","name":"liminal-server::ws_transport_e2e$ws_fragmented_binary_is_reassembled_and_applied_once"}
{"type":"test","event":"ok","name":"liminal-server::ws_transport_e2e$ws_fragmented_binary_is_reassembled_and_applied_once","exec_time":0.076918667}
{"type":"test","event":"started","name":"liminal-server::ws_transport_e2e$ws_graceful_shutdown_notifies_subscribers_and_drains_both_transports"}
{"type":"test","event":"ok","name":"liminal-server::teardown_delivery_e2e$pin_a1_shutdown_flushes_accepted_publishes_before_disconnect","exec_time":8.208756708}
{"type":"suite","event":"ok","passed":2,"failed":0,"ignored":0,"measured":0,"filtered_out":0,"exec_time":9.605702333,"nextest":{"crate":"liminal-server","test_binary":"teardown_delivery_e2e","kind":"test"}}
{"type":"test","event":"started","name":"liminal-server::ws_transport_e2e$ws_keepalive_absent_means_no_pings"}
{"type":"test","event":"ok","name":"liminal-server::liminal_server$server::participant::production::tests_w3_restore::short_nonempty_pages_with_remaining_rows_do_not_terminate_restore","exec_time":18.152574375}
{"type":"test","event":"started","name":"liminal-server::ws_transport_e2e$ws_keepalive_sends_transport_pings_on_the_named_interval"}
{"type":"test","event":"ok","name":"liminal-server::sdk_ws_e2e$sdk_auth_parity_over_real_acceptor","exec_time":10.273412042}
{"type":"suite","event":"ok","passed":4,"failed":0,"ignored":0,"measured":0,"filtered_out":0,"exec_time":11.1323915,"nextest":{"crate":"liminal-server","test_binary":"sdk_ws_e2e","kind":"test"}}
{"type":"test","event":"started","name":"liminal-server::ws_transport_e2e$ws_liminal_ping_gets_liminal_pong_not_transport_pong"}
{"type":"test","event":"ok","name":"liminal-server::ws_transport_e2e$ws_keepalive_absent_means_no_pings","exec_time":0.495831333}
{"type":"test","event":"started","name":"liminal-server::ws_transport_e2e$ws_nine_byte_header_closes"}
{"type":"test","event":"ok","name":"liminal-server::ws_transport_e2e$ws_keepalive_sends_transport_pings_on_the_named_interval","exec_time":0.272264542}
{"type":"test","event":"started","name":"liminal-server::ws_transport_e2e$ws_offered_subprotocol_is_refused"}
{"type":"test","event":"ok","name":"liminal-server::ws_transport_e2e$ws_liminal_ping_gets_liminal_pong_not_transport_pong","exec_time":0.099067042}
{"type":"test","event":"started","name":"liminal-server::ws_transport_e2e$ws_ordinary_http_and_wrong_route_receive_fixed_refusals"}
{"type":"test","event":"ok","name":"liminal-server::ws_transport_e2e$ws_nine_byte_header_closes","exec_time":0.096996625}
{"type":"test","event":"started","name":"liminal-server::ws_transport_e2e$ws_origin_cases_enumerated"}
{"type":"test","event":"ok","name":"liminal-server::ws_transport_e2e$ws_offered_subprotocol_is_refused","exec_time":0.110718333}
{"type":"test","event":"started","name":"liminal-server::ws_transport_e2e$ws_oversize_declared_length_is_refused_before_allocation"}
{"type":"test","event":"ok","name":"liminal-server::ws_transport_e2e$ws_ordinary_http_and_wrong_route_receive_fixed_refusals","exec_time":0.103084459}
{"type":"test","event":"started","name":"liminal-server::ws_transport_e2e$ws_subscriber_receives_tcp_publish_as_one_binary_message"}
{"type":"test","event":"ok","name":"liminal-server::ws_transport_e2e$ws_oversize_declared_length_is_refused_before_allocation","exec_time":0.111375}
{"type":"test","event":"started","name":"liminal-server::ws_transport_e2e$ws_text_message_is_a_typed_protocol_failure_that_closes"}
{"type":"test","event":"ok","name":"liminal-server::ws_transport_e2e$ws_subscriber_receives_tcp_publish_as_one_binary_message","exec_time":0.115034292}
{"type":"test","event":"started","name":"liminal-server::ws_transport_e2e$ws_trailing_bytes_close"}
{"type":"test","event":"ok","name":"liminal-server::ws_transport_e2e$ws_origin_cases_enumerated","exec_time":0.211456208}
{"type":"test","event":"started","name":"liminal-server::ws_transport_e2e$ws_truncated_declared_body_closes"}
{"type":"test","event":"ok","name":"liminal-server::ws_transport_e2e$ws_text_message_is_a_typed_protocol_failure_that_closes","exec_time":0.104302917}
{"type":"test","event":"started","name":"liminal-server::ws_transport_e2e$ws_two_concatenated_frames_close"}
{"type":"test","event":"ok","name":"liminal-server::ws_transport_e2e$ws_trailing_bytes_close","exec_time":0.130751}
{"type":"test","event":"started","name":"liminal-server::ws_transport_e2e$ws_upgrade_declines_permessage_deflate_offer_without_negotiating"}
{"type":"test","event":"ok","name":"liminal-server::ws_transport_e2e$ws_truncated_declared_body_closes","exec_time":0.08355175}
{"type":"suite","event":"started","test_count":100,"nextest":{"crate":"liminal-ts-wasm","test_binary":"liminal_ts_wasm","kind":"lib"}}
{"type":"test","event":"started","name":"liminal-ts-wasm::liminal_ts_wasm$protocol::backpressure::tests::accept_decrements_outstanding_and_returns_to_normal"}
{"type":"test","event":"ok","name":"liminal-server::ws_transport_e2e$ws_two_concatenated_frames_close","exec_time":0.08635575}
{"type":"test","event":"started","name":"liminal-ts-wasm::liminal_ts_wasm$protocol::backpressure::tests::accept_preserves_rejecting_when_still_beyond_buffer"}
{"type":"test","event":"ok","name":"liminal-ts-wasm::liminal_ts_wasm$protocol::backpressure::tests::accept_decrements_outstanding_and_returns_to_normal","exec_time":0.043625583}
{"type":"test","event":"started","name":"liminal-ts-wasm::liminal_ts_wasm$protocol::backpressure::tests::accept_with_zero_outstanding_returns_protocol_error"}
{"type":"test","event":"ok","name":"liminal-ts-wasm::liminal_ts_wasm$protocol::backpressure::tests::accept_preserves_rejecting_when_still_beyond_buffer","exec_time":0.013924166}
{"type":"test","event":"started","name":"liminal-ts-wasm::liminal_ts_wasm$protocol::backpressure::tests::payload_structs_carry_referenced_message_ids_and_reasons"}
{"type":"test","event":"ok","name":"liminal-ts-wasm::liminal_ts_wasm$protocol::backpressure::tests::payload_structs_carry_referenced_message_ids_and_reasons","exec_time":0.010875833}
{"type":"test","event":"started","name":"liminal-ts-wasm::liminal_ts_wasm$protocol::backpressure::tests::pressure_state_has_exact_required_variants"}
{"type":"test","event":"ok","name":"liminal-ts-wasm::liminal_ts_wasm$protocol::backpressure::tests::accept_with_zero_outstanding_returns_protocol_error","exec_time":0.01455425}
{"type":"test","event":"started","name":"liminal-ts-wasm::liminal_ts_wasm$protocol::backpressure::tests::public_backpressure_types_implement_debug"}
{"type":"test","event":"ok","name":"liminal-server::ws_transport_e2e$ws_upgrade_declines_permessage_deflate_offer_without_negotiating","exec_time":0.074291167}
{"type":"test","event":"started","name":"liminal-ts-wasm::liminal_ts_wasm$protocol::backpressure::tests::stream_pressure_rejects_zero_capacity"}
{"type":"test","event":"ok","name":"liminal-ts-wasm::liminal_ts_wasm$protocol::backpressure::tests::pressure_state_has_exact_required_variants","exec_time":0.010172583}
{"type":"test","event":"started","name":"liminal-ts-wasm::liminal_ts_wasm$protocol::backpressure::tests::stream_pressure_transitions_to_deferred_at_max_in_flight"}
{"type":"test","event":"ok","name":"liminal-ts-wasm::liminal_ts_wasm$protocol::backpressure::tests::stream_pressure_rejects_zero_capacity","exec_time":0.008628292}
{"type":"test","event":"started","name":"liminal-ts-wasm::liminal_ts_wasm$protocol::backpressure::tests::stream_pressure_transitions_to_rejecting_beyond_buffer"}
{"type":"test","event":"ok","name":"liminal-ts-wasm::liminal_ts_wasm$protocol::backpressure::tests::public_backpressure_types_implement_debug","exec_time":0.009306834}
{"type":"test","event":"started","name":"liminal-ts-wasm::liminal_ts_wasm$protocol::backpressure::tests::subscribe_capacity_can_create_stream_pressure"}
{"type":"test","event":"ok","name":"liminal-ts-wasm::liminal_ts_wasm$protocol::backpressure::tests::stream_pressure_transitions_to_rejecting_beyond_buffer","exec_time":0.011259041}
{"type":"test","event":"ok","name":"liminal-ts-wasm::liminal_ts_wasm$protocol::backpressure::tests::stream_pressure_transitions_to_deferred_at_max_in_flight","exec_time":0.011445292}
{"type":"test","event":"started","name":"liminal-ts-wasm::liminal_ts_wasm$protocol::causal::tests::causal_context_serialization_round_trips"}
{"type":"test","event":"started","name":"liminal-ts-wasm::liminal_ts_wasm$protocol::causal::tests::causal_context_trait_bounds_are_available"}
{"type":"test","event":"ok","name":"liminal-ts-wasm::liminal_ts_wasm$protocol::backpressure::tests::subscribe_capacity_can_create_stream_pressure","exec_time":0.011705}
{"type":"test","event":"started","name":"liminal-ts-wasm::liminal_ts_wasm$protocol::causal::tests::constructors_create_expected_context_shapes"}
{"type":"test","event":"ok","name":"liminal-ts-wasm::liminal_ts_wasm$protocol::causal::tests::causal_context_serialization_round_trips","exec_time":0.017861959}
{"type":"test","event":"started","name":"liminal-ts-wasm::liminal_ts_wasm$protocol::causal::tests::extract_reads_causal_context_without_payload_parsing"}
{"type":"test","event":"ok","name":"liminal-ts-wasm::liminal_ts_wasm$protocol::causal::tests::causal_context_trait_bounds_are_available","exec_time":0.015599667}
{"type":"test","event":"started","name":"liminal-ts-wasm::liminal_ts_wasm$protocol::causal::tests::independent_context_serializes_as_absent_fields"}
{"type":"test","event":"ok","name":"liminal-ts-wasm::liminal_ts_wasm$protocol::causal::tests::constructors_create_expected_context_shapes","exec_time":0.010708875}
{"type":"test","event":"started","name":"liminal-ts-wasm::liminal_ts_wasm$protocol::codec::tests::causal_context_extracts_from_publish_frame_envelope_bytes"}
{"type":"test","event":"ok","name":"liminal-ts-wasm::liminal_ts_wasm$protocol::causal::tests::independent_context_serializes_as_absent_fields","exec_time":0.00930425}
{"type":"test","event":"ok","name":"liminal-ts-wasm::liminal_ts_wasm$protocol::causal::tests::extract_reads_causal_context_without_payload_parsing","exec_time":0.009618625}
{"type":"test","event":"started","name":"liminal-ts-wasm::liminal_ts_wasm$protocol::codec::tests::conversation_close_optional_reason_code_round_trips"}
{"type":"test","event":"started","name":"liminal-ts-wasm::liminal_ts_wasm$protocol::codec::tests::decode_handles_garbage_inputs_without_panicking"}
{"type":"test","event":"ok","name":"liminal-ts-wasm::liminal_ts_wasm$protocol::codec::tests::causal_context_extracts_from_publish_frame_envelope_bytes","exec_time":0.009618208}
{"type":"test","event":"started","name":"liminal-ts-wasm::liminal_ts_wasm$protocol::codec::tests::decode_rejects_invalid_stream_without_panicking"}
{"type":"test","event":"ok","name":"liminal-ts-wasm::liminal_ts_wasm$protocol::codec::tests::decode_handles_garbage_inputs_without_panicking","exec_time":0.009159792}
{"type":"test","event":"started","name":"liminal-ts-wasm::liminal_ts_wasm$protocol::codec::tests::decode_short_header_returns_incomplete_header"}
{"type":"test","event":"ok","name":"liminal-ts-wasm::liminal_ts_wasm$protocol::codec::tests::decode_rejects_invalid_stream_without_panicking","exec_time":0.009650916}
{"type":"test","event":"ok","name":"liminal-ts-wasm::liminal_ts_wasm$protocol::codec::tests::conversation_close_optional_reason_code_round_trips","exec_time":0.009222375}
{"type":"test","event":"started","name":"liminal-ts-wasm::liminal_ts_wasm$protocol::codec::tests::decode_unknown_frame_type_returns_unknown_and_consumes_payload"}
{"type":"test","event":"started","name":"liminal-ts-wasm::liminal_ts_wasm$protocol::codec::tests::decode_truncated_payload_returns_truncated_payload"}
{"type":"test","event":"ok","name":"liminal-ts-wasm::liminal_ts_wasm$protocol::codec::tests::decode_unknown_frame_type_returns_unknown_and_consumes_payload","exec_time":0.008621083}
{"type":"test","event":"started","name":"liminal-ts-wasm::liminal_ts_wasm$protocol::codec::tests::deliver_frame_round_trips_seq_and_envelope"}
{"type":"test","event":"ok","name":"liminal-ts-wasm::liminal_ts_wasm$protocol::codec::tests::decode_truncated_payload_returns_truncated_payload","exec_time":0.008872833}
{"type":"test","event":"started","name":"liminal-ts-wasm::liminal_ts_wasm$protocol::codec::tests::encode_writes_header_fields_in_wire_order"}
{"type":"test","event":"ok","name":"liminal-ts-wasm::liminal_ts_wasm$protocol::codec::tests::decode_short_header_returns_incomplete_header","exec_time":0.008861083}
{"type":"test","event":"started","name":"liminal-ts-wasm::liminal_ts_wasm$protocol::codec::tests::message_frames_preserve_envelope_payload_bytes"}
{"type":"test","event":"ok","name":"liminal-ts-wasm::liminal_ts_wasm$protocol::codec::tests::message_frames_preserve_envelope_payload_bytes","exec_time":0.009678292}
{"type":"test","event":"started","name":"liminal-ts-wasm::liminal_ts_wasm$protocol::codec::tests::no_payload_frames_round_trip_as_header_only"}
{"type":"test","event":"ok","name":"liminal-ts-wasm::liminal_ts_wasm$protocol::codec::tests::encode_writes_header_fields_in_wire_order","exec_time":0.009771209}
{"type":"test","event":"ok","name":"liminal-ts-wasm::liminal_ts_wasm$protocol::codec::tests::deliver_frame_round_trips_seq_and_envelope","exec_time":0.009881125}
{"type":"test","event":"started","name":"liminal-ts-wasm::liminal_ts_wasm$protocol::codec::tests::pressure_frames_preserve_referenced_message_ids_and_reasons"}
{"type":"test","event":"started","name":"liminal-ts-wasm::liminal_ts_wasm$protocol::codec::tests::publish_idempotency_key_is_additive_and_round_trips"}
{"type":"test","event":"ok","name":"liminal-ts-wasm::liminal_ts_wasm$protocol::codec::tests::no_payload_frames_round_trip_as_header_only","exec_time":0.00965675}
{"type":"test","event":"started","name":"liminal-ts-wasm::liminal_ts_wasm$protocol::codec::tests::round_trips_all_named_frame_types"}
{"type":"test","event":"ok","name":"liminal-ts-wasm::liminal_ts_wasm$protocol::codec::tests::pressure_frames_preserve_referenced_message_ids_and_reasons","exec_time":0.009671125}
{"type":"test","event":"started","name":"liminal-ts-wasm::liminal_ts_wasm$protocol::codec::tests::subscription_schema_fields_round_trip_and_remain_accessible"}
{"type":"test","event":"ok","name":"liminal-ts-wasm::liminal_ts_wasm$protocol::codec::tests::publish_idempotency_key_is_additive_and_round_trips","exec_time":0.009821875}
{"type":"test","event":"started","name":"liminal-ts-wasm::liminal_ts_wasm$protocol::codec::tests::worker_register::worker_register_ack_invalid_status_byte_is_rejected"}
{"type":"test","event":"ok","name":"liminal-ts-wasm::liminal_ts_wasm$protocol::codec::tests::worker_register::worker_register_ack_invalid_status_byte_is_rejected","exec_time":0.009036542}
{"type":"test","event":"ok","name":"liminal-ts-wasm::liminal_ts_wasm$protocol::codec::tests::subscription_schema_fields_round_trip_and_remain_accessible","exec_time":0.008858292}
{"type":"test","event":"started","name":"liminal-ts-wasm::liminal_ts_wasm$protocol::codec::tests::worker_register::worker_register_ack_outcome_round_trips"}
{"type":"test","event":"started","name":"liminal-ts-wasm::liminal_ts_wasm$protocol::codec::tests::worker_register::worker_register_discriminants_are_additive_and_unknown_preserved"}
{"type":"test","event":"ok","name":"liminal-ts-wasm::liminal_ts_wasm$protocol::codec::tests::round_trips_all_named_frame_types","exec_time":0.00938075}
{"type":"test","event":"started","name":"liminal-ts-wasm::liminal_ts_wasm$protocol::codec::tests::worker_register::worker_register_frames_round_trip"}
{"type":"test","event":"ok","name":"liminal-ts-wasm::liminal_ts_wasm$protocol::codec::tests::worker_register::worker_register_discriminants_are_additive_and_unknown_preserved","exec_time":0.009754125}
{"type":"test","event":"started","name":"liminal-ts-wasm::liminal_ts_wasm$protocol::codec::tests::worker_register::worker_register_node_presence_distinguishes_none_from_empty"}
{"type":"test","event":"ok","name":"liminal-ts-wasm::liminal_ts_wasm$protocol::codec::tests::worker_register::worker_register_ack_outcome_round_trips","exec_time":0.0098195}
{"type":"test","event":"started","name":"liminal-ts-wasm::liminal_ts_wasm$protocol::codec::tests::worker_register_nonempty_census_round_trips_exactly"}
{"type":"test","event":"ok","name":"liminal-ts-wasm::liminal_ts_wasm$protocol::codec::tests::worker_register::worker_register_frames_round_trip","exec_time":0.010492458}
{"type":"test","event":"started","name":"liminal-ts-wasm::liminal_ts_wasm$protocol::codec::tests::worker_register_old_shape_decodes_to_empty_census"}
{"type":"test","event":"ok","name":"liminal-ts-wasm::liminal_ts_wasm$protocol::codec::tests::worker_register::worker_register_node_presence_distinguishes_none_from_empty","exec_time":0.009910542}
{"type":"test","event":"started","name":"liminal-ts-wasm::liminal_ts_wasm$protocol::envelope::tests::causal_context_is_extractable_from_envelope_bytes"}
{"type":"test","event":"ok","name":"liminal-ts-wasm::liminal_ts_wasm$protocol::codec::tests::worker_register_nonempty_census_round_trips_exactly","exec_time":0.008732625}
{"type":"test","event":"started","name":"liminal-ts-wasm::liminal_ts_wasm$protocol::envelope::tests::constructor_sets_all_fields"}
{"type":"test","event":"ok","name":"liminal-ts-wasm::liminal_ts_wasm$protocol::codec::tests::worker_register_old_shape_decodes_to_empty_census","exec_time":0.010443458}
{"type":"test","event":"started","name":"liminal-ts-wasm::liminal_ts_wasm$protocol::envelope::tests::empty_payload_round_trips"}
{"type":"test","event":"ok","name":"liminal-ts-wasm::liminal_ts_wasm$protocol::envelope::tests::empty_payload_round_trips","exec_time":0.00917475}
{"type":"test","event":"started","name":"liminal-ts-wasm::liminal_ts_wasm$protocol::envelope::tests::encoded_layout_starts_with_schema_id_and_big_endian_lengths"}
{"type":"test","event":"ok","name":"liminal-ts-wasm::liminal_ts_wasm$protocol::envelope::tests::constructor_sets_all_fields","exec_time":0.009244583}
{"type":"test","event":"ok","name":"liminal-ts-wasm::liminal_ts_wasm$protocol::envelope::tests::causal_context_is_extractable_from_envelope_bytes","exec_time":0.009311083}
{"type":"test","event":"started","name":"liminal-ts-wasm::liminal_ts_wasm$protocol::envelope::tests::identical_fields_produce_identical_bytes"}
{"type":"test","event":"started","name":"liminal-ts-wasm::liminal_ts_wasm$protocol::envelope::tests::envelope_trait_bounds_are_available"}
{"type":"test","event":"ok","name":"liminal-ts-wasm::liminal_ts_wasm$protocol::envelope::tests::encoded_layout_starts_with_schema_id_and_big_endian_lengths","exec_time":0.009264125}
{"type":"test","event":"started","name":"liminal-ts-wasm::liminal_ts_wasm$protocol::envelope::tests::schema_id_wraps_exactly_thirty_two_bytes"}
{"type":"test","event":"ok","name":"liminal-ts-wasm::liminal_ts_wasm$protocol::envelope::tests::identical_fields_produce_identical_bytes","exec_time":0.00939575}
{"type":"test","event":"started","name":"liminal-ts-wasm::liminal_ts_wasm$protocol::envelope::tests::serialization_round_trips_losslessly"}
{"type":"test","event":"ok","name":"liminal-ts-wasm::liminal_ts_wasm$protocol::envelope::tests::envelope_trait_bounds_are_available","exec_time":0.009425292}
{"type":"test","event":"started","name":"liminal-ts-wasm::liminal_ts_wasm$protocol::frame::tests::constructors_validate_streams"}
{"type":"test","event":"ok","name":"liminal-ts-wasm::liminal_ts_wasm$protocol::envelope::tests::schema_id_wraps_exactly_thirty_two_bytes","exec_time":0.00949125}
{"type":"test","event":"started","name":"liminal-ts-wasm::liminal_ts_wasm$protocol::frame::tests::frame_type_discriminants_round_trip"}
{"type":"test","event":"ok","name":"liminal-ts-wasm::liminal_ts_wasm$protocol::envelope::tests::serialization_round_trips_losslessly","exec_time":0.009350167}
{"type":"test","event":"started","name":"liminal-ts-wasm::liminal_ts_wasm$protocol::handshake::tests::connect_ack_constructor_builds_stream_zero_frame"}
{"type":"test","event":"ok","name":"liminal-ts-wasm::liminal_ts_wasm$protocol::frame::tests::constructors_validate_streams","exec_time":0.009641709}
{"type":"test","event":"started","name":"liminal-ts-wasm::liminal_ts_wasm$protocol::handshake::tests::connect_ack_constructor_rejects_non_zero_stream"}
{"type":"test","event":"ok","name":"liminal-ts-wasm::liminal_ts_wasm$protocol::handshake::tests::connect_ack_constructor_rejects_non_zero_stream","exec_time":0.008937375}
{"type":"test","event":"ok","name":"liminal-ts-wasm::liminal_ts_wasm$protocol::frame::tests::frame_type_discriminants_round_trip","exec_time":0.009194458}
{"type":"test","event":"started","name":"liminal-ts-wasm::liminal_ts_wasm$protocol::handshake::tests::connect_constructor_builds_stream_zero_frame_with_opaque_token"}
{"type":"test","event":"started","name":"liminal-ts-wasm::liminal_ts_wasm$protocol::handshake::tests::connect_ack_frame_round_trips_through_codec"}
{"type":"test","event":"ok","name":"liminal-ts-wasm::liminal_ts_wasm$protocol::handshake::tests::connect_ack_constructor_builds_stream_zero_frame","exec_time":0.009170583}
{"type":"test","event":"started","name":"liminal-ts-wasm::liminal_ts_wasm$protocol::handshake::tests::connect_constructor_rejects_non_zero_stream"}
{"type":"test","event":"ok","name":"liminal-ts-wasm::liminal_ts_wasm$protocol::handshake::tests::connect_constructor_rejects_non_zero_stream","exec_time":0.009178792}
{"type":"test","event":"started","name":"liminal-ts-wasm::liminal_ts_wasm$protocol::handshake::tests::connect_error_constructor_rejects_non_zero_stream"}
{"type":"test","event":"ok","name":"liminal-ts-wasm::liminal_ts_wasm$protocol::handshake::tests::connect_ack_frame_round_trips_through_codec","exec_time":0.009553792}
{"type":"test","event":"started","name":"liminal-ts-wasm::liminal_ts_wasm$protocol::handshake::tests::connect_error_frame_uses_error_reason_code_and_message"}
{"type":"test","event":"ok","name":"liminal-ts-wasm::liminal_ts_wasm$protocol::handshake::tests::connect_constructor_builds_stream_zero_frame_with_opaque_token","exec_time":0.010158667}
{"type":"test","event":"started","name":"liminal-ts-wasm::liminal_ts_wasm$protocol::handshake::tests::connect_frame_round_trips_through_codec"}
{"type":"test","event":"ok","name":"liminal-ts-wasm::liminal_ts_wasm$protocol::handshake::tests::connect_frame_round_trips_through_codec","exec_time":0.008648666}
{"type":"test","event":"started","name":"liminal-ts-wasm::liminal_ts_wasm$protocol::lifecycle::tests::active_accepts_subscribe"}
{"type":"test","event":"ok","name":"liminal-ts-wasm::liminal_ts_wasm$protocol::handshake::tests::connect_error_constructor_rejects_non_zero_stream","exec_time":0.00862375}
{"type":"test","event":"ok","name":"liminal-ts-wasm::liminal_ts_wasm$protocol::handshake::tests::connect_error_frame_uses_error_reason_code_and_message","exec_time":0.008528792}
{"type":"test","event":"started","name":"liminal-ts-wasm::liminal_ts_wasm$protocol::lifecycle::tests::closed_accepts_nothing"}
{"type":"test","event":"started","name":"liminal-ts-wasm::liminal_ts_wasm$protocol::lifecycle::tests::connect_ack_transitions_authenticating_to_active"}
{"type":"test","event":"ok","name":"liminal-ts-wasm::liminal_ts_wasm$protocol::lifecycle::tests::active_accepts_subscribe","exec_time":0.009522125}
{"type":"test","event":"ok","name":"liminal-ts-wasm::liminal_ts_wasm$protocol::lifecycle::tests::closed_accepts_nothing","exec_time":0.009259583}
{"type":"test","event":"ok","name":"liminal-ts-wasm::liminal_ts_wasm$protocol::lifecycle::tests::connect_ack_transitions_authenticating_to_active","exec_time":0.009329083}
{"type":"test","event":"started","name":"liminal-ts-wasm::liminal_ts_wasm$protocol::lifecycle::tests::connect_transitions_to_authenticating"}
{"type":"test","event":"started","name":"liminal-ts-wasm::liminal_ts_wasm$protocol::lifecycle::tests::connecting_rejects_publish_with_state_and_frame_type"}
{"type":"test","event":"started","name":"liminal-ts-wasm::liminal_ts_wasm$protocol::lifecycle::tests::connecting_rejects_ping_with_state_and_frame_type"}
{"type":"test","event":"ok","name":"liminal-ts-wasm::liminal_ts_wasm$protocol::lifecycle::tests::connecting_rejects_publish_with_state_and_frame_type","exec_time":0.009221584}
{"type":"test","event":"started","name":"liminal-ts-wasm::liminal_ts_wasm$protocol::lifecycle::tests::disconnect_ack_in_closing_transitions_to_closed"}
{"type":"test","event":"ok","name":"liminal-ts-wasm::liminal_ts_wasm$protocol::lifecycle::tests::connect_transitions_to_authenticating","exec_time":0.009282416}
{"type":"test","event":"started","name":"liminal-ts-wasm::liminal_ts_wasm$protocol::lifecycle::tests::ping_generates_pong_response_on_stream_zero"}
{"type":"test","event":"ok","name":"liminal-ts-wasm::liminal_ts_wasm$protocol::lifecycle::tests::connecting_rejects_ping_with_state_and_frame_type","exec_time":0.009304708}
{"type":"test","event":"started","name":"liminal-ts-wasm::liminal_ts_wasm$protocol::lifecycle::tests::ping_in_connecting_returns_invalid_state_transition"}
{"type":"test","event":"ok","name":"liminal-ts-wasm::liminal_ts_wasm$protocol::lifecycle::tests::ping_generates_pong_response_on_stream_zero","exec_time":0.008205833}
{"type":"test","event":"ok","name":"liminal-ts-wasm::liminal_ts_wasm$protocol::lifecycle::tests::disconnect_ack_in_closing_transitions_to_closed","exec_time":0.008596917}
{"type":"test","event":"started","name":"liminal-ts-wasm::liminal_ts_wasm$protocol::lifecycle::tests::ping_on_stream_zero_in_active_is_valid"}
{"type":"test","event":"started","name":"liminal-ts-wasm::liminal_ts_wasm$protocol::lifecycle::tests::ping_on_stream_one_in_active_returns_invalid_stream"}
{"type":"test","event":"ok","name":"liminal-ts-wasm::liminal_ts_wasm$protocol::lifecycle::tests::ping_in_connecting_returns_invalid_state_transition","exec_time":0.008032417}
{"type":"test","event":"started","name":"liminal-ts-wasm::liminal_ts_wasm$protocol::lifecycle::tests::pong_frames_carry_no_payload_semantically"}
{"type":"test","event":"ok","name":"liminal-ts-wasm::liminal_ts_wasm$protocol::lifecycle::tests::pong_frames_carry_no_payload_semantically","exec_time":0.008912542}
{"type":"test","event":"ok","name":"liminal-ts-wasm::liminal_ts_wasm$protocol::lifecycle::tests::ping_on_stream_zero_in_active_is_valid","exec_time":0.009203375}
{"type":"test","event":"started","name":"liminal-ts-wasm::liminal_ts_wasm$protocol::multiplex::tests::client_allocator_errors_after_final_odd_stream_id"}
{"type":"test","event":"started","name":"liminal-ts-wasm::liminal_ts_wasm$protocol::multiplex::tests::allocator_never_recycles_ids"}
{"type":"test","event":"ok","name":"liminal-ts-wasm::liminal_ts_wasm$protocol::lifecycle::tests::ping_on_stream_one_in_active_returns_invalid_stream","exec_time":0.009287125}
{"type":"test","event":"started","name":"liminal-ts-wasm::liminal_ts_wasm$protocol::multiplex::tests::client_allocator_produces_odd_ids"}
{"type":"test","event":"ok","name":"liminal-ts-wasm::liminal_ts_wasm$protocol::multiplex::tests::client_allocator_errors_after_final_odd_stream_id","exec_time":0.0086475}
{"type":"test","event":"started","name":"liminal-ts-wasm::liminal_ts_wasm$protocol::multiplex::tests::duplicate_insert_returns_error_and_preserves_state"}
{"type":"test","event":"ok","name":"liminal-ts-wasm::liminal_ts_wasm$protocol::multiplex::tests::client_allocator_produces_odd_ids","exec_time":0.008853208}
{"type":"test","event":"started","name":"liminal-ts-wasm::liminal_ts_wasm$protocol::multiplex::tests::insert_adds_stream_and_counts_it"}
{"type":"test","event":"ok","name":"liminal-ts-wasm::liminal_ts_wasm$protocol::multiplex::tests::allocator_never_recycles_ids","exec_time":0.008854875}
{"type":"test","event":"started","name":"liminal-ts-wasm::liminal_ts_wasm$protocol::multiplex::tests::remove_deletes_stream_and_updates_count"}
{"type":"test","event":"ok","name":"liminal-ts-wasm::liminal_ts_wasm$protocol::multiplex::tests::remove_deletes_stream_and_updates_count","exec_time":0.008767875}
{"type":"test","event":"started","name":"liminal-ts-wasm::liminal_ts_wasm$protocol::multiplex::tests::server_allocator_errors_after_final_even_stream_id"}
{"type":"test","event":"ok","name":"liminal-ts-wasm::liminal_ts_wasm$protocol::multiplex::tests::duplicate_insert_returns_error_and_preserves_state","exec_time":0.009381917}
{"type":"test","event":"started","name":"liminal-ts-wasm::liminal_ts_wasm$protocol::multiplex::tests::server_allocator_produces_even_ids"}
{"type":"test","event":"ok","name":"liminal-ts-wasm::liminal_ts_wasm$protocol::multiplex::tests::insert_adds_stream_and_counts_it","exec_time":0.008899708}
{"type":"test","event":"started","name":"liminal-ts-wasm::liminal_ts_wasm$protocol::multiplex::tests::stream_id_trait_bounds_are_available"}
{"type":"test","event":"ok","name":"liminal-ts-wasm::liminal_ts_wasm$protocol::multiplex::tests::server_allocator_produces_even_ids","exec_time":0.010876209}
{"type":"test","event":"started","name":"liminal-ts-wasm::liminal_ts_wasm$protocol::multiplex::tests::stream_one_is_application_and_not_control"}
{"type":"test","event":"ok","name":"liminal-ts-wasm::liminal_ts_wasm$protocol::multiplex::tests::server_allocator_errors_after_final_even_stream_id","exec_time":0.011299458}
{"type":"test","event":"started","name":"liminal-ts-wasm::liminal_ts_wasm$protocol::multiplex::tests::stream_state_has_exact_required_variants"}
{"type":"test","event":"ok","name":"liminal-ts-wasm::liminal_ts_wasm$protocol::multiplex::tests::stream_one_is_application_and_not_control","exec_time":0.009452416}
{"type":"test","event":"started","name":"liminal-ts-wasm::liminal_ts_wasm$protocol::multiplex::tests::stream_zero_is_control_and_not_application"}
{"type":"test","event":"ok","name":"liminal-ts-wasm::liminal_ts_wasm$protocol::multiplex::tests::stream_id_trait_bounds_are_available","exec_time":0.009805125}
{"type":"test","event":"started","name":"liminal-ts-wasm::liminal_ts_wasm$protocol::multiplex::tests::transition_on_missing_stream_returns_protocol_error"}
{"type":"test","event":"ok","name":"liminal-ts-wasm::liminal_ts_wasm$protocol::multiplex::tests::stream_zero_is_control_and_not_application","exec_time":0.010390708}
{"type":"test","event":"ok","name":"liminal-ts-wasm::liminal_ts_wasm$protocol::multiplex::tests::stream_state_has_exact_required_variants","exec_time":0.01062225}
{"type":"test","event":"started","name":"liminal-ts-wasm::liminal_ts_wasm$protocol::schema::tests::negotiation_accepts_empty_list_as_opt_out"}
{"type":"test","event":"started","name":"liminal-ts-wasm::liminal_ts_wasm$protocol::multiplex::tests::transition_updates_existing_stream_state"}
{"type":"test","event":"ok","name":"liminal-ts-wasm::liminal_ts_wasm$protocol::multiplex::tests::transition_on_missing_stream_returns_protocol_error","exec_time":0.010485792}
{"type":"test","event":"started","name":"liminal-ts-wasm::liminal_ts_wasm$protocol::schema::tests::negotiation_reports_schema_incompatible_with_distinct_reason_code"}
{"type":"test","event":"ok","name":"liminal-ts-wasm::liminal_ts_wasm$protocol::schema::tests::negotiation_reports_schema_incompatible_with_distinct_reason_code","exec_time":0.00929125}
{"type":"test","event":"started","name":"liminal-ts-wasm::liminal_ts_wasm$protocol::schema::tests::negotiation_requires_exact_schema_id_equality"}
{"type":"test","event":"ok","name":"liminal-ts-wasm::liminal_ts_wasm$protocol::multiplex::tests::transition_updates_existing_stream_state","exec_time":0.010296958}
{"type":"test","event":"started","name":"liminal-ts-wasm::liminal_ts_wasm$protocol::schema::tests::negotiation_selects_channel_schema_when_accepted"}
{"type":"test","event":"ok","name":"liminal-ts-wasm::liminal_ts_wasm$protocol::schema::tests::negotiation_accepts_empty_list_as_opt_out","exec_time":0.010404125}
{"type":"test","event":"started","name":"liminal-ts-wasm::liminal_ts_wasm$protocol::schema::tests::schema_incompatible_error_builds_subscribe_error_frame"}
{"type":"test","event":"ok","name":"liminal-ts-wasm::liminal_ts_wasm$protocol::schema::tests::negotiation_requires_exact_schema_id_equality","exec_time":0.009297875}
{"type":"test","event":"started","name":"liminal-ts-wasm::liminal_ts_wasm$protocol::version::tests::deserialize_rejects_wrong_length"}
{"type":"test","event":"ok","name":"liminal-ts-wasm::liminal_ts_wasm$protocol::schema::tests::negotiation_selects_channel_schema_when_accepted","exec_time":0.009270666}
{"type":"test","event":"started","name":"liminal-ts-wasm::liminal_ts_wasm$protocol::version::tests::negotiation_reports_version_mismatch"}
{"type":"test","event":"ok","name":"liminal-ts-wasm::liminal_ts_wasm$protocol::schema::tests::schema_incompatible_error_builds_subscribe_error_frame","exec_time":0.009480291}
{"type":"test","event":"started","name":"liminal-ts-wasm::liminal_ts_wasm$protocol::version::tests::negotiation_selects_exact_single_version"}
{"type":"test","event":"ok","name":"liminal-ts-wasm::liminal_ts_wasm$protocol::version::tests::negotiation_reports_version_mismatch","exec_time":0.01007775}
{"type":"test","event":"ok","name":"liminal-ts-wasm::liminal_ts_wasm$protocol::version::tests::negotiation_selects_exact_single_version","exec_time":0.010088209}
{"type":"test","event":"started","name":"liminal-ts-wasm::liminal_ts_wasm$protocol::version::tests::version_round_trips_through_wire_bytes"}
{"type":"test","event":"started","name":"liminal-ts-wasm::liminal_ts_wasm$protocol::version::tests::negotiation_selects_highest_mutual_version"}
{"type":"test","event":"ok","name":"liminal-ts-wasm::liminal_ts_wasm$protocol::version::tests::deserialize_rejects_wrong_length","exec_time":0.01023425}
{"type":"test","event":"started","name":"liminal-ts-wasm::liminal_ts_wasm$protocol::version::tests::version_serializes_to_exactly_four_bytes"}
{"type":"test","event":"ok","name":"liminal-ts-wasm::liminal_ts_wasm$protocol::version::tests::negotiation_selects_highest_mutual_version","exec_time":0.009614917}
{"type":"test","event":"ok","name":"liminal-ts-wasm::liminal_ts_wasm$protocol::version::tests::version_round_trips_through_wire_bytes","exec_time":0.009751791}
{"type":"test","event":"started","name":"liminal-ts-wasm::liminal_ts_wasm$protocol::version::tests::versions_order_by_major_then_minor"}
{"type":"test","event":"started","name":"liminal-ts-wasm::liminal_ts_wasm$protocol::version::tests::version_trait_bounds_are_available"}
{"type":"test","event":"ok","name":"liminal-ts-wasm::liminal_ts_wasm$protocol::version::tests::version_serializes_to_exactly_four_bytes","exec_time":0.009822167}
{"type":"test","event":"started","name":"liminal-ts-wasm::liminal_ts_wasm$tests::receive_surfaces_deliver_type_and_exact_payload"}
{"type":"test","event":"ok","name":"liminal-ts-wasm::liminal_ts_wasm$protocol::version::tests::version_trait_bounds_are_available","exec_time":0.008259792}
{"type":"test","event":"started","name":"liminal-ts-wasm::liminal_ts_wasm$tests::receive_surfaces_publish_ack_message_id"}
{"type":"test","event":"ok","name":"liminal-ts-wasm::liminal_ts_wasm$protocol::version::tests::versions_order_by_major_then_minor","exec_time":0.008363458}
{"type":"test","event":"started","name":"liminal-ts-wasm::liminal_ts_wasm$tests::receive_surfaces_subscribe_ack_id"}
{"type":"test","event":"ok","name":"liminal-ts-wasm::liminal_ts_wasm$tests::receive_surfaces_deliver_type_and_exact_payload","exec_time":0.008644542}
{"type":"test","event":"started","name":"liminal-ts-wasm::liminal_ts_wasm$tests::send_encodes_canonical_publish_frame"}
{"type":"test","event":"ok","name":"liminal-ts-wasm::liminal_ts_wasm$tests::receive_surfaces_publish_ack_message_id","exec_time":0.00895825}
{"type":"test","event":"started","name":"liminal-ts-wasm::liminal_ts_wasm$tests::subscribe_encodes_canonical_frame"}
{"type":"test","event":"ok","name":"liminal-ts-wasm::liminal_ts_wasm$tests::subscribe_encodes_canonical_frame","exec_time":0.009711375}
{"type":"test","event":"ok","name":"liminal-ts-wasm::liminal_ts_wasm$tests::receive_surfaces_subscribe_ack_id","exec_time":0.009785458}
{"type":"test","event":"started","name":"liminal-ts-wasm::liminal_ts_wasm$tests::unsubscribe_encodes_server_subscription_id"}
{"type":"test","event":"ok","name":"liminal-ts-wasm::liminal_ts_wasm$tests::send_encodes_canonical_publish_frame","exec_time":0.00975725}
{"type":"test","event":"ok","name":"liminal-ts-wasm::liminal_ts_wasm$tests::unsubscribe_encodes_server_subscription_id","exec_time":0.008896167}
{"type":"suite","event":"ok","passed":100,"failed":0,"ignored":0,"measured":0,"filtered_out":0,"exec_time":1.008300082,"nextest":{"crate":"liminal-ts-wasm","test_binary":"liminal_ts_wasm","kind":"lib"}}
{"type":"test","event":"ok","name":"liminal-server::ws_transport_e2e$ws_graceful_shutdown_notifies_subscribers_and_drains_both_transports","exec_time":3.126918833}
{"type":"suite","event":"ok","passed":23,"failed":0,"ignored":0,"measured":0,"filtered_out":0,"exec_time":5.969262667,"nextest":{"crate":"liminal-server","test_binary":"ws_transport_e2e","kind":"test"}}
{"type":"test","event":"ok","name":"liminal-server::liminal_server$server::participant::production::tests_w3_restore::observer_recovery_restores_absent_owner_page_wise_with_exact_errors","exec_time":25.143280083}
{"type":"test","event":"ok","name":"liminal-server::liminal_server$server::participant::production::tests_w1b_umbrella::fate_live_and_cold_replay_produce_identical_witnesses_and_state","exec_time":35.657656291}
{"type":"test","event":"ok","name":"liminal-server::liminal_server$server::participant::production::tests_w2_leg1_census::coupled_debt_owner_covers_every_w1b_fate_and_finalizer_route","exec_time":34.746444}
{"type":"suite","event":"failed","passed":630,"failed":2,"ignored":0,"measured":0,"filtered_out":0,"exec_time":1049.34036024,"nextest":{"crate":"liminal-server","test_binary":"liminal_server","kind":"lib"}}
{"type":"test","event":"ok","name":"liminal-server::trybuild_gate$fenced_attach_linearity_ui_contract","exec_time":122.225049583}
{"type":"test","event":"ok","name":"liminal-server::trybuild_gate$process_killed_has_no_production_participant_binding_emitter","exec_time":171.035250125}
{"type":"test","event":"ok","name":"liminal-server::trybuild_gate$leave_projection_removal_stays_a_compile_error","exec_time":174.312635542}
{"type":"suite","event":"ok","passed":3,"failed":0,"ignored":0,"measured":0,"filtered_out":0,"exec_time":467.57293525,"nextest":{"crate":"liminal-server","test_binary":"trybuild_gate","kind":"test"}}
