warning: unused import: `vec::Vec`
  --> crates/liminal-protocol/src/lifecycle/operations/live_frontier_reconcile_tests.rs:21:18
   |
21 | use alloc::{vec, vec::Vec};
   |                  ^^^^^^^^
   |
   = note: `#[warn(unused_imports)]` (part of `#[warn(unused)]`) on by default

────────────
 Nextest run ID 9f815a06-b875-4e50-a020-dc4c789366b2 with nextest profile: default
    Starting 1841 tests across 38 binaries
        PASS [   0.019s] (   1/1841) liminal-protocol algebra::capacity_tests::recovery_charge_moves_from_k_to_baseline_once
        PASS [   0.019s] (   2/1841) liminal-protocol algebra::capacity_tests::exact_q_supersession_reaches_the_mandatory_bound
        PASS [   0.018s] (   3/1841) liminal-protocol algebra::capacity_tests::widened_overflow_is_a_capacity_failure_not_a_wrapped_success
        PASS [   0.018s] (   4/1841) liminal-protocol algebra::capacity_tests::required_capacity_uses_entry_before_byte_precedence
        PASS [   0.019s] (   5/1841) liminal-protocol algebra::capacity_tests::byte_budget_walk_preserves_the_printed_totals
        PASS [   0.019s] (   6/1841) liminal-protocol algebra::capacity_tests::retained_baseline_feeds_mandatory_capacity_without_narrowing
        PASS [   0.019s] (   7/1841) liminal-protocol algebra::capacity_tests::startup_equality_enrollment_borrows_its_actual_charge
        PASS [   0.019s] (   8/1841) liminal-protocol algebra::capacity_tests::baseline_rejects_more_credits_than_identities
        PASS [   0.018s] (   9/1841) liminal-protocol algebra::capacity_tests::marker_credit_keeps_the_baseline_constant
        PASS [   0.030s] (  10/1841) liminal-protocol algebra::capacity_tests::baseline_and_zero_debt_admission_match_case_21
        PASS [   0.018s] (  11/1841) liminal-protocol algebra::floor_tests::one_past_maximum_is_representable
        PASS [   0.018s] (  12/1841) liminal-protocol algebra::floor_tests::multiple_claims_match_the_document_floor_walk
        PASS [   0.019s] (  13/1841) liminal-protocol algebra::floor_tests::a_marker_at_the_retained_floor_pins_it_where_it_stands
        PASS [   0.019s] (  14/1841) liminal-protocol algebra::floor_tests::an_admissible_floor_is_bounded_by_the_current_high_watermark
        PASS [   0.020s] (  15/1841) liminal-protocol algebra::floor_tests::an_empty_marker_set_passes_the_computed_floor_through_unchanged
        PASS [   0.020s] (  16/1841) liminal-protocol algebra::floor_tests::the_clamp_target_is_the_marker_itself_and_not_one_below_it
        PASS [   0.022s] (  17/1841) liminal-protocol algebra::floor_tests::a_late_cursor_zero_member_never_lowers_the_floor
        PASS [   0.025s] (  18/1841) liminal-protocol algebra::floor_tests::a_measurement_the_frontier_moved_past_is_subsumed
        PASS [   0.026s] (  19/1841) liminal-protocol algebra::floor_tests::final_leave_substitutes_candidate_watermark_for_empty_membership
        PASS [   0.023s] (  20/1841) liminal-protocol algebra::floor_tests::the_marker_clamp_lowers_where_cap_floor_raises
        PASS [   0.021s] (  21/1841) liminal-protocol algebra::floor_tests::the_remint_never_raises_the_measured_floor
        PASS [   0.020s] (  22/1841) liminal-protocol client::d1_flip_tests::item_1_exact_record_token_applies_and_clears_expected
        PASS [   0.020s] (  23/1841) liminal-protocol client::d1_flip_tests::item_2_different_record_token_is_ambiguous_and_retains_authority
        PASS [   0.017s] (  24/1841) liminal-protocol client::d1_flip_tests::item_5_named_r1_record_fixtures_fail_staged_canonical_decode
        PASS [   0.019s] (  25/1841) liminal-protocol client::d1_flip_tests::item_4_all_eleven_record_outcomes_codec_round_trip_exact_token
        PASS [   0.023s] (  26/1841) liminal-protocol client::d1_flip_tests::item_3_unsealed_record_answer_requires_response_authority
        PASS [   0.019s] (  27/1841) liminal-protocol client::d1_flip_tests::item_7_restored_observer_abandonment_only_blocks_fresh_observer
        PASS [   0.023s] (  28/1841) liminal-protocol client::d1_flip_tests::item_7_two_cycle_record_resume_keeps_expected_and_lost_testimony
        PASS [   0.015s] (  29/1841) liminal-protocol client::gen_skip_supersession_tests::coupled_active_replay_still_encodes_and_restores
        PASS [   0.017s] (  30/1841) liminal-protocol client::gen_skip_supersession_tests::decoupled_aggregate_refuses_to_encode_in_both_directions
        PASS [   0.017s] (  31/1841) liminal-protocol client::r2_tests::detach_loss_resolves_to_parked_and_reissues_exactly_once
        PASS [   0.018s] (  32/1841) liminal-protocol client::r2_tests::pending_abandonment_gates_tokenless_admission_only
        PASS [   0.015s] (  33/1841) liminal-protocol client::r2_tests::pending_operation_testimony_gates_every_correlation_path
        PASS [   0.019s] (  34/1841) liminal-protocol client::gen_skip_supersession_tests::generation_skipping_attach_supersedes_active_replay
        PASS [   0.019s] (  35/1841) liminal-protocol client::gen_skip_supersession_tests::inbound_skip_attach_supersedes_and_the_new_detach_records
        PASS [   0.017s] (  36/1841) liminal-protocol client::r2_tests::pending_reconnect_testimony_gates_redemption_and_attempt_fate
        PASS [   0.019s] (  37/1841) liminal-protocol client::r2_tests::restore_refuses_abandonment_beside_tokenless_expected
        PASS [   0.021s] (  38/1841) liminal-protocol client::r2_tests::restore_refuses_testimony_and_abandonment_coupling_mismatches
        PASS [   0.020s] (  39/1841) liminal-protocol client::r2_tests::tokenless_abandonment_survives_encode_without_take
        PASS [   0.022s] (  40/1841) liminal-protocol client::r2_tests::restored_issued_operation_rejects_prior_process_correlation
        PASS [   0.061s] (  41/1841) liminal-protocol client::authority_property_tests::exhaustive_small_scope_send_authority_conservation
        PASS [   0.021s] (  42/1841) liminal-protocol client::r2_tests::same_envelope_re_record_refuses_every_inactive_status_and_admits_parked
        PASS [   0.022s] (  43/1841) liminal-protocol client::r2_tests::testimony_round_trips_distinctly_for_every_kind
        PASS [   0.012s] (  44/1841) liminal-protocol client::resume_tests::already_dead_refuses_inbound_without_losing_value
        PASS [   0.023s] (  45/1841) liminal-protocol client::r2_tests::restored_issued_permit_rejects_prior_process_permit
        PASS [   0.022s] (  46/1841) liminal-protocol client::r2_tests::same_envelope_re_record_over_terminal_replay_refuses
        PASS [   0.019s] (  47/1841) liminal-protocol client::r2_tests::unissued_tokenless_abandonment_take_releases_nothing
        PASS [   0.022s] (  48/1841) liminal-protocol client::resume_tests::resume_round_trips_all_reconnect_machine_states
        PASS [   0.031s] (  49/1841) liminal-protocol client::resume_tests::codec_reports_envelope_errors_and_restore_invariants
        PASS [   0.021s] (  50/1841) liminal-protocol client::resume_tests::resume_round_trips_every_replay_status_and_terminal_payload
        PASS [   0.021s] (  51/1841) liminal-protocol client::resume_tests::resume_round_trips_every_expected_operation_and_continuous_ack
        PASS [   0.027s] (  52/1841) liminal-protocol client::resume_tests::resume_round_trips_every_binding_and_expected_operation
        PASS [   0.028s] (  53/1841) liminal-protocol client::review_tests::b1_resume_preserves_issued_permit_testimony
        PASS [   0.028s] (  54/1841) liminal-protocol client::review_tests::b2_restored_attempt_has_typed_process_loss_exit
        PASS [   0.029s] (  55/1841) liminal-protocol client::review_tests::b3_commit_seal_record_restores_before_authority_release
        PASS [   0.032s] (  56/1841) liminal-protocol client::resume_tests::restored_permit_is_released_once_and_failure_parks_without_timer
        PASS [   0.033s] (  57/1841) liminal-protocol client::resume_tests::continuous_ack_remains_outside_resume_slot
        PASS [   0.013s] (  58/1841) liminal-protocol client::review_tests::d1_sequential_record_a_response_after_b_is_refused_by_exact_token
        PASS [   0.014s] (  59/1841) liminal-protocol client::review_tests::b4_cold_restored_expected_operation_is_released_once
        PASS [   0.014s] (  60/1841) liminal-protocol client::review_tests::b5_detach_has_exactly_one_initial_send_authority
        PASS [   0.014s] (  61/1841) liminal-protocol client::review_tests::b4_restored_issued_operation_has_typed_process_loss_exit
        PASS [   0.009s] (  62/1841) liminal-protocol client::review_tests::m9_terminal_and_superseded_replay_yield_to_new_generation_detach
        PASS [   0.011s] (  63/1841) liminal-protocol client::review_tests::m10_retired_terminalizes_binding_and_future_operations
        PASS [   0.011s] (  64/1841) liminal-protocol client::review_tests::m6_binding_state_gates_outbound_and_inbound
        PASS [   0.011s] (  65/1841) liminal-protocol client::review_tests::m7_sequential_observer_a_response_after_b_cannot_apply
        PASS [   0.013s] (  66/1841) liminal-protocol client::rider_tests::canonical_decode_rejects_token_bearing_abandonment
        PASS [   0.016s] (  67/1841) liminal-protocol client::review_tests::m8_detach_and_resume_preserve_attach_secret
        PASS [   0.011s] (  68/1841) liminal-protocol client::rider_tests::canonical_restore_rejects_token_bearing_abandonment
        PASS [   0.010s] (  69/1841) liminal-protocol client::round3_tests::active_replay_without_matching_expected_detach_refuses_restore
        PASS [   0.011s] (  70/1841) liminal-protocol client::round3_tests::same_identity_wrong_secret_attach_and_leave_refuse
        PASS [   0.012s] (  71/1841) liminal-protocol client::round3_tests::refused_detach_admission_preserves_authorization_counter
        PASS [   0.009s] (  72/1841) liminal-protocol client::round4_tests::in_flight_refusal_preserves_authorization_counter
        PASS [   0.010s] (  73/1841) liminal-protocol client::round4_tests::expected_detach_requires_active_matching_replay_full_matrix
        PASS [   0.011s] (  74/1841) liminal-protocol client::round4_tests::active_replay_requires_exact_expected_detach_full_matrix
        PASS [   0.013s] (  75/1841) liminal-protocol client::round4_tests::inbound_wrong_secret_refuses_with_authority_retained
        PASS [   0.011s] (  76/1841) liminal-protocol client::tests::abort_and_continuous_ack_release_no_speculative_slot
        PASS [   0.012s] (  77/1841) liminal-protocol client::round4_tests::tokenless_restore_is_typed_abandoned_and_never_released
        PASS [   0.011s] (  78/1841) liminal-protocol client::tests::replay_durable_leave_and_all_terminal_payloads_are_distinct
        PASS [   0.009s] (  79/1841) liminal-protocol lifecycle::admission::capacity_tests::binding_slot_selectors_return_exact_origin_specific_outcomes
        PASS [   0.013s] (  80/1841) liminal-protocol client::tests::replay_start_fate_replay_and_nonmatching_attach_preserve_authority
        PASS [   0.015s] (  81/1841) liminal-protocol client::tests::operation_barrier_enforces_cardinality_and_exact_correlation
        PASS [   0.010s] (  82/1841) liminal-protocol lifecycle::admission::capacity_tests::credential_attach_capacity_uses_all_five_receipt_scopes_in_order
        PASS [   0.013s] (  83/1841) liminal-protocol lifecycle::admission::capacity_tests::already_tracked_semantic_conversation_consumes_zero_capacity_at_full_limit
        PASS [   0.010s] (  84/1841) liminal-protocol lifecycle::admission::capacity_tests::capacity_counter_requires_a_nonzero_bounded_state
        PASS [   0.013s] (  85/1841) liminal-protocol lifecycle::admission::capacity_tests::credential_attach_success_carries_every_incremented_counter_atomically
        PASS [   0.011s] (  86/1841) liminal-protocol lifecycle::admission::capacity_tests::enrollment_runtime_capacity_uses_the_exact_five_scope_precedence
        PASS [   0.011s] (  87/1841) liminal-protocol lifecycle::admission::capacity_tests::enrollment_success_carries_every_incremented_counter_atomically
        PASS [   0.013s] (  88/1841) liminal-protocol lifecycle::admission::capacity_tests::fresh_participant_counters_reject_nonempty_restored_state
        PASS [   0.010s] (  89/1841) liminal-protocol lifecycle::admission::observer_tests::refusal_echoes_inputs_without_exposing_a_commit_permit
        PASS [   0.014s] (  90/1841) liminal-protocol lifecycle::admission::capacity_tests::first_untracked_semantic_conversation_returns_exact_capacity_refusal
        PASS [   0.010s] (  91/1841) liminal-protocol lifecycle::admission::observer_tests::checked_one_past_maximum_progress_is_representable
        PASS [   0.010s] (  92/1841) liminal-protocol lifecycle::admission::observer_tests::lower_floor_passes_without_recalculating_it
        PASS [   0.011s] (  93/1841) liminal-protocol lifecycle::admission::observer_tests::every_eligible_operation_constructs_its_exact_refusal
        PASS [   0.014s] (  94/1841) liminal-protocol lifecycle::admission::observer_tests::equality_passes_and_returns_the_exact_opaque_permit
        PASS [   0.013s] (  95/1841) liminal-protocol lifecycle::admission::order_tests::case_43_exact_claim_shortfall_selects_order_exhaustion
        PASS [   0.013s] (  96/1841) liminal-protocol lifecycle::admission::order_tests::checked_planners_reject_claim_counter_overflow
        PASS [   0.013s] (  97/1841) liminal-protocol lifecycle::admission::order_tests::closure_projection_endows_one_order_pair_and_rejects_a_second
        PASS [   0.011s] (  98/1841) liminal-protocol lifecycle::admission::order_tests::exhausted_maximum_has_no_next_value
        PASS [   0.012s] (  99/1841) liminal-protocol lifecycle::admission::order_tests::empty_ledger_owns_all_values_and_enrollment_allocates_zero
        PASS [   0.011s] ( 100/1841) liminal-protocol lifecycle::admission::order_tests::fenced_recovery_requires_the_coupled_ro_ra_pair
        PASS [   0.010s] ( 101/1841) liminal-protocol lifecycle::admission::order_tests::optional_planners_apply_exact_deltas_and_preserve_recovery_claims
        PASS [   0.011s] ( 102/1841) liminal-protocol lifecycle::admission::order_tests::final_major_is_legal_only_when_no_claim_survives
        PASS [   0.010s] ( 103/1841) liminal-protocol lifecycle::admission::order_tests::restore_rejects_claims_beyond_the_counter_suffix
        PASS [   0.016s] ( 104/1841) liminal-protocol lifecycle::admission::order_tests::fenced_recovery_consumes_ro_and_transfers_ra_without_allocating
        PASS [   0.011s] ( 105/1841) liminal-protocol lifecycle::admission::record_tests::bytes_fail_after_entries_pass
        PASS [   0.010s] ( 106/1841) liminal-protocol lifecycle::admission::record_tests::entries_precede_bytes_when_both_components_fail
        PASS [   0.010s] ( 107/1841) liminal-protocol lifecycle::admission::record_tests::equality_passes_and_carries_the_exact_charge
        PASS [   0.009s] ( 108/1841) liminal-protocol lifecycle::admission::sequence_tests::case_21_supersession_projects_the_exact_exhausted_budget
        PASS [   0.009s] ( 109/1841) liminal-protocol lifecycle::admission::sequence_tests::case_26_exact_seventeen_value_suffix_is_admissible
        PASS [   0.009s] ( 110/1841) liminal-protocol lifecycle::admission::sequence_tests::case_47_derives_all_four_canonical_budgets
        PASS [   0.011s] ( 111/1841) liminal-protocol lifecycle::admission::sequence_tests::case_54_shutdown_reserve_is_derived_as_six
        PASS [   0.012s] ( 112/1841) liminal-protocol lifecycle::admission::sequence_tests::case_31_enrollment_and_record_fixed_points_both_exhaust
        PASS [   0.011s] ( 113/1841) liminal-protocol lifecycle::admission::sequence_tests::checked_planners_report_counter_overflow_before_admission
        PASS [   0.010s] ( 114/1841) liminal-protocol lifecycle::admission::sequence_tests::fenced_recovery_requires_the_coupled_sequence_pair
        PASS [   0.014s] ( 115/1841) liminal-protocol lifecycle::admission::sequence_tests::checked_wide_derived_sum_never_wraps
        PASS [   0.010s] ( 116/1841) liminal-protocol lifecycle::admission::sequence_tests::fenced_recovery_consumes_rs_and_transfers_rt_into_t
        PASS [   0.011s] ( 117/1841) liminal-protocol lifecycle::admission::sequence_tests::optional_planners_preserve_an_existing_recovery_pair
        PASS [   0.013s] ( 118/1841) liminal-protocol lifecycle::admission::sequence_tests::closure_projection_endows_one_sequence_pair_and_rejects_a_second
        PASS [   0.010s] ( 119/1841) liminal-protocol lifecycle::admission::sequence_tests::optional_planners_apply_exact_primitive_claim_deltas
        PASS [   0.010s] ( 120/1841) liminal-protocol lifecycle::aggregate_commit_tests::aggregate_decision_refuses_a_foreign_shell_and_returns_the_commit_intact
        PASS [   0.014s] ( 121/1841) liminal-protocol lifecycle::admission::sequence_tests::maximum_boundary_allows_only_a_zero_resulting_reserve
        PASS [   0.011s] ( 122/1841) liminal-protocol lifecycle::admission::sequence_tests::restore_rejects_an_unowned_suffix_and_reports_derived_budget
        PASS [   0.012s] ( 123/1841) liminal-protocol lifecycle::aggregate_commit_tests::aggregate_decision_requires_genesis_validation_first
        PASS [   0.011s] ( 124/1841) liminal-protocol lifecycle::aggregate_commit_tests::detached_aggregate_commit_crashes_safely_and_replays_to_live_state
        PASS [   0.010s] ( 125/1841) liminal-protocol lifecycle::aggregate_commit_tests::enrolled_aggregate_commit_crashes_safely_and_replays_to_live_state
        PASS [   0.010s] ( 126/1841) liminal-protocol lifecycle::aggregate_commit_tests::left_aggregate_commit_crashes_safely_and_replays_to_live_state
        PASS [   0.011s] ( 127/1841) liminal-protocol lifecycle::aggregate_commit_tests::nonzero_debt_ack_aggregate_commit_crashes_safely_and_replays_to_live_state
        PASS [   0.010s] ( 128/1841) liminal-protocol lifecycle::aggregate_commit_tests::nonzero_debt_ack_event_records_the_committed_cursor_fact_key
        PASS [   0.012s] ( 129/1841) liminal-protocol lifecycle::aggregate_commit_tests::left_aggregate_commit_returns_the_frontiers_through_the_barrier
        PASS [   0.014s] ( 130/1841) liminal-protocol lifecycle::aggregate_commit_tests::attached_aggregate_commit_crashes_safely_and_replays_to_live_state
        PASS [   0.011s] ( 131/1841) liminal-protocol lifecycle::aggregate_commit_tests::recovered_fate_aggregate_commit_crashes_safely_and_replays_to_live_state
        PASS [   0.012s] ( 132/1841) liminal-protocol lifecycle::aggregate_commit_tests::ordinary_fate_aggregate_commit_crashes_safely_and_replays_to_live_state
        PASS [   0.014s] ( 133/1841) liminal-protocol lifecycle::attach_tests::clear_closure_admission_reaches_ordinary_binding_authority
        PASS [   0.018s] ( 134/1841) liminal-protocol lifecycle::attach_tests::active_same_participant_attach_records_supersession
        PASS [   0.015s] ( 135/1841) liminal-protocol lifecycle::attach_tests::fenced_recovery_composes_pending_detach_and_sets_both_marker_fields
        PASS [   0.014s] ( 136/1841) liminal-protocol lifecycle::attach_tests::ordinary_attach_cannot_claim_marker_acceptance
        PASS [   0.013s] ( 137/1841) liminal-protocol lifecycle::attach_tests::supersession_cannot_coexist_with_a_committed_detach_cell
        PASS [   0.012s] ( 138/1841) liminal-protocol lifecycle::binding_tests::died_binding_transition_projects_terminal_sequence_only_when_committed
        PASS [   0.013s] ( 139/1841) liminal-protocol lifecycle::binding_tests::binding_terminal_order_fixes_phase_and_derives_index_from_id
        PASS [   0.020s] ( 140/1841) liminal-protocol lifecycle::binding_tests::detached_fates_have_only_detached_causes
        PASS [   0.019s] ( 141/1841) liminal-protocol lifecycle::binding_tests::died_fates_have_only_died_causes
        PASS [   0.020s] ( 142/1841) liminal-protocol lifecycle::binding_tests::detached_binding_transition_projects_terminal_sequence_only_when_committed
        PASS [   0.017s] ( 143/1841) liminal-protocol lifecycle::binding_tests::restart_cause_is_derived_from_old_binding_epoch
        PASS [   0.018s] ( 144/1841) liminal-protocol lifecycle::claim_frontier_tests::allocated_high_excludes_old_candidate_major_but_future_candidate_owns_union
        PASS [   0.018s] ( 145/1841) liminal-protocol lifecycle::claim_frontier_tests::case_25_clear_headroom_constructs_the_same_exact_claim_owners
        PASS [   0.021s] ( 146/1841) liminal-protocol lifecycle::claim_frontier_tests::candidate_cells_accept_exactly_two_i_and_reject_the_third
        PASS [   0.022s] ( 147/1841) liminal-protocol lifecycle::binding_tests::pending_commit_preserves_identity_order_and_cause
        PASS [   0.022s] ( 148/1841) liminal-protocol lifecycle::claim_frontier_tests::case_25_equality_debt_constructs_exact_initial_frontier
        PASS [   0.023s] ( 149/1841) liminal-protocol lifecycle::claim_frontier_tests::candidate_and_retained_sequence_order_must_follow_admission_order
        PASS [   0.016s] ( 150/1841) liminal-protocol lifecycle::claim_frontier_tests::compact_product_accessors_enforce_the_validated_rank_extent
        PASS [   0.019s] ( 151/1841) liminal-protocol lifecycle::claim_frontier_tests::complete_retained_corpus_accepts_end_and_stores_only_marker_anchors
        PASS [   0.019s] ( 152/1841) liminal-protocol lifecycle::claim_frontier_tests::case_56_shape_derives_prefate_recovery_from_candidate_while_pc_is_current
        PASS [   0.013s] ( 153/1841) liminal-protocol lifecycle::claim_frontier_tests::endpoint_sweep_reports_first_expanded_collision_inside_compact_ranges
        PASS [   0.010s] ( 154/1841) liminal-protocol lifecycle::claim_frontier_tests::immutable_marker_requires_m_owner_and_typed_compacted_cause
        PASS [   0.014s] ( 155/1841) liminal-protocol lifecycle::claim_frontier_tests::duplicate_scan_selects_exact_lowest_tuple_across_record_and_candidate
        PASS [   0.013s] ( 156/1841) liminal-protocol lifecycle::claim_frontier_tests::exact_detached_dcr_is_the_only_postfate_recovery_authority
        PASS [   0.011s] ( 157/1841) liminal-protocol lifecycle::claim_frontier_tests::initial_frontier_crash_replay_is_deterministic
        PASS [   0.011s] ( 158/1841) liminal-protocol lifecycle::claim_frontier_tests::initial_frontier_rejects_each_attached_charge_dimension_mismatch
        PASS [   0.012s] ( 159/1841) liminal-protocol lifecycle::claim_frontier_tests::marker_drain_core_consumes_m_and_tuple_without_advancing_allocated_high
        PASS [   0.011s] ( 160/1841) liminal-protocol lifecycle::claim_frontier_tests::numeric_frontiers_precede_duplicate_candidate_diagnosis
        PASS [   0.011s] ( 161/1841) liminal-protocol lifecycle::claim_frontier_tests::order_candidates_reject_duplicate_major_groups_and_below_high_keys
        PASS [   0.016s] ( 162/1841) liminal-protocol lifecycle::claim_frontier_tests::recovery_selector_rejects_missing_and_detached_prefate_authority
        PASS [   0.014s] ( 163/1841) liminal-protocol lifecycle::claim_frontier_tests::released_marker_history_allows_multiple_old_records_for_one_participant
        PASS [   0.014s] ( 164/1841) liminal-protocol lifecycle::closure_accounting_tests::equality_passes_with_componentwise_successor_maximum_and_exact_cycle_charge
        PASS [   0.014s] ( 165/1841) liminal-protocol lifecycle::closure_accounting_tests::ordinary_required_capacity_uses_canonical_widened_addition_order
        PASS [   0.012s] ( 166/1841) liminal-protocol lifecycle::closure_accounting_tests::remaining_precedence_is_delivered_then_churn_then_entries_then_bytes
        PASS [   0.013s] ( 167/1841) liminal-protocol lifecycle::closure_accounting_tests::recovery_fence_uses_unchanged_state_and_zero_delta_before_numeric_checks
        PASS [   0.014s] ( 168/1841) liminal-protocol lifecycle::closure_accounting_tests::restore_rejects_mixed_clear_state_and_unencodable_or_impossible_values
        PASS [   0.013s] ( 169/1841) liminal-protocol lifecycle::conversation_tests::abort_recovers_the_exact_unmodified_prestate
        PASS [   0.011s] ( 170/1841) liminal-protocol lifecycle::conversation_tests::canonical_decode_rejects_truncation_unknown_codec_kind_and_length
        PASS [   0.012s] ( 171/1841) liminal-protocol lifecycle::conversation_tests::decision_holds_state_until_commit_and_encodes_stable_header
        PASS [   0.011s] ( 172/1841) liminal-protocol lifecycle::conversation_tests::left_decode_rejects_unassigned_flags_and_invalid_results
        PASS [   0.012s] ( 173/1841) liminal-protocol lifecycle::conversation_tests::every_lifecycle_operation_round_trips_encode_decode_replay
        PASS [   0.011s] ( 174/1841) liminal-protocol lifecycle::conversation_tests::left_bodies_round_trip_every_optional_field_combination
        PASS [   0.010s] ( 175/1841) liminal-protocol lifecycle::conversation_tests::operation_abort_recovers_the_exact_unmodified_prestate
        PASS [   0.010s] ( 176/1841) liminal-protocol lifecycle::conversation_tests::operation_decision_refuses_foreign_conversation_provenance_for_every_kind
        PASS [   0.016s] ( 177/1841) liminal-protocol lifecycle::conversation_tests::operation_decision_refuses_ordinal_exhaustion
        PASS [   0.015s] ( 178/1841) liminal-protocol lifecycle::conversation_tests::operation_decode_rejects_a_generation_one_attach
        PASS [   0.021s] ( 179/1841) liminal-protocol lifecycle::conversation_tests::operation_decision_requires_genesis_validation_first
        PASS [   0.015s] ( 180/1841) liminal-protocol lifecycle::conversation_tests::repeated_genesis_decision_refuses_and_preserves_committed_state
        PASS [   0.016s] ( 181/1841) liminal-protocol lifecycle::conversation_tests::operation_events_replay_in_committed_order_after_genesis
        PASS [   0.019s] ( 182/1841) liminal-protocol lifecycle::conversation_tests::operation_decode_rejects_non_canonical_lengths
        PASS [   0.019s] ( 183/1841) liminal-protocol lifecycle::conversation_tests::operation_replay_requires_genesis_validation_first
        PASS [   0.019s] ( 184/1841) liminal-protocol lifecycle::conversation_tests::operation_decode_rejects_zero_generations_and_non_genesis_enrollment
        PASS [   0.019s] ( 185/1841) liminal-protocol lifecycle::conversation_tests::ordinal_exhaustion_refuses_before_commit_and_replay_mutation
        PASS [   0.014s] ( 186/1841) liminal-protocol lifecycle::conversation_tests::replay_is_deterministic_and_matches_commit_consumption
        PASS [   0.014s] ( 187/1841) liminal-protocol lifecycle::conversation_tests::replay_requires_exact_conversation_ordinal_and_body_precondition
        PASS [   0.013s] ( 188/1841) liminal-protocol lifecycle::cursor_facts_tests::binding_epoch_authority_failure_preserves_cursors_and_facts
        PASS [   0.013s] ( 189/1841) liminal-protocol lifecycle::cursor_facts_tests::cumulative_ack_selector_never_mutates_on_noop_gap_or_regression
        PASS [   0.018s] ( 190/1841) liminal-protocol lifecycle::cursor_facts_tests::nonzero_ack_rejects_testimony_from_another_durable_prestate
        PASS [   0.015s] ( 191/1841) liminal-protocol lifecycle::cursor_facts_tests::two_bound_participants_ack_the_same_retained_suffix_during_nonzero_debt
        PASS [   0.015s] ( 192/1841) liminal-protocol lifecycle::detach_tests::a_current_binding_rejects_committed_and_invalid_terminalized_cells
        PASS [   0.055s] ( 193/1841) liminal-protocol lifecycle::conversation_tests::any_prefix_replay_produces_a_valid_shell_state
        PASS [   0.020s] ( 194/1841) liminal-protocol lifecycle::cursor_facts_tests::nonzero_ack_uses_durable_endpoint_membership_not_conversation_contiguity
        PASS [   0.016s] ( 195/1841) liminal-protocol lifecycle::detach_tests::committed_attach_terminalized_replay_retains_old_epoch
        PASS [   0.017s] ( 196/1841) liminal-protocol lifecycle::detach_tests::a_new_detach_cannot_replace_an_accepted_pending_cell
        PASS [   0.021s] ( 197/1841) liminal-protocol lifecycle::cursor_facts_tests::recipient_obligation_testimony_requires_a_sorted_live_index
        PASS [   0.013s] ( 198/1841) liminal-protocol lifecycle::detach_tests::exact_token_without_exact_verifier_cannot_produce_terminalized_result
        PASS [   0.013s] ( 199/1841) liminal-protocol lifecycle::detach_tests::every_pending_replay_branch_validates_the_paired_finalization
        PASS [   0.013s] ( 200/1841) liminal-protocol lifecycle::detach_tests::pending_replay_requires_drain_and_rewrites_a_repeated_refusal_epoch
        PASS [   0.014s] ( 201/1841) liminal-protocol lifecycle::detach_tests::pending_replay_commits_only_the_real_drain_sequence
        PASS [   0.018s] ( 202/1841) liminal-protocol lifecycle::detach_tests::pending_replay_equal_progress_is_stable_without_a_drain
        PASS [   0.020s] ( 203/1841) liminal-protocol lifecycle::edge_tests::cursor_ack_orderings_are_atomic_and_boundary_checked
        PASS [   0.017s] ( 204/1841) liminal-protocol lifecycle::edge_tests::fenced_recovery_fate_preserves_op_authority_until_exact_completion
        PASS [   0.017s] ( 205/1841) liminal-protocol lifecycle::edge_tests::detached_recovery_leave_requires_exact_private_k_claim
        PASS [   0.017s] ( 206/1841) liminal-protocol lifecycle::edge_tests::detached_marker_release_is_leave_only
        PASS [   0.017s] ( 207/1841) liminal-protocol lifecycle::edge_tests::detached_recovery_fence_proof_binds_every_authority_field
        PASS [   0.018s] ( 208/1841) liminal-protocol lifecycle::edge_tests::detached_cursor_release_is_leave_only_and_unrelated_facts_are_safe
        PASS [   0.020s] ( 209/1841) liminal-protocol lifecycle::edge_tests::cursor_storage_fate_supersession_and_leave_preserve_typestate
        PASS [   0.022s] ( 210/1841) liminal-protocol lifecycle::edge_tests::marker_delivery_derives_progress_and_covers_every_invalidator
        PASS [   0.024s] ( 211/1841) liminal-protocol lifecycle::edge_tests::fenced_recovery_fate_preserves_or_covers_pc_with_exact_cursor_authority
        PASS [   0.013s] ( 212/1841) liminal-protocol lifecycle::edge_tests::observer_marker_independent_and_binding_orderings_are_closed
        PASS [   0.022s] ( 213/1841) liminal-protocol lifecycle::edge_tests::ordinary_binding_fate_requires_attach_and_exact_terminal_provenance
        PASS [   0.028s] ( 214/1841) liminal-protocol lifecycle::edge_tests::observer_completion_binds_exact_event_and_strict_successor
        PASS [   0.022s] ( 215/1841) liminal-protocol lifecycle::edge_tests::physical_completion_requires_its_exact_compaction_range
        PASS [   0.022s] ( 216/1841) liminal-protocol lifecycle::edge_tests::recovery_claim_provenance_covers_marker_delivery_progress_and_post_fate_dcr
        PASS [   0.023s] ( 217/1841) liminal-protocol lifecycle::edge_tests::only_clear_closure_state_admits_an_ordinary_detached_attach
        PASS [   0.020s] ( 218/1841) liminal-protocol lifecycle::edge_tests::strict_successor_set_contains_six_kinds_and_excludes_direct_recovery
        PASS [   0.023s] ( 219/1841) liminal-protocol lifecycle::edge_tests::physical_progress_classes_preserve_or_cover_and_refusals_do_neither
        PASS [   0.011s] ( 220/1841) liminal-protocol lifecycle::enrollment_closure_tests::case_25_startup_equality_begins_debt_without_a_recovery_quartet
        PASS [   0.017s] ( 221/1841) liminal-protocol lifecycle::enrollment_closure_tests::ample_headroom_keeps_initial_enrollment_clear_and_marker_free
        PASS [   0.016s] ( 222/1841) liminal-protocol lifecycle::enrollment_closure_tests::initial_allocator_binding_and_attached_shape_are_checked
        PASS [   0.011s] ( 223/1841) liminal-protocol lifecycle::incarnation_tests::case_42_server_max_returns_exact_unchanged_exhaustion
        PASS [   0.011s] ( 224/1841) liminal-protocol lifecycle::incarnation_tests::case_42_seeded_ordinal_exhaustion_is_idempotent
        PASS [   0.012s] ( 225/1841) liminal-protocol lifecycle::incarnation_tests::case_42_non_max_collision_skips_before_publication
        PASS [   0.012s] ( 226/1841) liminal-protocol lifecycle::enrollment_tests::enrollment_consumes_allocated_slot_and_derives_every_fixed_value
        PASS [   0.012s] ( 227/1841) liminal-protocol lifecycle::incarnation_tests::complete_reference_collection_must_fit_its_declared_bound
        PASS [   0.013s] ( 228/1841) liminal-protocol lifecycle::incarnation_tests::allocating_max_once_atomically_sets_exhaustion
        PASS [   0.013s] ( 229/1841) liminal-protocol lifecycle::enrollment_tests::exhausted_sentinel_cannot_become_a_participant
        PASS [   0.017s] ( 230/1841) liminal-protocol lifecycle::incarnation_tests::fresh_server_allocates_zero_then_checked_increments
        PASS [   0.016s] ( 231/1841) liminal-protocol lifecycle::incarnation_tests::referenced_max_sets_exhaustion_without_publishing_a_pair
        PASS [   0.010s] ( 232/1841) liminal-protocol lifecycle::lookup_tests::detach_exact_resolution_and_pending_different_token_precede_binding
        PASS [   0.010s] ( 233/1841) liminal-protocol lifecycle::lookup_tests::committed_leave_token_exception_has_fixed_internal_order
        PASS [   0.010s] ( 234/1841) liminal-protocol lifecycle::lookup_tests::attach_token_tombstone_and_provenance_precede_presented_authority
        PASS [   0.010s] ( 235/1841) liminal-protocol lifecycle::incarnation_tests::same_connection_rotation_changes_generation_not_incarnation
        PASS [   0.011s] ( 236/1841) liminal-protocol lifecycle::incarnation_tests::startup_checked_increment_is_a_deterministic_fsync_intent
        PASS [   0.024s] ( 237/1841) liminal-protocol lifecycle::enrollment_tests::allocation_proof_is_bound_to_the_request_conversation
        PASS [   0.011s] ( 238/1841) liminal-protocol lifecycle::lookup_tests::absent_identity_precedes_impossible_cell_bytes
        PASS [   0.024s] ( 239/1841) liminal-protocol lifecycle::incarnation_tests::restore_rejects_both_exhaustion_bit_mismatches
        PASS [   0.016s] ( 240/1841) liminal-protocol lifecycle::lookup_tests::different_leave_token_gets_retired_and_detached_live_leave_is_authorized
        PASS [   0.020s] ( 241/1841) liminal-protocol lifecycle::lookup_tests::exact_attach_receipt_reports_current_bound_or_unbound_status
        PASS [   0.020s] ( 242/1841) liminal-protocol lifecycle::lookup_tests::enrollment_mapping_resolves_live_and_tombstoned_identities_before_status
        PASS [   0.021s] ( 243/1841) liminal-protocol lifecycle::lookup_tests::detach_ordinary_order_is_stale_then_no_binding_then_authorized
        PASS [   0.021s] ( 244/1841) liminal-protocol lifecycle::lookup_tests::enrollment_receipt_and_provenance_are_phase_specific
        PASS [   0.021s] ( 245/1841) liminal-protocol lifecycle::lookup_tests::detach_tombstone_precedes_exact_committed_cell
        PASS [   0.021s] ( 246/1841) liminal-protocol lifecycle::lookup_tests::fresh_attach_runs_presented_tombstone_unknown_stale_then_authorized
        PASS [   0.021s] ( 247/1841) liminal-protocol lifecycle::lookup_tests::live_attach_receipt_checks_secret_then_generation_then_marker
        PASS [   0.025s] ( 248/1841) liminal-protocol lifecycle::lookup_tests::every_generic_binding_request_has_total_phase_one_through_five_order
        PASS [   0.015s] ( 249/1841) liminal-protocol lifecycle::lookup_tests::terminalized_exact_token_rejects_request_conversation_mismatch
        PASS [   0.023s] ( 250/1841) liminal-protocol lifecycle::lookup_tests::terminalized_exact_token_precedes_current_generation_and_binding
        PASS [   0.013s] ( 251/1841) liminal-protocol lifecycle::membership_tests::bound_leave_derives_active_epoch_and_moves_generic_fingerprints
        PASS [   0.014s] ( 252/1841) liminal-protocol lifecycle::membership_tests::committed_detach_cell_must_match_retained_terminal_and_derives_sequence
        PASS [   0.015s] ( 253/1841) liminal-protocol lifecycle::lookup_tests::terminalized_replay_does_not_reflect_another_identity_binding
        PASS [   0.016s] ( 254/1841) liminal-protocol lifecycle::membership_tests::empty_cell_and_no_history_derives_none_without_caller_option
        PASS [   0.012s] ( 255/1841) liminal-protocol lifecycle::obligation_dispatch::tests::nonzero_debt_permits_testified_below_floor_and_defers_above_high_watermark
        PASS [   0.012s] ( 256/1841) liminal-protocol lifecycle::membership_tests::separately_committed_death_is_history_even_with_empty_detach_cell
        PASS [   0.019s] ( 257/1841) liminal-protocol lifecycle::membership_tests::terminalized_cell_uses_retained_history_because_fix_one_drops_sequence
        PASS [   0.020s] ( 258/1841) liminal-protocol lifecycle::obligation_dispatch::tests::debt_dispatch_invariant_never_falls_back_or_fabricates_wire_refusal
        PASS [   0.017s] ( 259/1841) liminal-protocol lifecycle::observer_recovery_tests::accepted_batch_preserves_order_and_arms_only_equal_epochs
        PASS [   0.031s] ( 260/1841) liminal-protocol lifecycle::membership_tests::pending_terminal_requires_typed_no_intervening_composition
        PASS [   0.020s] ( 261/1841) liminal-protocol lifecycle::observer_recovery_tests::later_epoch_failure_produces_no_partial_arm_plan
        PASS [   0.020s] ( 262/1841) liminal-protocol lifecycle::observer_recovery_tests::first_request_order_duplicate_precedes_capacity_and_progress_lookup
        PASS [   0.017s] ( 263/1841) liminal-protocol lifecycle::observer_recovery_tests::request_order_capacity_precedes_unknown_and_ahead
        PASS [   0.022s] ( 264/1841) liminal-protocol lifecycle::observer_recovery_tests::empty_batch_is_an_empty_commit
        PASS [   0.023s] ( 265/1841) liminal-protocol lifecycle::observer_recovery_tests::unknown_and_ahead_are_selected_by_request_index
        PASS [   0.024s] ( 266/1841) liminal-protocol lifecycle::observer_recovery_tests::tracked_conversation_adds_zero_occupancy
        PASS [   0.026s] ( 267/1841) liminal-protocol lifecycle::observer_recovery_tests::over_limit_beats_duplicate_without_progress_lookup
        PASS [   0.020s] ( 268/1841) liminal-protocol lifecycle::observer_recovery_transaction_tests::abort_installs_no_arm_and_commit_installs_the_whole_plan
        PASS [   0.019s] ( 269/1841) liminal-protocol lifecycle::observer_recovery_transaction_tests::aborted_advance_leaves_progress_and_arm_untouched
        PASS [   0.014s] ( 270/1841) liminal-protocol lifecycle::observer_recovery_transaction_tests::advance_requires_a_known_conversation_and_strict_progress
        PASS [   0.019s] ( 271/1841) liminal-protocol lifecycle::observer_recovery_transaction_tests::aborted_track_leaves_the_conversation_untracked
        PASS [   0.022s] ( 272/1841) liminal-protocol lifecycle::observer_recovery_transaction_tests::committed_track_is_readable_and_recoverable
        PASS [   0.023s] ( 273/1841) liminal-protocol lifecycle::observer_recovery_transaction_tests::advancing_past_an_installed_arm_fires_it_exactly_once
        PASS [   0.032s] ( 274/1841) liminal-protocol lifecycle::observer_recovery_transaction_tests::refused_recovery_returns_the_aggregate_unchanged
        PASS [   0.028s] ( 275/1841) liminal-protocol lifecycle::observer_recovery_transaction_tests::track_registers_once_and_refuses_duplicates_unchanged
        PASS [   0.036s] ( 276/1841) liminal-protocol lifecycle::observer_recovery_transaction_tests::replaying_a_committed_recovery_is_idempotent
        PASS [   0.032s] ( 277/1841) liminal-protocol lifecycle::operation_event_tests::attached_operation_repeats_the_attach_commits_attached_record
        PASS [   0.028s] ( 278/1841) liminal-protocol lifecycle::operation_event_tests::binding_fate_operation_repeats_the_recovered_fates_committed_facts
        PASS [   0.030s] ( 279/1841) liminal-protocol lifecycle::operation_event_tests::binding_fate_operation_repeats_the_ordinary_fates_committed_facts
        PASS [   0.039s] ( 280/1841) liminal-protocol lifecycle::observer_recovery_transaction_tests::restore_round_trips_and_rejects_every_corruption_class
        PASS [   0.028s] ( 281/1841) liminal-protocol lifecycle::operation_event_tests::enrolled_operation_repeats_the_enrollment_commits_attached_record
        PASS [   0.012s] ( 282/1841) liminal-protocol lifecycle::operation_event_tests::nonzero_debt_ack_operation_repeats_the_ack_commits_request
        PASS [   0.013s] ( 283/1841) liminal-protocol lifecycle::operation_event_tests::left_operation_repeats_the_retired_identitys_committed_result
        PASS [   0.031s] ( 284/1841) liminal-protocol lifecycle::operation_event_tests::detached_operation_records_the_committed_cells_own_attempt_token
        PASS [   0.010s] ( 285/1841) liminal-protocol lifecycle::operations::binding_fate_f8_tests::a_retained_unacked_marker_pins_the_measured_floor
        PASS [   0.010s] ( 286/1841) liminal-protocol lifecycle::operations::binding_fate_f8_tests::a_retained_charge_refusal_carries_its_own_cause
        PASS [   0.009s] ( 287/1841) liminal-protocol lifecycle::operations::binding_fate_finalizer_tests::a_floor_subsumed_while_the_finalizer_waited_installs_as_a_no_op
        PASS [   0.012s] ( 288/1841) liminal-protocol lifecycle::operations::binding_fate_f8_tests::a_non_owner_transition_failure_stays_outside_the_owner_transition_carrier
        PASS [   0.011s] ( 289/1841) liminal-protocol lifecycle::operations::binding_fate_f8_tests::the_retired_precedence_pole_backstop_names_itself_if_it_ever_fires
        PASS [   0.011s] ( 290/1841) liminal-protocol lifecycle::operations::binding_fate_finalizer_tests::a_marker_retained_while_the_finalizer_waited_pins_the_installed_floor
        PASS [   0.010s] ( 291/1841) liminal-protocol lifecycle::operations::binding_fate_tests::ordinary_binding_fate_projects_measured_resulting_floor
        PASS [   0.009s] ( 292/1841) liminal-protocol lifecycle::operations::enrollment_operation_tests::allocator_identity_domain_mismatch_does_not_mint_commit_values
        PASS [   0.010s] ( 293/1841) liminal-protocol lifecycle::operations::binding_terminal_tests::terminal_disposition_selector_commits_or_pends_from_protocol_state
        PASS [   0.012s] ( 294/1841) liminal-protocol lifecycle::operations::binding_fate_tests::recovered_binding_fate_projects_measured_resulting_floor
        PASS [   0.015s] ( 295/1841) liminal-protocol lifecycle::operations::binding_fate_finalizer_tests::an_uncontested_finalizer_floor_installs_unchanged
        PASS [   0.012s] ( 296/1841) liminal-protocol lifecycle::operations::enrollment_operation_tests::allocator_mismatch_does_not_mint_commit_values
        PASS [   0.011s] ( 297/1841) liminal-protocol lifecycle::operations::enrollment_operation_tests::crash_replay_from_identical_prestate_is_identical
        PASS [   0.014s] ( 298/1841) liminal-protocol lifecycle::operations::enrollment_operation_tests::case_25_success_returns_one_atomic_commit
        PASS [   0.011s] ( 299/1841) liminal-protocol lifecycle::operations::enrollment_operation_tests::receipt_deadlines_validate_precedence_and_widen_before_addition
        PASS [   0.012s] ( 300/1841) liminal-protocol lifecycle::operations::enrollment_operation_tests::stage_six_and_eight_refusals_are_ordered_and_nonmutating
        PASS [   0.009s] ( 301/1841) liminal-protocol lifecycle::operations::live_frontier_reconcile_tests::reconcile_never_touches_the_derived_ahead_direction
        PASS [   0.011s] ( 302/1841) liminal-protocol lifecycle::operations::live_frontier_reconcile_tests::reconcile_leaves_an_in_step_unaccepted_marker_alone
        PASS [   0.014s] ( 303/1841) liminal-protocol lifecycle::operations::enrollment_operation_tests::token_replay_precedes_every_capacity_and_never_allocates
        PASS [   0.011s] ( 304/1841) liminal-protocol lifecycle::operations::marker_ack_tests::commit_advances_exactly_once_and_crash_replay_is_idempotent
        PASS [   0.012s] ( 305/1841) liminal-protocol lifecycle::operations::live_frontier_reconcile_tests::reconcile_retires_the_orphaned_anchor_and_is_idempotent
        PASS [   0.011s] ( 306/1841) liminal-protocol lifecycle::operations::marker_ack_tests::exact_delivery_uses_authorized_cursor_and_epoch_and_retains_proof
        PASS [   0.010s] ( 307/1841) liminal-protocol lifecycle::operations::marker_ack_tests::marker_ack_commit_exposes_ruled_q3_persistence_census
        PASS [   0.012s] ( 308/1841) liminal-protocol lifecycle::operations::marker_ack_tests::marker_refusals_and_exact_accepted_replay_are_typed_and_nonmutating
        PASS [   0.010s] ( 309/1841) liminal-protocol lifecycle::operations::marker_ack_tests::opaque_update_validates_identity_generation_and_from_cursor_before_mutation
        PASS [   0.010s] ( 310/1841) liminal-protocol lifecycle::operations::marker_ack_tests::shared_lookup_precedence_runs_before_marker_proof
        PASS [   0.010s] ( 311/1841) liminal-protocol lifecycle::operations::marker_ack_tests::wrong_receiving_epoch_is_no_binding_before_marker_proof
        PASS [   0.009s] ( 312/1841) liminal-protocol lifecycle::operations::marker_drain_tests::drained_detached_marker_cannot_be_reused_as_delivered_recovery_proof
        PASS [   0.010s] ( 313/1841) liminal-protocol lifecycle::operations::marker_drain_tests::already_materialized_marker_edge_cannot_coexist_with_pending_candidate
        PASS [   0.010s] ( 314/1841) liminal-protocol lifecycle::operations::marker_drain_tests::drain_consumes_next_marker_and_returns_one_atomic_authority_commit
        PASS [   0.010s] ( 315/1841) liminal-protocol lifecycle::operations::marker_drain_tests::detached_candidate_appends_and_selects_exact_dmr
        PASS [   0.017s] ( 316/1841) liminal-protocol lifecycle::operations::marker_drain_tests::marker_drain_acceptance_tests::marker_commit_projects_typed_history_compacted_without_debug_parse
        PASS [   0.012s] ( 317/1841) liminal-protocol lifecycle::operations::marker_proof_tests::case_34_marker_ack_matrix_uses_the_frozen_total_precedence
        PASS [   0.011s] ( 318/1841) liminal-protocol lifecycle::operations::marker_proof_tests::credential_attach_input_requires_some_marker_and_preserves_its_distinct_envelope
        PASS [   0.012s] ( 319/1841) liminal-protocol lifecycle::operations::marker_drain_tests::op_and_pc_remain_strict_while_bound_marker_appends
        PASS [   0.013s] ( 320/1841) liminal-protocol lifecycle::operations::marker_drain_tests::missing_candidate_is_an_invariant_fault_and_replay_is_deterministic
        PASS [   0.010s] ( 321/1841) liminal-protocol lifecycle::operations::marker_proof_tests::exact_delivery_mints_an_opaque_operation_bound_permit
        PASS [   0.010s] ( 322/1841) liminal-protocol lifecycle::operations::marker_proof_tests::selection_is_nonmutating_and_crash_replay_is_identical
        PASS [   0.025s] ( 323/1841) liminal-protocol lifecycle::operations::nonzero_participant_ack_tests::aggregate_commit_rejects_unrelated_and_split_restored_prestates
        PASS [   0.026s] ( 324/1841) liminal-protocol lifecycle::operations::marker_proof_tests::wrong_participant_epoch_marker_or_generation_never_counts_as_exact_delivery
        PASS [   0.018s] ( 325/1841) liminal-protocol lifecycle::operations::nonzero_participant_ack_tests::nonzero_debt_ack_moves_the_same_committed_cursor_through_live_frontier_ownership
        PASS [   0.017s] ( 326/1841) liminal-protocol lifecycle::operations::nonzero_participant_ack_tests::oracle::nonzero_debt_obligation_and_scalar_refusal_cannot_diverge
        PASS [   0.033s] ( 327/1841) liminal-protocol lifecycle::operations::nonzero_participant_ack_tests::aggregate_invariant_checks_are_ordered_and_nonmutating
        PASS [   0.033s] ( 328/1841) liminal-protocol lifecycle::operations::nonzero_participant_ack_tests::common_lookup_precedes_episode_validation_and_never_mutates
        PASS [   0.015s] ( 329/1841) liminal-protocol lifecycle::operations::ordinary_record_projection_tests::compacted_credit_owner_can_receive_one_new_marker_in_the_same_fixed_point
        PASS [   0.031s] ( 330/1841) liminal-protocol lifecycle::operations::nonzero_participant_ack_tests::oracle::nonzero_debt_sparse_gap_never_selects_scalar_fallback
        PASS [   0.015s] ( 331/1841) liminal-protocol lifecycle::operations::ordinary_record_projection_tests::consuming_capacity_walk_wrapper_relays_exact_owners_and_seals_marker_prefix
        PASS [   0.015s] ( 332/1841) liminal-protocol lifecycle::operations::ordinary_record_projection_tests::compacted_accepted_marker_releases_credit_without_planning_a_replacement
        PASS [   0.015s] ( 333/1841) liminal-protocol lifecycle::operations::nonzero_participant_ack_tests::oracle::two_participants_ack_same_retained_suffix_through_total_wrapper
        PASS [   0.032s] ( 334/1841) liminal-protocol lifecycle::operations::nonzero_participant_ack_tests::noop_gap_and_regression_return_wire_values_without_mutating_episode
        PASS [   0.033s] ( 335/1841) liminal-protocol lifecycle::operations::nonzero_participant_ack_tests::oracle::nonzero_debt_obligation_and_scalar_commit_cannot_diverge
        PASS [   0.015s] ( 336/1841) liminal-protocol lifecycle::operations::ordinary_record_projection_tests::ordinary_capacity_walk_derives_floor_marker_and_both_ledgers
        PASS [   0.016s] ( 337/1841) liminal-protocol lifecycle::operations::ordinary_record_projection_tests::keyed_charge_mismatch_is_rejected_before_any_derived_total_is_used
        PASS [   0.016s] ( 338/1841) liminal-protocol lifecycle::operations::ordinary_record_projection_tests::current_credited_marker_uses_marker_max_and_keeps_accepted_credit
        PASS [   0.016s] ( 339/1841) liminal-protocol lifecycle::operations::ordinary_record_projection_tests::consuming_wrapper_releases_compacted_credit_then_reovertakes_same_participant
        PASS [   0.015s] ( 340/1841) liminal-protocol lifecycle::operations::ordinary_record_projection_tests::unaccepted_marker_prevents_capacity_search_crossing_its_sequence
        PASS [   0.017s] ( 341/1841) liminal-protocol lifecycle::operations::ordinary_record_projection_tests::consuming_wrapper_rejects_a_disconnected_keyed_charge
        PASS [   0.017s] ( 342/1841) liminal-protocol lifecycle::operations::ordinary_record_projection_tests::two_overtaken_participants_receive_ascending_exact_marker_candidates
        PASS [   0.017s] ( 343/1841) liminal-protocol lifecycle::operations::ordinary_record_projection_tests::mandatory_candidate_wins_before_optional_projection_or_counter_planning
        PASS [   0.021s] ( 344/1841) liminal-protocol lifecycle::operations::ordinary_record_projection_tests::hard_observer_blocks_the_exact_capacity_walk_floor
        PASS [   0.015s] ( 345/1841) liminal-protocol lifecycle::operations::participant_ack_tests::all_four_ack_relations_select_exact_wire_outcomes
        PASS [   0.016s] ( 346/1841) liminal-protocol lifecycle::operations::ordinary_record_projection_tests::uncredited_historical_marker_contributes_its_exact_charge_not_marker_max
        PASS [   0.018s] ( 347/1841) liminal-protocol lifecycle::operations::participant_ack_tests::commit_advances_exactly_once_and_crash_replay_is_idempotent
        PASS [   0.018s] ( 348/1841) liminal-protocol lifecycle::operations::participant_ack_tests::durable_obligation_endpoint_skips_internal_gaps_but_rejects_gap_endpoint
        PASS [   0.018s] ( 349/1841) liminal-protocol lifecycle::operations::participant_ack_tests::opaque_update_validates_identity_generation_and_from_cursor_before_mutation
        PASS [   0.018s] ( 350/1841) liminal-protocol lifecycle::operations::participant_ack_tests::durable_obligation_context_mismatch_is_typed_invariant_not_ack_gap
        PASS [   0.017s] ( 351/1841) liminal-protocol lifecycle::operations::participant_ack_tests::refusals_and_noop_never_mutate_membership
        PASS [   0.014s] ( 352/1841) liminal-protocol lifecycle::operations::participant_ack_tests::wrong_receiving_epoch_is_no_binding_before_ack_relations
        PASS [   0.018s] ( 353/1841) liminal-protocol lifecycle::operations::participant_ack_tests::shared_lookup_precedence_is_preserved_before_ack_relations
        PASS [   0.011s] ( 354/1841) liminal-protocol lifecycle::operations::record_admission_selector_acceptance_tests::record_selector_names_marker_closure_refusal_and_preserves_owner
        PASS [   0.012s] ( 355/1841) liminal-protocol lifecycle::operations::record_admission_selector_acceptance_tests::record_selector_names_order_exhaustion_and_preserves_owner
        PASS [   0.010s] ( 356/1841) liminal-protocol lifecycle::operations::record_admission_tests::observer_fixed_point_refusal_maps_through_shared_selector_without_mutation
        PASS [   0.011s] ( 357/1841) liminal-protocol lifecycle::operations::record_admission_tests::capacity_walk_total_operation_commits_full_payload_and_replays_identically
        PASS [   0.011s] ( 358/1841) liminal-protocol lifecycle::operations::record_admission_tests::case_32_size_dimensions_preserve_state_and_lookup_precedes_size
        PASS [   0.010s] ( 359/1841) liminal-protocol lifecycle::operations::record_admission_tests::projected_marker_drains_first_and_replays_with_complete_unchanged_input
        PASS [   0.015s] ( 360/1841) liminal-protocol lifecycle::operations::record_admission_tests::into_persistence_parts_moves_the_complete_atomic_set_exactly_once
        PASS [   0.015s] ( 361/1841) liminal-protocol lifecycle::operations::record_admission_tests::classify_record_admission_binding_covers_the_lookup_rows_and_only_those
        PASS [   0.016s] ( 362/1841) liminal-protocol lifecycle::operations::record_admission_tests::case_31_sequence_exhaustion_returns_exact_budget_and_unchanged_replay
        PASS [   0.011s] ( 363/1841) liminal-protocol lifecycle::storage_tests::all_four_detach_cells_restore_with_atomic_binding_pair_checks
        PASS [   0.012s] ( 364/1841) liminal-protocol lifecycle::operations::record_admission_tests::untracked_semantic_conversation_refusal_carries_exact_envelope_and_limit
        PASS [   0.013s] ( 365/1841) liminal-protocol lifecycle::storage_tests::all_seven_stored_edges_restore_and_opaque_variants_require_exact_provenance
        PASS [   0.017s] ( 366/1841) liminal-protocol lifecycle::storage_tests::binding_terminals_restore_only_from_valid_cause_partitions
        PASS [   0.017s] ( 367/1841) liminal-protocol lifecycle::storage_tests::case_56_joint_restore_keeps_prefate_candidate_quartet_while_pc_is_current
        PASS [   0.012s] ( 368/1841) liminal-protocol lifecycle::storage_tests::fenced_and_recovered_authorities_restore_only_from_exact_epoch_provenance
        PASS [   0.012s] ( 369/1841) liminal-protocol lifecycle::storage_tests::joint_cold_restore_uses_historical_old_epoch_across_fenced_recovery
        PASS [   0.012s] ( 370/1841) liminal-protocol lifecycle::storage_tests::historical_causal_rows_require_exact_owned_lifecycle_history
        PASS [   0.009s] ( 371/1841) liminal-protocol lifecycle::storage_tests::live_membership_rejects_terminal_identity_and_generation_drift
        PASS [   0.020s] ( 372/1841) liminal-protocol lifecycle::storage_tests::cursor_episode_restores_variable_participant_facts_and_rejects_bad_pairs
        PASS [   0.010s] ( 373/1841) liminal-protocol lifecycle::storage_tests::post_fenced_active_quartet_resolves_from_old_history_under_current_storage
        PASS [   0.009s] ( 374/1841) liminal-protocol lifecycle::storage_tests::producer_emitted_enrollment_and_superseding_origins_replay_through_total_restore
        PASS [   0.011s] ( 375/1841) liminal-protocol lifecycle::storage_tests::total_restore_of_replayed_enrollment_equals_live_state
        PASS [   0.011s] ( 376/1841) liminal-protocol lifecycle::storage_tests::total_restore_refuses_a_duplicated_participant_identity
        PASS [   0.011s] ( 377/1841) liminal-protocol lifecycle::storage_tests::total_restore_refuses_binding_origins_from_another_history
        PASS [   0.013s] ( 378/1841) liminal-protocol lifecycle::storage_tests::recovered_origin_cannot_execute_ordinary_pcp_or_cursor_release
        PASS [   0.012s] ( 379/1841) liminal-protocol lifecycle::storage_tests::total_restore_refuses_cross_conversation_component_splices
        PASS [   0.013s] ( 380/1841) liminal-protocol lifecycle::storage_tests::retired_tombstone_validates_complete_permanent_leave_result
        PASS [   0.011s] ( 381/1841) liminal-protocol outcome::internal_tests::binding_recovery_carries_only_unclean_restart_cause
        PASS [   0.012s] ( 382/1841) liminal-protocol lifecycle::storage_tests::total_restore_seals_ordinary_cursor_and_fate_authority
        PASS [   0.011s] ( 383/1841) liminal-protocol outcome::internal_tests::candidate_phase_values_match_canonical_order
        PASS [   0.012s] ( 384/1841) liminal-protocol outcome::keepalive_tests::platform_name_round_trips_without_loss
        PASS [   0.012s] ( 385/1841) liminal-protocol outcome::internal_tests::fix_two_corruption_taxonomy_keeps_non_occurrence_reasons
        PASS [   0.012s] ( 386/1841) liminal-protocol outcome::keepalive_tests::accepted_socket_phase_has_exactly_the_three_runtime_reason_shapes
        PASS [   0.010s] ( 387/1841) liminal-protocol outcome::local_tests::park_capacity_has_only_the_five_legal_pairs
        PASS [   0.011s] ( 388/1841) liminal-protocol outcome::keepalive_tests::startup_phase_has_exactly_the_five_startup_reason_shapes
        PASS [   0.010s] ( 389/1841) liminal-protocol outcome::local_tests::park_order_exhaustion_fixes_counter_and_value
        PASS [   0.010s] ( 390/1841) liminal-protocol outcome::parking_tests::all_eighteen_parked_configuration_dimensions_are_constructible
        PASS [   0.010s] ( 391/1841) liminal-protocol outcome::parking_tests::all_nine_configuration_shape_dimensions_are_constructible
        PASS [   0.011s] ( 392/1841) liminal-protocol outcome::parking_tests::handshake_failure_keeps_both_limits_and_all_widened_operands
        PASS [   0.016s] ( 393/1841) liminal-protocol outcome::startup_tests::all_nine_capability_nonzero_fields_are_named
        PASS [   0.016s] ( 394/1841) liminal-protocol reason_code::band_tests::roster_reason_codes_hold_their_wire_values
        PASS [   0.018s] ( 395/1841) liminal-protocol reason_code::band_tests::roster_reason_codes_collide_with_neither_neighbouring_band
        PASS [   0.018s] ( 396/1841) liminal-protocol outcome::startup_tests::capability_deadline_order_is_a_flat_tagged_body
        PASS [   0.018s] ( 397/1841) liminal-protocol outcome::startup_tests::retention_has_only_the_three_fix_two_dimensions
        PASS [   0.024s] ( 398/1841) liminal-protocol reason_code::band_tests::roster_reason_codes_lie_inside_the_reserved_server_band
        PASS [   0.022s] ( 399/1841) liminal-protocol wire::authority_tests::enrollment_constructors_stay_inside_the_register_rows
        PASS [   0.027s] ( 400/1841) liminal-protocol outcome::startup_tests::connection_exhaustion_encodes_only_the_two_valid_payload_shapes
        PASS [   0.025s] ( 401/1841) liminal-protocol wire::authority_tests::credential_attach_constructors_stay_inside_the_register_rows
        PASS [   0.017s] ( 402/1841) liminal-protocol wire::authority_tests::lifecycle_matrix::detach_constructors_stay_inside_the_register_rows
        PASS [   0.016s] ( 403/1841) liminal-protocol wire::authority_tests::lifecycle_matrix::leave_constructors_stay_inside_the_register_rows
        PASS [   0.017s] ( 404/1841) liminal-protocol wire::authority_tests::lifecycle_matrix::narrow_constructors_embed_the_exact_origin_arm
        PASS [   0.022s] ( 405/1841) liminal-protocol wire::authority_tests::enrollment_receipt_expired_public_form_matches_the_sealed_lookup_wrapper
        PASS [   0.010s] ( 406/1841) liminal-protocol wire::authority_tests::records_matrix::observer_recovery_constructors_stay_inside_the_register_rows
        PASS [   0.019s] ( 407/1841) liminal-protocol wire::authority_tests::lifecycle_matrix::marker_ack_constructors_stay_inside_the_register_rows
        PASS [   0.010s] ( 408/1841) liminal-protocol wire::authority_tests::records_matrix::record_admission_constructors_stay_inside_the_register_rows
        PASS [   0.011s] ( 409/1841) liminal-protocol wire::authority_tests::records_matrix::bound_values_move_out_intact
        PASS [   0.013s] ( 410/1841) liminal-protocol wire::authority_tests::lifecycle_matrix::participant_ack_constructors_stay_inside_the_register_rows
        PASS [   0.013s] ( 411/1841) liminal-protocol wire::codec_tests::all_client_requests_round_trip
        PASS [   0.011s] ( 412/1841) liminal-protocol wire::codec_tests::inbound_gate_authentication_precedes_capability
        PASS [   0.010s] ( 413/1841) liminal-protocol wire::codec_tests::inbound_gate_framing_precedes_version
        PASS [   0.013s] ( 414/1841) liminal-protocol wire::codec_tests::fixed_request_and_delivery_sizes_match_the_contract
        PASS [   0.013s] ( 415/1841) liminal-protocol wire::codec_tests::header_and_prefix_are_network_order_and_exact
        PASS [   0.011s] ( 416/1841) liminal-protocol wire::codec_tests::inbound_gate_size_precedes_framing
        PASS [   0.016s] ( 417/1841) liminal-protocol wire::codec_tests::inbound_gate_maps_unknown_and_selected_body_failures
        PASS [   0.014s] ( 418/1841) liminal-protocol wire::codec_tests::inbound_gate_version_precedes_discriminant
        PASS [   0.020s] ( 419/1841) liminal-protocol wire::codec_tests::inbound_gate_uses_the_pre_capability_constant_before_allocation
        PASS [   0.013s] ( 420/1841) liminal-protocol wire::codec_tests::sdk_transport_rejection_bypasses_local_authentication_and_capability
        PASS [   0.014s] ( 421/1841) liminal-protocol wire::codec_tests::non_participant_outer_type_bypasses_every_participant_gate_stage
        PASS [   0.012s] ( 422/1841) liminal-protocol wire::codec_tests::recovery_count_is_bounded_before_allocation
        PASS [   0.013s] ( 423/1841) liminal-protocol wire::codec_tests::server_push_acceptance_tests::all_push_record_kinds_round_trip
        PASS [   0.015s] ( 424/1841) liminal-protocol wire::codec_tests::server_push_acceptance_tests::server_push_direction_and_codec_round_trip_all_record_kinds
        PASS [   0.012s] ( 425/1841) liminal-protocol wire::codec_tests::short_output_reports_exact_requirement
        PASS [   0.011s] ( 426/1841) liminal-protocol wire::codec_tests::trailing_truncated_and_zero_generation_classes_are_stable
        PASS [   0.012s] ( 427/1841) liminal-protocol wire::codec_tests::validated_frame_limit_enforces_the_explicit_complete_frame_range
        PASS [   0.021s] ( 428/1841) liminal-protocol wire::codec_tests::malformed_sdk_transport_rejection_does_not_receive_the_exception
        PASS [   0.009s] ( 429/1841) liminal-protocol wire::server_codec_tests::closure_churn_count_and_limit_use_u64_wire_widths
        PASS [   0.010s] ( 430/1841) liminal-protocol wire::codec_tests::wrong_direction_and_unassigned_values_are_unknown
        PASS [   0.010s] ( 431/1841) liminal-protocol wire::server_codec_tests::decoder_rejects_impossible_duplicate_success_fields
        PASS [   0.009s] ( 432/1841) liminal-protocol wire::server_codec_tests::all_37_server_values_round_trip_with_contiguous_tags
        PASS [   0.010s] ( 433/1841) liminal-protocol wire::server_codec_tests::all_37_server_values_round_trip_as_complete_frames
        PASS [   0.012s] ( 434/1841) liminal-protocol wire::server_codec_tests::decoder_rejects_invalid_terminal_generation_and_order_relations
        PASS [   0.012s] ( 435/1841) liminal-protocol wire::server_codec_tests::every_originating_request_pair_has_exact_routing
        PASS [   0.297s] ( 436/1841) liminal-protocol lifecycle::observer_recovery_transaction_tests::interleavings_never_split_arm_installation_and_durable_replay_converges
        PASS [   0.016s] ( 437/1841) liminal-protocol wire::server_codec_tests::decoder_rejects_invalid_order_backpressure_and_receipt_relations
        PASS [   0.014s] ( 438/1841) liminal-protocol wire::server_codec_tests::unsupported_body_version_is_preserved
        PASS [   0.019s] ( 439/1841) liminal-protocol wire::server_codec_tests::duplicate_success_fields_are_derived_by_typed_constructors
        PASS [   0.018s] ( 440/1841) liminal-protocol wire::tags_tests::attempt_and_authority_registries_are_origin_specific
        PASS [   0.019s] ( 441/1841) liminal-protocol wire::server_codec_tests::recovery_count_routes_before_unread_suffix
        PASS [   0.027s] ( 442/1841) liminal-protocol wire::server_codec_tests::invalid_tags_missing_trailing_and_zero_generation_are_classified
        PASS [   0.017s] ( 443/1841) liminal-protocol wire::tags_tests::close_cause_payload_does_not_change_its_tag
        PASS [   0.027s] ( 444/1841) liminal-protocol wire::server_codec_tests::terminalized_detach_wire_arm_retains_old_epoch
        PASS [   0.023s] ( 445/1841) liminal-protocol wire::tags_tests::capacity_and_edge_registries_are_exact
        PASS [   0.023s] ( 446/1841) liminal-protocol wire::tags_tests::client_registry_is_exactly_eight_contiguous_values
        PASS [   0.017s] ( 447/1841) liminal-protocol wire::tags_tests::receipt_marker_ack_and_recovery_reason_registries_are_exact
        PASS [   0.020s] ( 448/1841) liminal-protocol wire::tags_tests::pushed_and_record_registries_preserve_their_explicit_bases
        PASS [   0.015s] ( 449/1841) liminal-protocol wire::tags_tests::transport_and_decode_registries_are_exact
        PASS [   0.023s] ( 450/1841) liminal-protocol wire::tags_tests::close_cause_registry_is_exact
        PASS [   0.017s] ( 451/1841) liminal-protocol wire::tags_tests::server_registry_is_exactly_thirty_seven_contiguous_values
        PASS [   0.017s] ( 452/1841) liminal-protocol::acceptance_01_25 acceptance_03_failed_admissions_do_not_consume_sequence
        PASS [   0.017s] ( 453/1841) liminal-protocol::acceptance_01_25 acceptance_02_crash_before_ack_redelivers_identical_key
        PASS [   0.018s] ( 454/1841) liminal-protocol::acceptance_01_25 acceptance_01_same_session_duplicate_guard
        PASS [   0.015s] ( 455/1841) liminal-protocol::acceptance_01_25 acceptance_04_all_participants_observe_one_conversation_sequence
        PASS [   0.016s] ( 456/1841) liminal-protocol::acceptance_01_25 acceptance_08_silence_never_advances_replay
        PASS [   0.021s] ( 457/1841) liminal-protocol::acceptance_01_25 acceptance_05_replay_live_cutover_is_lossless_and_ordered
        PASS [   0.018s] ( 458/1841) liminal-protocol::acceptance_01_25 acceptance_09_enrollment_replay_is_stable_and_expiry_cannot_ghost_mint
        PASS [   0.022s] ( 459/1841) liminal-protocol::acceptance_01_25 acceptance_06_history_compaction_marker_accept_decline_and_replay
        PASS [   0.017s] ( 460/1841) liminal-protocol::acceptance_01_25 acceptance_13_leave_authority_decode_replay_and_serialized_races
        PASS [   0.027s] ( 461/1841) liminal-protocol::acceptance_01_25 acceptance_07_conversation_demux_has_independent_cursors
        PASS [   0.019s] ( 462/1841) liminal-protocol::acceptance_01_25 acceptance_11_generation_race_has_one_rotation_and_one_handoff_pair
        PASS [   0.030s] ( 463/1841) liminal-protocol::acceptance_01_25 acceptance_10_member_replay_detach_reattach_leave_and_floor
        PASS [   0.027s] ( 464/1841) liminal-protocol::acceptance_01_25 acceptance_12_retired_replays_never_disclose_secret_or_remint
        PASS [   0.026s] ( 465/1841) liminal-protocol::acceptance_01_25 acceptance_14_unbound_receipt_never_grants_new_connection_authority
        PASS [   0.025s] ( 466/1841) liminal-protocol::acceptance_01_25 acceptance_15_sdk_generation_monotonicity_deadlines_and_receipt_cap
        PASS [   0.024s] ( 467/1841) liminal-protocol::acceptance_01_25 acceptance_16_four_worked_floor_cases
        PASS [   0.027s] ( 468/1841) liminal-protocol::acceptance_01_25 acceptance_17_expired_winner_and_stale_loser_are_exactly_classified
        PASS [   0.020s] ( 469/1841) liminal-protocol::acceptance_01_25 acceptance_22_old_enrollment_token_becomes_known_not_reminted
        PASS [   0.023s] ( 470/1841) liminal-protocol::acceptance_01_25 acceptance_19_backpressure_wakes_once_but_acks_never_park
        PASS [   0.024s] ( 471/1841) liminal-protocol::acceptance_01_25 acceptance_20_lost_credential_recovery_is_terminal_and_preserves_identity
        PASS [   0.018s] ( 472/1841) liminal-protocol::acceptance_01_25 acceptance_24_pending_finalization_crash_recovery_is_atomic
        PASS [   0.022s] ( 473/1841) liminal-protocol::acceptance_01_25 acceptance_21_reachable_joint_generation_sequence_boundary
        PASS [   0.024s] ( 474/1841) liminal-protocol::acceptance_01_25 acceptance_23_backpressure_progress_cycles_are_event_driven_and_nonmutating
        PASS [   0.021s] ( 475/1841) liminal-protocol::acceptance_01_25 acceptance_25_configuration_matrix_and_generated_capacity_boundary
        PASS [   0.043s] ( 476/1841) liminal-protocol::acceptance_01_25 acceptance_18_identity_ordinals_and_capacity_scope_precedence
        PASS [   0.017s] ( 477/1841) liminal-protocol::acceptance_26_44 case_30_candidate_order_controls_marker_and_terminal_append_order
        PASS [   0.025s] ( 478/1841) liminal-protocol::acceptance_26_44 case_26_entry_sequence_equality_snapshot
        PASS [   0.020s] ( 479/1841) liminal-protocol::acceptance_26_44 case_27_reconnect_race_and_connection_capacity
        PASS [   0.016s] ( 480/1841) liminal-protocol::acceptance_26_44 case_29_post_leave_enrollment_and_credential_token_replay
        PASS [   0.016s] ( 481/1841) liminal-protocol::acceptance_26_44 case_28_detach_replay_terminalization_and_leave_precedence
        PASS [   0.014s] ( 482/1841) liminal-protocol::acceptance_26_44 case_32_sdk_parking_and_static_record_size_boundaries
        PASS [   0.015s] ( 483/1841) liminal-protocol::acceptance_26_44 case_35_atomic_detach_and_terminalized_replay_without_fabricated_epoch
        PASS [   0.016s] ( 484/1841) liminal-protocol::acceptance_26_44 case_33_observer_recovery_list_selector_and_sizes
        PASS [   0.015s] ( 485/1841) liminal-protocol::acceptance_26_44 case_34_ack_and_marker_proof_selector
        PASS [   0.020s] ( 486/1841) liminal-protocol::acceptance_26_44 case_31_sequence_exhaustion_is_atomic_in_both_arms
        PASS [   0.014s] ( 487/1841) liminal-protocol::acceptance_26_44 case_36_attach_receipt_superseded_before_deadline
        PASS [   0.013s] ( 488/1841) liminal-protocol::acceptance_26_44 case_37_uniform_marker_plan_position_and_capacity_arithmetic
        PASS [   0.013s] ( 489/1841) liminal-protocol::acceptance_26_44 case_38_delayed_ack_is_keyed_to_explicit_identity_and_generation
        PASS [   0.013s] ( 490/1841) liminal-protocol::acceptance_26_44 case_40_parking_renegotiation_selects_first_incompatible_dimension
        PASS [   0.013s] ( 491/1841) liminal-protocol::acceptance_26_44 case_39_total_unknown_stale_unbound_and_retired_precedence
        PASS [   0.016s] ( 492/1841) liminal-protocol::acceptance_26_44 case_41_pending_detach_replay_and_progress_race
        PASS [   0.014s] ( 493/1841) liminal-protocol::acceptance_26_44 case_44_dcr_leave_fence_and_typed_cursor_release_suffix
        PASS [   0.015s] ( 494/1841) liminal-protocol::acceptance_26_44 case_42_binding_slot_handoff_and_incarnation_exhaustion
        PASS [   0.015s] ( 495/1841) liminal-protocol::acceptance_26_44 case_43_reachable_park_and_transaction_order_exhaustion
        PASS [   0.014s] ( 496/1841) liminal-protocol::acceptance_45_51 acceptance_case_46_flat_exit_claim_survives_detach_reattach_and_leave_fate_races
        PASS [   0.015s] ( 497/1841) liminal-protocol::acceptance_45_51 acceptance_case_48_marker_ack_and_fenced_recovery_converge_for_both_observer_orders
        PASS [   0.015s] ( 498/1841) liminal-protocol::acceptance_45_51 acceptance_case_45_uniform_marker_episode_and_per_participant_occurrences
        PASS [   0.016s] ( 499/1841) liminal-protocol::acceptance_45_51 acceptance_case_47_canonical_sequence_budgets_and_gap_free_boundary_histories
        PASS [   0.018s] ( 500/1841) liminal-protocol::acceptance_45_51 acceptance_case_49_undelivered_marker_is_leave_only_and_never_fenced_recovery
        PASS [   0.011s] ( 501/1841) liminal-protocol::acceptance_45_51 attach_commit_splits_operational_state_and_one_noncloneable_fate_token
        PASS [   0.013s] ( 502/1841) liminal-protocol::acceptance_45_51 acceptance_case_51_detached_attach_exhaustion_and_cursor_only_recovery_fence
        PASS [   0.011s] ( 503/1841) liminal-protocol::acceptance_45_51 fenced_marker_source_retains_exact_frontier_facts_without_minting
        PASS [   0.012s] ( 504/1841) liminal-protocol::acceptance_52_56 acceptance_case_54_multi_binding_shutdown_families_and_participant_scoped_progress
        PASS [   0.013s] ( 505/1841) liminal-protocol::acceptance_52_56 acceptance_case_53_verifier_precedence_receipt_provenance_and_terminalized_detach
        PASS [   0.012s] ( 506/1841) liminal-protocol::acceptance_52_56 acceptance_case_55_adjacent_and_intervening_positional_leave_crash_replay
        PASS [   0.016s] ( 507/1841) liminal-protocol::acceptance_52_56 acceptance_case_52_one_shot_recovery_phase_latch_and_handshake_limits
        PASS [   0.011s] ( 508/1841) liminal-protocol::acceptance_52_56 acceptance_case_56_sequence_equality_and_pcp_ordering_without_occurrence_array
        PASS [   0.011s] ( 509/1841) liminal-protocol::algebra_fixtures multi_binding_debt_walk_respects_q_and_full_k
        PASS [   0.012s] ( 510/1841) liminal-protocol::algebra_fixtures byte_budget_walk_tests_every_removal_candidate
        PASS [   0.014s] ( 511/1841) liminal-protocol::algebra_fixtures byte_budget_recovery_and_leave_releases_restore_full_k
        PASS [   0.014s] ( 512/1841) liminal-protocol::algebra_fixtures required_capacity_component_copies_have_exact_debts
        PASS [   0.015s] ( 513/1841) liminal-protocol::algebra_fixtures three_member_admission_walk_is_marker_credit_neutral
        PASS [   0.015s] ( 514/1841) liminal-protocol::algebra_fixtures startup_equality_checks_both_one_below_components
        PASS [   0.017s] ( 515/1841) liminal-protocol::conversation_restore public_restore_cannot_conjure_binding_authority_without_a_producer_origin
        PASS [   0.017s] ( 516/1841) liminal-protocol::conversation_restore public_total_restore_refuses_duplicate_participants
        PASS [   0.017s] ( 517/1841) liminal-protocol::conversation_restore public_total_restore_refuses_cross_conversation_tombstones
        PASS [   0.011s] ( 518/1841) liminal-protocol::conversation_restore public_total_restore_refuses_frontier_participants_without_capsules
        PASS [   0.011s] ( 519/1841) liminal-protocol::conversation_restore public_total_restore_validates_a_settled_conversation
        PASS [   0.026s] ( 520/1841) liminal-protocol::properties crash_replay_of_storage_selectors_is_identical
        PASS [   0.031s] ( 521/1841) liminal-protocol::properties crash_replay_of_ack_transition_is_identical
        PASS [   0.030s] ( 522/1841) liminal-rs causal::tests::child_context_carries_parent_reference
        PASS [   0.033s] ( 523/1841) liminal-protocol::properties the_marker_clamp_lowers_and_the_installed_floor_stays_inside_its_interval
        PASS [   0.033s] ( 524/1841) liminal-rs causal::orderer::tests::buffers_child_until_parent_emits
        PASS [   0.033s] ( 525/1841) liminal-rs causal::orderer::tests::orphan_drain_keeps_buffered_chain_in_causal_order
        PASS [   0.033s] ( 526/1841) liminal-rs causal::orderer::tests::orphan_timeout_emits_with_warning_flag
        PASS [   0.033s] ( 527/1841) liminal-rs causal::orderer::tests::independent_messages_emit_immediately
        PASS [   0.050s] ( 528/1841) liminal-protocol::properties ack_interleavings_are_serializable_and_monotone
        PASS [   0.016s] ( 529/1841) liminal-rs causal::tests::happened_before_follows_full_parent_chain
        PASS [   0.018s] ( 530/1841) liminal-rs causal::tests::generated_message_ids_are_unique
        PASS [   0.017s] ( 531/1841) liminal-rs causal::tests::root_context_has_no_parent
        PASS [   0.019s] ( 532/1841) liminal-rs channel::schema::tests::schema_is_clone_send_sync
        PASS [   0.029s] ( 533/1841) liminal-rs channel::subscription::inbox_bounding::charge_and_release_are_exact
        PASS [   0.041s] ( 534/1841) liminal-rs channel::subscription::inbox_bounding::closed_inbox_refuses_without_charging
        PASS [   0.054s] ( 535/1841) liminal-rs channel::subscription::cooperative_smoke::real_subscriber_process_delivers_a_published_envelope_cooperatively
        PASS [   0.051s] ( 536/1841) liminal-rs channel::subscription::inbox_bounding::close_is_idempotent_and_drains_the_queue
        PASS [   0.045s] ( 537/1841) liminal-rs channel::subscription::inbox_bounding::close_releases_queued_charges_so_siblings_recover
        PASS [   0.060s] ( 538/1841) liminal-rs channel::schema::tests::evolution_rejects_non_object_schema
        PASS [   0.060s] ( 539/1841) liminal-rs channel::schema::tests::explicit_schema_id_is_preserved
        PASS [   0.022s] ( 540/1841) liminal-rs channel::subscription::inbox_bounding::drop_backstop_releases_queued_charges
        PASS [   0.060s] ( 541/1841) liminal-rs channel::schema::tests::validates_payload_against_json_schema
        PASS [   0.065s] ( 542/1841) liminal-rs channel::schema::tests::evolution_adds_defaulted_field_and_changes_schema_id
        PASS [   0.014s] ( 543/1841) liminal-rs channel::subscription::inbox_bounding::per_entry_charge_ownership_survives_budget_install
        PASS [   0.015s] ( 544/1841) liminal-rs channel::subscription::inbox_bounding::notifier_install_onto_non_empty_inbox_fires_once
        PASS [   0.015s] ( 545/1841) liminal-rs channel::subscription::inbox_bounding::per_inbox_fairness_trip_stops_one_inbox_starving_siblings
        PASS [   0.015s] ( 546/1841) liminal-rs channel::subscription::inbox_bounding::shared_budget_is_spent_across_all_a_connections_inboxes
        PASS [   0.015s] ( 547/1841) liminal-rs channel::subscription::inbox_bounding::overflow_sheds_and_does_not_grow_memory
        PASS [   0.017s] ( 548/1841) liminal-rs channel::subscription::inbox_bounding::notifier_fires_only_on_empty_to_non_empty_transition
        PASS [   0.029s] ( 549/1841) liminal-rs channel::tests::is_actor_spawned_reports_an_idle_channel_without_spawning_it
        PASS [   0.044s] ( 550/1841) liminal-rs channel::tests::command_on_dead_actor_returns_promptly_not_after_timeout
        PASS [   0.044s] ( 551/1841) liminal-rs channel::tests::channel_restarts_after_crash_and_publish_succeeds
        PASS [   0.030s] ( 552/1841) liminal-rs channel::tests::evolved_schema_keeps_existing_subscriber_and_applies_default
        PASS [   0.028s] ( 553/1841) liminal-rs channel::tests::predicate_subscription_only_receives_matching_messages
        PASS [   0.027s] ( 554/1841) liminal-rs channel::tests::max_restarts_budget_bounds_restarts
        PASS [   0.028s] ( 555/1841) liminal-rs channel::tests::is_actor_spawned_is_true_once_an_operation_forces_the_actor
        PASS [   0.062s] ( 556/1841) liminal-rs channel::tests::explicit_unsubscribe_removes_subscriber
        PASS [   0.033s] ( 557/1841) liminal-rs channel::tests::publish_invalid_message_returns_schema_mismatch_without_delivery
        PASS [   0.035s] ( 558/1841) liminal-rs channel::tests::registry_creates_looks_up_lists_and_rejects_duplicates
        PASS [   0.076s] ( 559/1841) liminal-rs channel::tests::dropping_subscription_removes_subscriber_via_exit
        PASS [   0.037s] ( 560/1841) liminal-rs channel::tests::restarting_one_channel_does_not_disturb_another
        PASS [   0.037s] ( 561/1841) liminal-rs channel::tests::publish_after_close_is_rejected
        PASS [   0.046s] ( 562/1841) liminal-rs channel::tests::publish_valid_message_delivers_envelope
        PASS [   0.046s] ( 563/1841) liminal-rs channel::tests::restart_policy_never_is_configurable
        PASS [   0.011s] ( 564/1841) liminal-rs channel::wire::tests::rejects_an_empty_frame
        PASS [   0.013s] ( 565/1841) liminal-rs channel::wire::tests::magic_is_stable
        PASS [   0.047s] ( 566/1841) liminal-rs channel::tests::separate_channels_are_independent_processes
        PASS [   0.012s] ( 567/1841) liminal-rs channel::wire::tests::rejects_a_truncated_frame
        PASS [   0.013s] ( 568/1841) liminal-rs channel::wire::tests::round_trips_a_full_envelope
        PASS [   0.015s] ( 569/1841) liminal-rs channel::wire::tests::rejects_an_unknown_magic
        PASS [   0.011s] ( 570/1841) liminal-rs channel::wire::tests::round_trips_an_envelope_without_causal_context
        PASS [   0.018s] ( 571/1841) liminal-rs conversation::actor::tests::actor_is_spawned_linked_and_queryable
        PASS [   0.018s] ( 572/1841) liminal-rs conversation::actor::tests::bare_actor_exit_removes_registrations_without_restart_or_close
        PASS [   0.018s] ( 573/1841) liminal-rs conversation::actor::tests::blocked_receive_is_released_by_finalize
        PASS [   0.018s] ( 574/1841) liminal-rs conversation::actor::tests::abnormal_exit_racing_close_is_recorded_without_reopening_phase
        PASS [   0.019s] ( 575/1841) liminal-rs conversation::actor::tests::boot_discovered_death_under_fail_policy_fails_conversation_honestly
        PASS [   0.016s] ( 576/1841) liminal-rs conversation::actor::tests::boot_records_death_that_occurred_while_actor_was_down_and_continues
        PASS [   0.016s] ( 577/1841) liminal-rs conversation::actor::tests::close_and_finalize_suppress_expected_watcher_exit
        PASS [   0.014s] ( 578/1841) liminal-rs conversation::actor::tests::command_enqueued_after_finalize_is_rejected
        PASS [   0.016s] ( 579/1841) liminal-rs conversation::actor::tests::closing_conversation_terminates_and_deregisters_participant
        PASS [   0.015s] ( 580/1841) liminal-rs conversation::actor::tests::finalized_conversation_refuses_all_operations_without_respawn
        PASS [   0.018s] ( 581/1841) liminal-rs conversation::actor::tests::finalize_racing_respawn_leaves_no_processes_or_registrations
        PASS [   0.051s] ( 582/1841) liminal-rs channel::tests::subscriber_death_detection_survives_restart
        PASS [   0.024s] ( 583/1841) liminal-rs conversation::actor::tests::participant_death_arrives_as_trapped_exit_without_timeout
        PASS [   0.050s] ( 584/1841) liminal-rs conversation::actor::tests::external_watcher_kill_fails_and_finalizes_conversation
        PASS [   0.077s] ( 585/1841) liminal-rs conversation::actor::tests::parked_unlinked_watcher_wake_probes_and_self_terminates
        PASS [   0.087s] ( 586/1841) liminal-rs conversation::actor::tests::handle_progresses_created_active_closed_lifecycle
        PASS [   0.075s] ( 587/1841) liminal-rs conversation::actor::tests::restart_after_recorded_participant_crash_prunes_dead_pid_without_duplicate
        PASS [   0.086s] ( 588/1841) liminal-rs conversation::actor::tests::notify_on_already_dead_participant_fires_immediately
        PASS [   0.080s] ( 589/1841) liminal-rs conversation::actor::tests::spawn_rolls_back_when_actor_dies_between_watcher_arm_and_boot
        PASS [   0.049s] ( 590/1841) liminal-rs conversation::actor::tests::supervisor_restarts_only_crashed_actor
        PASS [   0.062s] ( 591/1841) liminal-rs conversation::actor::tests::stale_watcher_exit_is_ignored_by_identity_check
        PASS [   0.117s] ( 592/1841) liminal-rs conversation::actor::tests::boot_wait_is_bounded_and_purges_the_queued_command
        PASS [   0.018s] ( 593/1841) liminal-rs conversation::actor::tests::watcher_is_linked_to_actor_after_open
        PASS [   0.018s] ( 594/1841) liminal-rs conversation::actor::tests::watcher_probe_reaps_already_dead_target_instead_of_parking
        PASS [   0.018s] ( 595/1841) liminal-rs conversation::patterns::tests::ask_echo_round_trips_payload
        PASS [   0.014s] ( 596/1841) liminal-rs conversation::patterns::tests::ask_returns_real_participant_reply
        PASS [   0.015s] ( 597/1841) liminal-rs conversation::patterns::tests::ask_reports_participant_crash_before_reply
        PASS [   0.014s] ( 598/1841) liminal-rs conversation::types::tests::child_conversation_references_parent_trace_context
        PASS [   0.012s] ( 599/1841) liminal-rs conversation::types::tests::conversation_handle_is_clone_send_sync
        PASS [   0.020s] ( 600/1841) liminal-rs conversation::types::tests::message_mapping_preserves_trace_context
        PASS [   0.019s] ( 601/1841) liminal-rs conversation::types::tests::messages_inherit_conversation_trace_context_automatically
        PASS [   0.016s] ( 602/1841) liminal-rs durability::conversation::tests::append_advances_sequence_and_conflict_is_not_retried
        PASS [   0.016s] ( 603/1841) liminal-rs durability::bridge::tests::block_on_returns_value_from_ready_future
        PASS [   0.019s] ( 604/1841) liminal-rs conversation::types::tests::starting_conversation_creates_named_span_with_fresh_trace_context
        PASS [   0.016s] ( 605/1841) liminal-rs durability::conversation::tests::event_serialization_round_trips_all_variants
        PASS [   0.017s] ( 606/1841) liminal-rs durability::bridge::tests::block_on_fails_loudly_and_fast_on_always_pending_future
        PASS [   0.020s] ( 607/1841) liminal-rs durability::conversation::tests::partial_redelivery_resumes_after_last_completed_step
        PASS [   0.020s] ( 608/1841) liminal-rs durability::conversation::tests::never_seen_delivery_appends_received_event_and_starts
        PASS [   0.020s] ( 609/1841) liminal-rs durability::conversation::tests::fully_processed_redelivery_is_no_op
        PASS [   0.020s] ( 610/1841) liminal-rs durability::cursor::tests::checkpoint_returns_regression_for_stale_or_backward_offsets
        PASS [   0.020s] ( 611/1841) liminal-rs durability::conversation::tests::recovery_replays_event_log_and_sets_expected_sequence
        PASS [   0.020s] ( 612/1841) liminal-rs durability::conversation::tests::replaying_same_events_twice_produces_identical_state
        PASS [   0.034s] ( 613/1841) liminal-rs durability::conversation::tests::state_default_is_empty_and_helpers_track_finished_and_steps
        PASS [   0.016s] ( 614/1841) liminal-rs durability::cursor::tests::explicit_flush_driver_checkpoints_only_on_flush
        PASS [   0.016s] ( 615/1841) liminal-rs durability::cursor::tests::per_message_driver_checkpoints_each_message_and_resets
        PASS [   0.017s] ( 616/1841) liminal-rs durability::cursor::tests::checkpoint_uses_current_offset_key_and_updates_on_success
        PASS [   0.018s] ( 617/1841) liminal-rs durability::cursor::tests::driver_can_be_built_from_durability_config
        PASS [   0.019s] ( 618/1841) liminal-rs durability::cursor::tests::cursor_constructors_expose_partition_state_and_debug_clone
        PASS [   0.023s] ( 619/1841) liminal-rs durability::cursor::tests::per_batch_driver_waits_for_batch_size_then_resets
        PASS [   0.012s] ( 620/1841) liminal-rs durability::dedup::tests::complete_receipt_appends_completed_entry_with_receipt_timestamp
        PASS [   0.013s] ( 621/1841) liminal-rs durability::cursor::tests::resume_reads_persisted_offset_without_writing
        PASS [   0.013s] ( 622/1841) liminal-rs durability::cursor::tests::resume_without_persisted_offset_starts_at_zero
        PASS [   0.013s] ( 623/1841) liminal-rs durability::dedup::tests::completing_completed_key_is_idempotent_only_for_matching_receipt
        PASS [   0.014s] ( 624/1841) liminal-rs durability::dedup::tests::duplicate_completed_returns_receipt_without_append
        PASS [   0.015s] ( 625/1841) liminal-rs durability::dedup::tests::completing_missing_key_returns_collision
        PASS [   0.013s] ( 626/1841) liminal-rs durability::dedup::tests::duplicate_inflight_returns_status_without_timestamp_refresh
        PASS [   0.012s] ( 627/1841) liminal-rs durability::dedup::tests::key_hash_and_stream_key_are_deterministic
        PASS [   0.012s] ( 628/1841) liminal-rs durability::dedup::tests::release_claim_is_idempotent_across_double_release
        PASS [   0.012s] ( 629/1841) liminal-rs durability::dedup::tests::release_claim_conflict_resolves_against_a_legitimate_reclaim
        PASS [   0.012s] ( 630/1841) liminal-rs durability::dedup::tests::release_claim_never_clobbers_a_stored_receipt
        PASS [   0.014s] ( 631/1841) liminal-rs durability::dedup::tests::release_claim_on_absent_key_is_noop
        PASS [   0.018s] ( 632/1841) liminal-rs durability::dedup::tests::entry_serialization_round_trips_required_fields
        PASS [   0.186s] ( 633/1841) liminal-rs conversation::actor::tests::repeated_open_close_pins_bounded_registries
        PASS [   0.019s] ( 634/1841) liminal-rs durability::dedup::tests::release_claim_tombstones_inflight_and_allows_reclaim
        PASS [   0.014s] ( 635/1841) liminal-rs durability::dedup::tests::sweep_uses_scan_and_respects_ttl_grace
        PASS [   0.014s] ( 636/1841) liminal-rs durability::dedup::tests::sweep_keeps_receipt_younger_than_ttl_even_when_claim_is_old
        PASS [   0.014s] ( 637/1841) liminal-rs durability::receipt::tests::receipt_debug_reports_length_not_contents
        PASS [   0.016s] ( 638/1841) liminal-rs durability::receipt::tests::receipts_compare_by_bytes
        PASS [   0.020s] ( 639/1841) liminal-rs durability::recovery::tests::conversation_recovery_replays_partial_and_finished_state
        PASS [   0.021s] ( 640/1841) liminal-rs durability::recovery::tests::channel_recovery_reconstructs_partition_sequences
        PASS [   0.019s] ( 641/1841) liminal-rs durability::recovery::tests::cursor_recovery_resumes_offset_and_replays_missed_messages
        PASS [   0.016s] ( 642/1841) liminal-rs durability::recovery::tests::cursor_recovery_without_persisted_offset_starts_at_zero
        PASS [   0.017s] ( 643/1841) liminal-rs durability::replay::tests::replay_empty_partition_from_zero_returns_empty_without_error
        PASS [   0.020s] ( 644/1841) liminal-rs durability::replay::tests::deserialize_orders_strictly_by_sequence_when_input_is_shuffled
        PASS [   0.020s] ( 645/1841) liminal-rs durability::replay::tests::replay_empty_range_returns_empty_without_error
        PASS [   0.018s] ( 646/1841) liminal-rs durability::replay::tests::replay_paginates_until_empty_even_when_pages_are_partial
        PASS [   0.015s] ( 647/1841) liminal-rs durability::replay::tests::replay_returns_messages_in_sequence_order_from_offset
        PASS [   0.020s] ( 648/1841) liminal-rs envelope::tests::envelope_assigns_unique_message_ids
        PASS [   0.032s] ( 649/1841) liminal-rs durability::store::ephemeral_lifecycle_tests::guard_drops_store_before_removing_directory
        PASS [   0.037s] ( 650/1841) liminal-rs durability::store::ephemeral_lifecycle_tests::guard_leaks_directory_when_store_drop_panics
        PASS [   0.041s] ( 651/1841) liminal-rs durability::store::ephemeral_lifecycle_tests::ephemeral_open_failure_rolls_back_directory
        PASS [   0.013s] ( 652/1841) liminal-rs envelope::tests::envelope_carries_required_fields
        PASS [   0.015s] ( 653/1841) liminal-rs metrics::export::tests::escapes_label_values_and_sanitizes_label_names
        PASS [   0.182s] ( 654/1841) liminal-rs conversation::patterns::tests::ask_times_out_when_participant_never_replies
        PASS [   0.015s] ( 655/1841) liminal-rs metrics::export::tests::render_prefixes_digit_leading_metric_and_label_names
        PASS [   0.016s] ( 656/1841) liminal-rs metrics::export::tests::renders_counter_with_type_help_labels_and_sanitized_name
        PASS [   0.020s] ( 657/1841) liminal-rs metrics::export::tests::renders_histogram_buckets_sum_and_count
        PASS [   0.021s] ( 658/1841) liminal-rs metrics::export::tests::renders_gauge_values_without_empty_label_blocks
        PASS [   0.018s] ( 659/1841) liminal-rs metrics::export::tests::renders_same_snapshot_identically
        PASS [   0.018s] ( 660/1841) liminal-rs metrics::export::tests::sanitizers_prefix_leading_digit_to_keep_first_char_valid
        PASS [   0.020s] ( 661/1841) liminal-rs pressure::capacity::tests::capacity_tracker_starts_empty_and_records_counts
        PASS [   0.021s] ( 662/1841) liminal-rs pressure::capacity::tests::capacity_tracker_reports_underflow_errors_without_negative_counts
        PASS [   0.019s] ( 663/1841) liminal-rs pressure::capacity::tests::consumer_capacity_constructs_with_public_fields_and_validates_positive_limits
        PASS [   0.015s] ( 664/1841) liminal-rs pressure::capacity::tests::pressure_root_re_exports_capacity_types
        PASS [   0.015s] ( 665/1841) liminal-rs pressure::capacity::tests::pressure_signal_defers_when_in_flight_full_and_buffer_has_capacity
        PASS [   0.015s] ( 666/1841) liminal-rs pressure::capacity::tests::pressure_signal_rejects_when_in_flight_and_buffer_limits_are_reached
        PASS [   0.015s] ( 667/1841) liminal-rs pressure::capacity::tests::pressure_signal_accepts_when_in_flight_capacity_is_available
        PASS [   0.015s] ( 668/1841) liminal-rs pressure::capacity::tests::pressure_signal_accepts_available_in_flight_regardless_of_buffer_state
        PASS [   0.012s] ( 669/1841) liminal-rs pressure::enforce::tests::custom_monitor_scores_are_enforced_without_manual_evaluate_call
        PASS [   0.015s] ( 670/1841) liminal-rs pressure::enforce::tests::scale_consumer_policy_emits_scale_signal_with_channel_and_consumer_count
        PASS [   0.015s] ( 671/1841) liminal-rs pressure::enforce::tests::enforcement_runs_as_part_of_each_monitor_update
        PASS [   0.015s] ( 672/1841) liminal-rs pressure::enforce::tests::policy_enforcement_emits_slow_producer_when_threshold_is_crossed
        PASS [   0.015s] ( 673/1841) liminal-rs pressure::enforce::tests::enforcement_returns_no_actions_below_all_thresholds
        PASS [   0.027s] ( 674/1841) liminal-rs pressure::monitor::tests::channel_pressure_aggregates_across_consumers
        PASS [   0.026s] ( 675/1841) liminal-rs pressure::monitor::tests::consumer_utilization_uses_current_and_max_in_flight
        PASS [   0.029s] ( 676/1841) liminal-rs pressure::monitor::tests::pressure_scores_are_clamped_to_unit_range
        PASS [   0.029s] ( 677/1841) liminal-rs pressure::monitor::tests::monitor_tracks_accept_defer_and_reject_counts_per_consumer
        PASS [   0.029s] ( 678/1841) liminal-rs pressure::monitor::tests::pressure_monitor_starts_without_tracked_consumers
        PASS [   0.033s] ( 679/1841) liminal-rs pressure::monitor::tests::scoring_function_is_configurable
        PASS [   0.018s] ( 680/1841) liminal-rs pressure::policy::tests::channel_policy_config_stores_policies_in_threshold_order
        PASS [   0.029s] ( 681/1841) liminal-rs pressure::monitor::tests::signal_for_unregistered_consumer_does_not_create_ghost_or_dilute_pressure
        PASS [   0.024s] ( 682/1841) liminal-rs pressure::policy::tests::policies_compose_in_escalation_sequence
        PASS [   0.025s] ( 683/1841) liminal-rs pressure::policy::tests::policy_action_defines_exact_pressure_actions
        PASS [   0.015s] ( 684/1841) liminal-rs pressure::policy::tests::pressure_policy_constructs_with_action_and_threshold
        PASS [   0.017s] ( 685/1841) liminal-rs pressure::policy::tests::pressure_root_re_exports_policy_types
        PASS [   0.019s] ( 686/1841) liminal-rs pressure::signal::tests::pressure_signal_defines_only_accept_defer_reject_semantics
        PASS [   0.021s] ( 687/1841) liminal-rs protocol::backpressure::tests::accept_decrements_outstanding_and_returns_to_normal
        PASS [   0.021s] ( 688/1841) liminal-rs pressure::signal::tests::pressure_root_re_exports_signal_result_types
        PASS [   0.021s] ( 689/1841) liminal-rs pressure::signal::tests::delivery_result_carries_signal_in_return_value
        PASS [   0.013s] ( 690/1841) liminal-rs protocol::backpressure::tests::accept_preserves_rejecting_when_still_beyond_buffer
        PASS [   0.017s] ( 691/1841) liminal-rs protocol::backpressure::tests::payload_structs_carry_referenced_message_ids_and_reasons
        PASS [   0.018s] ( 692/1841) liminal-rs protocol::backpressure::tests::accept_with_zero_outstanding_returns_protocol_error
        PASS [   0.277s] ( 693/1841) liminal-rs durability::store::ephemeral_lifecycle_tests::ephemeral_dir_removed_after_last_handle_drops
        PASS [   0.029s] ( 694/1841) liminal-rs protocol::backpressure::tests::stream_pressure_rejects_zero_capacity
        PASS [   0.029s] ( 695/1841) liminal-rs protocol::backpressure::tests::stream_pressure_transitions_to_deferred_at_max_in_flight
        PASS [   0.039s] ( 696/1841) liminal-rs protocol::backpressure::tests::stream_pressure_transitions_to_rejecting_beyond_buffer
        PASS [   0.040s] ( 697/1841) liminal-rs protocol::backpressure::tests::public_backpressure_types_implement_debug
        PASS [   0.045s] ( 698/1841) liminal-rs protocol::backpressure::tests::pressure_state_has_exact_required_variants
        PASS [   0.297s] ( 699/1841) liminal-rs durability::store::ephemeral_lifecycle_tests::ephemeral_dir_survives_until_last_store_clone_drops
        PASS [   0.033s] ( 700/1841) liminal-rs protocol::backpressure::tests::subscribe_capacity_can_create_stream_pressure
        PASS [   0.023s] ( 701/1841) liminal-rs protocol::causal::tests::causal_context_serialization_round_trips
        PASS [   0.305s] ( 702/1841) liminal-rs durability::store::ephemeral_lifecycle_tests::rooted_ephemeral_store_lives_and_dies_under_the_given_root
        PASS [   0.021s] ( 703/1841) liminal-rs protocol::causal::tests::constructors_create_expected_context_shapes
        PASS [   0.030s] ( 704/1841) liminal-rs protocol::causal::tests::causal_context_trait_bounds_are_available
        PASS [   0.018s] ( 705/1841) liminal-rs protocol::causal::tests::independent_context_serializes_as_absent_fields
        PASS [   0.020s] ( 706/1841) liminal-rs protocol::causal::tests::extract_reads_causal_context_without_payload_parsing
        PASS [   0.019s] ( 707/1841) liminal-rs protocol::codec::tests::causal_context_extracts_from_publish_frame_envelope_bytes
        PASS [   0.012s] ( 708/1841) liminal-rs protocol::codec::tests::decode_short_header_returns_incomplete_header
        PASS [   0.014s] ( 709/1841) liminal-rs protocol::codec::tests::conversation_close_optional_reason_code_round_trips
        PASS [   0.015s] ( 710/1841) liminal-rs protocol::codec::tests::decode_handles_garbage_inputs_without_panicking
        PASS [   0.013s] ( 711/1841) liminal-rs protocol::codec::tests::decode_rejects_invalid_stream_without_panicking
        PASS [   0.014s] ( 712/1841) liminal-rs protocol::codec::tests::decode_truncated_payload_returns_truncated_payload
        PASS [   0.018s] ( 713/1841) liminal-rs protocol::codec::tests::decode_unknown_frame_type_returns_unknown_and_consumes_payload
        PASS [   0.013s] ( 714/1841) liminal-rs protocol::codec::tests::deliver_frame_round_trips_seq_and_envelope
        PASS [   0.014s] ( 715/1841) liminal-rs protocol::codec::tests::encode_writes_header_fields_in_wire_order
        PASS [   0.020s] ( 716/1841) liminal-rs protocol::codec::tests::pressure_frames_preserve_referenced_message_ids_and_reasons
        PASS [   0.025s] ( 717/1841) liminal-rs protocol::codec::tests::message_frames_preserve_envelope_payload_bytes
        PASS [   0.025s] ( 718/1841) liminal-rs protocol::codec::tests::publish_idempotency_key_is_additive_and_round_trips
        PASS [   0.025s] ( 719/1841) liminal-rs protocol::codec::tests::no_payload_frames_round_trip_as_header_only
        PASS [   0.020s] ( 720/1841) liminal-rs protocol::codec::tests::round_trips_all_named_frame_types
        PASS [   0.028s] ( 721/1841) liminal-rs protocol::codec::tests::worker_register::worker_register_ack_outcome_round_trips
        PASS [   0.035s] ( 722/1841) liminal-rs protocol::codec::tests::subscription_schema_fields_round_trip_and_remain_accessible
        PASS [   0.022s] ( 723/1841) liminal-rs protocol::codec::tests::worker_register::worker_register_discriminants_are_additive_and_unknown_preserved
        PASS [   0.036s] ( 724/1841) liminal-rs protocol::codec::tests::worker_register::worker_register_ack_invalid_status_byte_is_rejected
        PASS [   0.018s] ( 725/1841) liminal-rs protocol::codec::tests::worker_register_old_shape_decodes_to_empty_census
        PASS [   0.019s] ( 726/1841) liminal-rs protocol::codec::tests::worker_register::worker_register_node_presence_distinguishes_none_from_empty
        PASS [   0.023s] ( 727/1841) liminal-rs protocol::codec::tests::worker_register_nonempty_census_round_trips_exactly
        PASS [   0.026s] ( 728/1841) liminal-rs protocol::codec::tests::worker_register::worker_register_frames_round_trip
        PASS [   0.021s] ( 729/1841) liminal-rs protocol::envelope::tests::causal_context_is_extractable_from_envelope_bytes
        PASS [   0.013s] ( 730/1841) liminal-rs protocol::envelope::tests::constructor_sets_all_fields
        PASS [   0.014s] ( 731/1841) liminal-rs protocol::envelope::tests::empty_payload_round_trips
        PASS [   0.015s] ( 732/1841) liminal-rs protocol::envelope::tests::encoded_layout_starts_with_schema_id_and_big_endian_lengths
        PASS [   0.018s] ( 733/1841) liminal-rs protocol::envelope::tests::identical_fields_produce_identical_bytes
        PASS [   0.018s] ( 734/1841) liminal-rs protocol::envelope::tests::envelope_trait_bounds_are_available
        PASS [   0.014s] ( 735/1841) liminal-rs protocol::envelope::tests::schema_id_wraps_exactly_thirty_two_bytes
        PASS [   0.012s] ( 736/1841) liminal-rs protocol::envelope::tests::serialization_round_trips_losslessly
        PASS [   0.012s] ( 737/1841) liminal-rs protocol::frame::tests::constructors_validate_streams
        PASS [   0.014s] ( 738/1841) liminal-rs protocol::frame::tests::frame_type_discriminants_round_trip
        PASS [   0.018s] ( 739/1841) liminal-rs protocol::handshake::tests::connect_ack_constructor_rejects_non_zero_stream
        PASS [   0.018s] ( 740/1841) liminal-rs protocol::handshake::tests::connect_ack_constructor_builds_stream_zero_frame
        PASS [   0.015s] ( 741/1841) liminal-rs protocol::handshake::tests::connect_constructor_builds_stream_zero_frame_with_opaque_token
        PASS [   0.014s] ( 742/1841) liminal-rs protocol::handshake::tests::connect_error_constructor_rejects_non_zero_stream
        PASS [   0.015s] ( 743/1841) liminal-rs protocol::handshake::tests::connect_ack_frame_round_trips_through_codec
        PASS [   0.014s] ( 744/1841) liminal-rs protocol::handshake::tests::connect_error_frame_uses_error_reason_code_and_message
        PASS [   0.017s] ( 745/1841) liminal-rs protocol::handshake::tests::connect_constructor_rejects_non_zero_stream
        PASS [   0.012s] ( 746/1841) liminal-rs protocol::lifecycle::tests::active_accepts_subscribe
        PASS [   0.013s] ( 747/1841) liminal-rs protocol::handshake::tests::connect_frame_round_trips_through_codec
        PASS [   0.016s] ( 748/1841) liminal-rs protocol::lifecycle::tests::closed_accepts_nothing
        PASS [   0.012s] ( 749/1841) liminal-rs protocol::lifecycle::tests::connect_ack_transitions_authenticating_to_active
        PASS [   0.012s] ( 750/1841) liminal-rs protocol::lifecycle::tests::connecting_rejects_ping_with_state_and_frame_type
        PASS [   0.012s] ( 751/1841) liminal-rs protocol::lifecycle::tests::disconnect_ack_in_closing_transitions_to_closed
        PASS [   0.012s] ( 752/1841) liminal-rs protocol::lifecycle::tests::connecting_rejects_publish_with_state_and_frame_type
        PASS [   0.012s] ( 753/1841) liminal-rs protocol::lifecycle::tests::connect_transitions_to_authenticating
        PASS [   0.013s] ( 754/1841) liminal-rs protocol::lifecycle::tests::ping_in_connecting_returns_invalid_state_transition
        PASS [   0.016s] ( 755/1841) liminal-rs protocol::lifecycle::tests::ping_generates_pong_response_on_stream_zero
        PASS [   0.014s] ( 756/1841) liminal-rs protocol::lifecycle::tests::pong_frames_carry_no_payload_semantically
        PASS [   0.015s] ( 757/1841) liminal-rs protocol::lifecycle::tests::ping_on_stream_zero_in_active_is_valid
        PASS [   0.015s] ( 758/1841) liminal-rs protocol::lifecycle::tests::ping_on_stream_one_in_active_returns_invalid_stream
        PASS [   0.015s] ( 759/1841) liminal-rs protocol::multiplex::tests::allocator_never_recycles_ids
        PASS [   0.015s] ( 760/1841) liminal-rs protocol::multiplex::tests::client_allocator_produces_odd_ids
        PASS [   0.015s] ( 761/1841) liminal-rs protocol::multiplex::tests::client_allocator_errors_after_final_odd_stream_id
        PASS [   0.017s] ( 762/1841) liminal-rs protocol::multiplex::tests::duplicate_insert_returns_error_and_preserves_state
        PASS [   0.013s] ( 763/1841) liminal-rs protocol::multiplex::tests::remove_deletes_stream_and_updates_count
        PASS [   0.019s] ( 764/1841) liminal-rs protocol::multiplex::tests::insert_adds_stream_and_counts_it
        PASS [   0.013s] ( 765/1841) liminal-rs protocol::multiplex::tests::server_allocator_produces_even_ids
        PASS [   0.013s] ( 766/1841) liminal-rs protocol::multiplex::tests::stream_state_has_exact_required_variants
        PASS [   0.022s] ( 767/1841) liminal-rs protocol::multiplex::tests::stream_id_trait_bounds_are_available
        PASS [   0.024s] ( 768/1841) liminal-rs protocol::multiplex::tests::server_allocator_errors_after_final_even_stream_id
        PASS [   0.027s] ( 769/1841) liminal-rs protocol::multiplex::tests::stream_one_is_application_and_not_control
        PASS [   0.021s] ( 770/1841) liminal-rs protocol::multiplex::tests::stream_zero_is_control_and_not_application
        PASS [   0.019s] ( 771/1841) liminal-rs protocol::schema::tests::negotiation_reports_schema_incompatible_with_distinct_reason_code
        PASS [   0.017s] ( 772/1841) liminal-rs protocol::multiplex::tests::transition_on_missing_stream_returns_protocol_error
        PASS [   0.024s] ( 773/1841) liminal-rs protocol::schema::tests::negotiation_accepts_empty_list_as_opt_out
        PASS [   0.018s] ( 774/1841) liminal-rs protocol::schema::tests::negotiation_requires_exact_schema_id_equality
        PASS [   0.023s] ( 775/1841) liminal-rs protocol::multiplex::tests::transition_updates_existing_stream_state
        PASS [   0.019s] ( 776/1841) liminal-rs protocol::version::tests::negotiation_selects_exact_single_version
        PASS [   0.025s] ( 777/1841) liminal-rs protocol::schema::tests::schema_incompatible_error_builds_subscribe_error_frame
        PASS [   0.018s] ( 778/1841) liminal-rs protocol::version::tests::deserialize_rejects_wrong_length
        PASS [   0.032s] ( 779/1841) liminal-rs protocol::schema::tests::negotiation_selects_channel_schema_when_accepted
        PASS [   0.018s] ( 780/1841) liminal-rs protocol::version::tests::negotiation_reports_version_mismatch
        PASS [   0.022s] ( 781/1841) liminal-rs protocol::version::tests::version_round_trips_through_wire_bytes
        PASS [   0.023s] ( 782/1841) liminal-rs protocol::version::tests::version_serializes_to_exactly_four_bytes
        PASS [   0.024s] ( 783/1841) liminal-rs protocol::version::tests::negotiation_selects_highest_mutual_version
        PASS [   0.018s] ( 784/1841) liminal-rs protocol::version::tests::version_trait_bounds_are_available
        PASS [   0.018s] ( 785/1841) liminal-rs routing::compiler::tests::and_places_existence_check_before_comparison
        PASS [   0.019s] ( 786/1841) liminal-rs routing::compiler::tests::and_extracts_more_frequent_field_first_among_equal_cost_clauses
        PASS [   0.019s] ( 787/1841) liminal-rs protocol::version::tests::versions_order_by_major_then_minor
        PASS [   0.020s] ( 788/1841) liminal-rs routing::compiler::tests::compile_borrows_predicate_unchanged
        PASS [   0.017s] ( 789/1841) liminal-rs routing::compiler::tests::compiled_matches_direct_evaluation_for_all_combinations
        PASS [   0.018s] ( 790/1841) liminal-rs routing::compiler::tests::reordering_preserves_result_for_existence_and_comparison
        PASS [   0.017s] ( 791/1841) liminal-rs routing::dispatch::tests::empty_group_yields_no_consumer_available
        PASS [   0.015s] ( 792/1841) liminal-rs routing::dispatch::tests::registration_helper_constructs_consumer_state
        PASS [   0.014s] ( 793/1841) liminal-rs routing::evaluate::tests::and_short_circuits_at_first_false
        PASS [   0.013s] ( 794/1841) liminal-rs routing::evaluate::tests::comparison_returns_false_for_missing_field
        PASS [   0.015s] ( 795/1841) liminal-rs routing::evaluate::tests::empty_boolean_combinators_have_vacuous_values
        PASS [   0.033s] ( 796/1841) liminal-rs routing::dispatch::tests::no_remaining_consumer_after_crash_is_an_error
        PASS [   0.012s] ( 797/1841) liminal-rs routing::evaluate::tests::exists_returns_false_for_missing_field
        PASS [   0.015s] ( 798/1841) liminal-rs routing::evaluate::tests::exists_returns_true_for_present_field
        PASS [   0.015s] ( 799/1841) liminal-rs routing::evaluate::tests::integer_greater_than_comparison_matches
        PASS [   0.020s] ( 800/1841) liminal-rs routing::evaluate::tests::integer_greater_than_comparison_rejects_lower_value
        PASS [   0.017s] ( 801/1841) liminal-rs routing::evaluate::tests::or_short_circuits_at_first_true
        PASS [   0.025s] ( 802/1841) liminal-rs routing::evaluate::tests::not_negates_child_predicate
        PASS [   0.025s] ( 803/1841) liminal-rs routing::evaluate::tests::range_includes_middle_and_bounds
        PASS [   0.019s] ( 804/1841) liminal-rs routing::evaluate::tests::range_rejects_missing_field
        PASS [   0.019s] ( 805/1841) liminal-rs routing::evaluate::tests::range_rejects_type_mismatch
        PASS [   0.013s] ( 806/1841) liminal-rs routing::evaluate::tests::range_rejects_value_below_lower_bound
        PASS [   0.014s] ( 807/1841) liminal-rs routing::function::execute::actor::cooperative_smoke::real_routing_actor_replies_to_a_cooperative_call_async
        PASS [   1.096s] ( 808/1841) liminal-protocol::acceptance_45_51 acceptance_case_50_reconnect_permits_are_single_use_and_wait_inventory_is_total
        PASS [   0.018s] ( 809/1841) liminal-rs routing::function::execute::tests::message_fields_are_visible_to_routing_function
        PASS [   0.022s] ( 810/1841) liminal-rs routing::function::execute::tests::hot_deploy_does_not_interrupt_in_flight_and_swaps_next_version
        PASS [   0.015s] ( 811/1841) liminal-rs routing::function::loader::tests::content_hash_is_stable_and_distinguishes_bytecode
        PASS [   0.021s] ( 812/1841) liminal-rs routing::function::execute::tests::panic_in_function_is_contained_and_other_channels_proceed
        PASS [   0.049s] ( 813/1841) liminal-rs routing::function::execute::tests::execution_returns_decision_using_consumer_state_view
        PASS [   0.012s] ( 814/1841) liminal-rs routing::function::loader::tests::load_returns_executable_function_keyed_by_content_hash
        PASS [   0.012s] ( 815/1841) liminal-rs routing::function::loader::tests::slot_deploy_swaps_active_function
        PASS [   0.012s] ( 816/1841) liminal-rs routing::function::loader::tests::loading_same_content_hash_twice_does_not_duplicate
        PASS [   0.013s] ( 817/1841) liminal-rs routing::group::tests::consumer_set_is_ordered_and_deduplicated
        PASS [   0.670s] ( 818/1841) liminal-rs durability::store::ephemeral_lifecycle_tests::repeated_ephemeral_cycles_each_own_distinct_dir_zero_residue
        PASS [   0.014s] ( 819/1841) liminal-rs routing::group::tests::remove_consumer_affects_future_snapshots_only
        PASS [   0.015s] ( 820/1841) liminal-rs routing::group::tests::new_group_has_routing_function_and_empty_consumer_set
        PASS [   0.052s] ( 821/1841) liminal-rs routing::function::execute::tests::repeated_panics_do_not_poison_the_shared_supervisor
        PASS [   0.015s] ( 822/1841) liminal-rs routing::predicate::tests::comparison_debug_round_trips_all_variants
        PASS [   0.019s] ( 823/1841) liminal-rs routing::predicate::tests::boolean_combinators_construct
        PASS [   0.014s] ( 824/1841) liminal-rs routing::predicate::tests::empty_boolean_combinators_construct
        PASS [   0.014s] ( 825/1841) liminal-rs routing::predicate::tests::comparison_predicate_constructs
        PASS [   0.013s] ( 826/1841) liminal-rs routing::predicate::tests::field_path_segments_are_borrowed_dot_parts
        PASS [   0.014s] ( 827/1841) liminal-rs routing::predicate::tests::routing_root_re_exports_predicate_types
        PASS [   0.012s] ( 828/1841) liminal-rs routing::table::tests::multiple_subscriptions_on_channel_are_evaluated_independently
        PASS [   0.012s] ( 829/1841) liminal-rs routing::table::tests::new_table_is_empty
        PASS [   0.015s] ( 830/1841) liminal-rs routing::predicate::tests::range_and_exists_predicates_construct
        PASS [   0.013s] ( 831/1841) liminal-rs routing::table::tests::register_does_not_block_active_resolve
        PASS [   0.013s] ( 832/1841) liminal-rs routing::table::tests::remove_does_not_block_active_resolve
        PASS [   0.013s] ( 833/1841) liminal-rs routing::table::tests::removing_last_subscription_makes_channel_resolve_empty
        PASS [   0.017s] ( 834/1841) liminal-rs routing::table::tests::register_during_active_resolve_preserves_state
        PASS [   0.017s] ( 835/1841) liminal-rs routing::table::tests::resolve_nonexistent_channel_returns_empty_set
        PASS [   0.019s] ( 836/1841) liminal-rs routing::table::tests::resolve_returns_empty_when_no_subscription_matches
        PASS [   0.012s] ( 837/1841) liminal-rs routing::table::tests::routing_table_is_send_and_sync
        PASS [   0.013s] ( 838/1841) liminal-rs routing::table::tests::resolve_returns_matching_subscription
        PASS [   0.012s] ( 839/1841) liminal-rs tracing::context::tests::child_preserves_trace_id_and_changes_span_id
        PASS [   0.015s] ( 840/1841) liminal-rs routing::table::tests::updater_completion_is_observed_before_resolve_release
        PASS [   0.012s] ( 841/1841) liminal-rs tracing::context::tests::from_ids_round_trips
        PASS [   0.013s] ( 842/1841) liminal-rs tracing::context::tests::invalid_traceparents_return_none
        PASS [   0.014s] ( 843/1841) liminal-rs tracing::context::tests::new_root_generates_non_zero_ids
        PASS [   0.016s] ( 844/1841) liminal-rs tracing::context::tests::roots_have_distinct_trace_ids
        PASS [   0.013s] ( 845/1841) liminal-rs tracing::context::tests::traceparent_round_trips
        PASS [   0.012s] ( 846/1841) liminal-rs tracing::logging::tests::builder_captures_active_trace_context_at_build_time
        PASS [   0.012s] ( 847/1841) liminal-rs tracing::logging::tests::builder_records_no_context_after_span_leaves_scope
        PASS [   0.018s] ( 848/1841) liminal-rs tracing::logging::tests::builder_constructs_structured_entries
        PASS [   0.014s] ( 849/1841) liminal-rs tracing::logging::tests::global_log_path_is_no_op_until_installed_then_emits_with_trace_context
        PASS [   0.016s] ( 850/1841) liminal-rs tracing::logging::tests::log_levels_are_ordered_by_severity
        PASS [   0.016s] ( 851/1841) liminal-rs tracing::logging::tests::minimum_level_filter_discards_lower_severity_entries
        PASS [   0.018s] ( 852/1841) liminal-rs tracing::logging::tests::noop_emitter_discards_entries
        PASS [   0.013s] ( 853/1841) liminal-rs tracing::span::tests::noop_collector_discards_spans
        PASS [   0.018s] ( 854/1841) liminal-rs tracing::logging::tests::public_logging_types_are_debug
        PASS [   0.016s] ( 855/1841) liminal-rs tracing::span::tests::finished_span_is_clone_debug
        PASS [   0.019s] ( 856/1841) liminal-rs tracing::span::tests::conversation_span_creates_root_and_child_contexts
        PASS [   0.275s] ( 857/1841) liminal-rs routing::dispatch::tests::dispatch_links_to_selected_consumer_before_completion
        PASS [   0.016s] ( 858/1841) liminal-rs tracing::span::tests::span_finish_returns_finished_span
        PASS [   0.011s] ( 859/1841) liminal-rs tracing::span::tests::span_start_is_now
        PASS [   0.021s] ( 860/1841) liminal-rs tracing::span::tests::span_guard_sets_and_restores_current_context
        PASS [   0.273s] ( 861/1841) liminal-rs routing::dispatch::tests::reroute_timing_spans_real_exit_to_reroute_via_event_path
        PASS [   0.022s] ( 862/1841) liminal-rs::channel_metrics delivery_latency_records_configured_histogram
        PASS [   0.022s] ( 863/1841) liminal-rs::channel_metrics channel_metrics_is_clone_debug
        PASS [   0.301s] ( 864/1841) liminal-rs routing::dispatch::tests::consumer_crash_reroutes_to_backup_with_real_sub_millisecond_latency
        PASS [   0.017s] ( 865/1841) liminal-rs::channel_metrics record_publish_counts_per_channel
        PASS [   0.018s] ( 866/1841) liminal-rs::channel_metrics queue_depth_sets_absolute_value
        PASS [   0.017s] ( 867/1841) liminal-rs::channel_metrics subscriber_count_tracks_active_subscribers
        PASS [   0.293s] ( 868/1841) liminal-rs routing::dispatch::tests::dispatch_selects_consumer_via_routing_function
        PASS [   0.018s] ( 869/1841) liminal-rs::conversation_metrics active_count_tracks_open_conversations
        PASS [   0.019s] ( 870/1841) liminal-rs::conversation_metrics completion_count_tracks_successful_terminal_events
        PASS [   0.016s] ( 871/1841) liminal-rs::conversation_metrics conversation_metrics_is_clone_debug
        PASS [   0.015s] ( 872/1841) liminal-rs::conversation_metrics conversation_outcome_has_expected_variants
        PASS [   0.012s] ( 873/1841) liminal-rs::conversation_metrics terminal_completed_records_completion_duration_and_end
        PASS [   0.013s] ( 874/1841) liminal-rs::conversation_metrics terminal_failures_record_error_duration_and_end
        PASS [   0.016s] ( 875/1841) liminal-rs::durability_channel durable_channel_tracks_per_partition_next_sequences
        PASS [   0.024s] ( 876/1841) liminal-rs::conversation_metrics duration_records_seconds_into_configured_histogram
        PASS [   0.023s] ( 877/1841) liminal-rs::conversation_metrics error_count_tracks_failed_terminal_events
        PASS [   0.014s] ( 878/1841) liminal-rs::durability_channel durable_publish_appends_serialized_envelope_before_returning_ok
        PASS [   0.015s] ( 879/1841) liminal-rs::durability_channel durable_publish_propagates_sequence_conflict_without_retry
        PASS [   0.018s] ( 880/1841) liminal-rs::durability_channel ephemeral_channel_has_no_store_and_performs_no_store_operations
        PASS [   0.019s] ( 881/1841) liminal-rs::durability_channel message_envelope_round_trips_with_deterministic_bytes
        PASS [   0.020s] ( 882/1841) liminal-rs::durability_channel partition_routing_uses_key_function_and_modulo
        PASS [   0.252s] ( 883/1841) liminal-rs routing::function::execute::tests::function_exceeding_timeout_is_terminated_with_error
        PASS [   0.031s] ( 884/1841) liminal-rs::durability_foundation durability_config_validates_fields_and_exposes_values
        PASS [   0.030s] ( 885/1841) liminal-rs::durability_foundation durability_error_variants_carry_required_context_and_error_trait
        PASS [   0.023s] ( 886/1841) liminal-rs::metrics_registry counter_saturates_instead_of_wrapping
        PASS [   0.020s] ( 887/1841) liminal-rs::metrics_registry duplicate_name_with_different_kind_returns_error
        PASS [   0.015s] ( 888/1841) liminal-rs::metrics_registry histogram_registration_rejects_more_than_fixed_bucket_limit
        PASS [   0.012s] ( 889/1841) liminal-rs::metrics_registry metrics_registry_is_clone_send_sync
        PASS [   0.020s] ( 890/1841) liminal-rs::metrics_registry metrics_snapshot_is_owned_static_debug
        PASS [   0.022s] ( 891/1841) liminal-rs::metrics_registry snapshot_contains_owned_metric_values
        PASS [   0.025s] ( 892/1841) liminal-rs::metrics_registry snapshot_tolerates_concurrent_writes
        PASS [   0.026s] ( 893/1841) liminal-rs::pressure_metrics delivery_outcome_has_exactly_three_variants
        PASS [   0.027s] ( 894/1841) liminal-rs::pressure_metrics pressure_metrics_is_clone_debug
        PASS [   0.012s] ( 895/1841) liminal-rs::pressure_metrics record_defer_counts_per_channel
        PASS [   0.128s] ( 896/1841) liminal-rs::durability_foundation durable_store_trait_is_object_safe_and_has_expected_entry_shape
        PASS [   0.011s] ( 897/1841) liminal-rs::pressure_metrics record_delivery_outcome_deferred_increments_defer
        PASS [   0.017s] ( 898/1841) liminal-rs::pressure_metrics record_delivery_outcome_accepted_is_noop
        PASS [   0.016s] ( 899/1841) liminal-rs::pressure_metrics record_delivery_outcome_rejected_increments_reject
        PASS [   0.013s] ( 900/1841) liminal-rs::pressure_metrics set_capacity_utilization_does_not_clamp
        PASS [   0.014s] ( 901/1841) liminal-rs::pressure_metrics record_reject_counts_per_channel
        PASS [   0.014s] ( 902/1841) liminal-rs::pressure_metrics set_capacity_utilization_sets_gauge_per_consumer
        PASS [   0.029s] ( 903/1841) liminal-sdk connection::lifecycle::tests::disconnect_from_connecting_is_observable
        PASS [   0.017s] ( 904/1841) liminal-sdk connection::lifecycle::tests::disconnect_from_disconnected_is_rejected_without_mutation
        PASS [   0.017s] ( 905/1841) liminal-sdk connection::lifecycle::tests::disconnect_from_reconnecting_is_observable
        PASS [   0.020s] ( 906/1841) liminal-sdk connection::lifecycle::tests::disconnected_to_connected_is_rejected
        PASS [   0.012s] ( 907/1841) liminal-sdk connection::pool::tests::multiple_subscriptions_share_configured_connections
        PASS [   0.015s] ( 908/1841) liminal-sdk connection::lifecycle::tests::observers_receive_successful_transitions
        PASS [   0.015s] ( 909/1841) liminal-sdk connection::pool::tests::invalid_pool_size_is_rejected
        PASS [   0.015s] ( 910/1841) liminal-sdk connection::lifecycle::tests::externally_authorized_reconnect_has_no_delay_or_retry_counter
        PASS [   0.015s] ( 911/1841) liminal-sdk connection::pool::tests::non_reconnect_transition_does_not_resume
        PASS [   0.014s] ( 912/1841) liminal-sdk connection::pool::tests::unsubscribe_removes_assignment
        PASS [   0.017s] ( 913/1841) liminal-sdk connection::pool::tests::subscriptions_are_distributed_across_connections
        PASS [   0.018s] ( 914/1841) liminal-sdk connection::pool::tests::pooled_recovery_builds_resume_requests_on_reconnect
        PASS [   0.014s] ( 915/1841) liminal-sdk connection::recovery::tests::acknowledged_subscriptions_resume_after_last_sequence
        PASS [   0.015s] ( 916/1841) liminal-sdk connection::recovery::tests::non_recovery_transition_builds_no_resume_requests
        PASS [   0.015s] ( 917/1841) liminal-sdk connection::recovery::tests::maximum_sequence_does_not_wrap_to_zero
        PASS [   0.016s] ( 918/1841) liminal-sdk connection::recovery::tests::reconnect_to_connected_transition_builds_resume_requests
        PASS [   0.016s] ( 919/1841) liminal-sdk connection::recovery::tests::subscriptions_without_acknowledgement_resume_from_zero
        PASS [   0.014s] ( 920/1841) liminal-sdk embedded::tests::embedded_config_does_not_require_server_address
        PASS [   0.014s] ( 921/1841) liminal-sdk embedded::tests::embedded_subscribe_is_local_and_empty
        PASS [   0.015s] ( 922/1841) liminal-sdk embedded::tests::embedded_publish_uses_direct_message_reference
        PASS [   0.015s] ( 923/1841) liminal-sdk connection::recovery::tests::unsubscribe_clears_recovery_state
        PASS [   0.015s] ( 924/1841) liminal-sdk remote::participant::tests::lpcr_round_trip_recovers_unissued_and_resolves_issued_testimony
        PASS [   0.015s] ( 925/1841) liminal-sdk remote::participant::tests::contract_c34_ack_values_cross_the_real_receive_path
        PASS [   0.018s] ( 926/1841) liminal-sdk remote::participant::tests::replay::all_detach_terminal_arms_apply_and_survive_lpcr_restore
        PASS [   0.018s] ( 927/1841) liminal-sdk remote::participant::tests::nonmatching_attach_preserves_inflight_then_matching_attach_supersedes
        PASS [   0.013s] ( 928/1841) liminal-sdk remote::participant::tests::replay::issued_tokenless_restore_reports_durable_abandonment
        PASS [   0.013s] ( 929/1841) liminal-sdk remote::participant::tests::replay::failed_checkpoint_withholds_successor_authority
        PASS [   0.013s] ( 930/1841) liminal-sdk remote::participant::tests::replay::in_progress_real_reconnect_restores_take_once_testimony
        PASS [   0.013s] ( 931/1841) liminal-sdk remote::participant::tests::replay::durable_leave_from_real_receive_supersedes_inflight_detach
        PASS [   0.016s] ( 932/1841) liminal-sdk remote::participant::tests::response_loss_reconnects_once_and_replays_exact_detach_token
        PASS [   0.339s] ( 933/1841) liminal-rs::durability_foundation haematite_store_delegates_cas_and_maps_mismatch_to_cursor_regression
        PASS [   0.352s] ( 934/1841) liminal-rs::durability_foundation haematite_store_delegates_append_read_scan_and_maps_sequence_conflict
        PASS [   0.015s] ( 935/1841) liminal-sdk remote::participant::tests::sent_is_not_receipt_real_receive_releases_exact_d1_slot
        PASS [   0.015s] ( 936/1841) liminal-sdk remote::protocol::tests::publish_frame_uses_protocol_header
        PASS [   0.373s] ( 937/1841) liminal-rs::durability_foundation cas_to_offset_zero_does_not_brick_a_cursor_that_later_advances
        PASS [   0.020s] ( 938/1841) liminal-sdk remote::participant::tests::tokenless_restore_surfaces_durable_abandonment_for_rerecord
        PASS [   0.020s] ( 939/1841) liminal-sdk remote::participant::tests::restored_issued_reconnect_permit_resolves_take_once_testimony
        PASS [   0.023s] ( 940/1841) liminal-sdk remote::protocol::tests::subscribe_and_resume_use_distinct_frame_types
        PASS [   0.015s] ( 941/1841) liminal-sdk remote::protocol::tests::subscription_connection_slot_zero_maps_to_application_stream_one
        PASS [   0.015s] ( 942/1841) liminal-sdk remote::tcp::flush::tests::concurrent_drains_serialize_without_misattribution
        PASS [   0.015s] ( 943/1841) liminal-sdk remote::tcp::flush::tests::surplus_verdict_is_a_typed_mechanism_error
        PASS [   0.015s] ( 944/1841) liminal-sdk remote::tcp::flush::tests::second_drain_covers_only_its_own_boundary
        PASS [   0.022s] ( 945/1841) liminal-sdk remote::tcp::flush::tests::rejections_surface_in_wire_order_verbatim
        PASS [   0.013s] ( 946/1841) liminal-sdk remote::tcp::push_client::tests::publish_frame_round_trips_through_codec
        PASS [   0.019s] ( 947/1841) liminal-sdk remote::tcp::push_client::tests::push_client_source_has_no_retired_reader_poll_family
        PASS [   0.019s] ( 948/1841) liminal-sdk remote::tcp::push_client::tests::pushed_frame_exposes_correlation_and_payload
        PASS [   0.020s] ( 949/1841) liminal-sdk remote::tcp::push_client::tests::the_push_reader_carries_no_read_window_in_steady_state
        PASS [   0.023s] ( 950/1841) liminal-sdk remote::tcp::push_client::tests::reply_frame_round_trips_through_codec
        PASS [   0.016s] ( 951/1841) liminal-sdk remote::tcp::subscription::tests::deliver_frame_round_trips_through_codec
        PASS [   0.070s] ( 952/1841) liminal-sdk remote::tcp::flush::tests::budget_expiry_counts_unresolved_and_is_not_an_error
        PASS [   0.016s] ( 953/1841) liminal-sdk remote::tcp::subscription::tests::delivered_message_exposes_seq_and_payload
        PASS [   0.013s] ( 954/1841) liminal-sdk remote::tcp::tests::conversation_ids_are_stable
        PASS [   0.014s] ( 955/1841) liminal-sdk remote::tcp::subscription::tests::the_subscription_reader_carries_no_read_window_in_steady_state
        PASS [   0.014s] ( 956/1841) liminal-sdk remote::tcp::subscription::tests::subscription_source_has_no_retired_reader_poll_family
        PASS [   0.016s] ( 957/1841) liminal-sdk remote::tcp::tests::publish_ack_maps_to_accept
        PASS [   0.016s] ( 958/1841) liminal-sdk remote::tcp::tests::schema_ids_are_deterministic_and_distinct
        PASS [   0.018s] ( 959/1841) liminal-sdk remote::tcp::tests::publish_error_maps_to_backpressure
        PASS [   0.014s] ( 960/1841) liminal-sdk remote::tests::builder_switches_channel_mode_by_config
        PASS [   0.014s] ( 961/1841) liminal-sdk remote::tests::remote_config_requires_server_address
        PASS [   0.473s] ( 962/1841) liminal-rs::durability_real_persistence cursor_checkpoint_round_trip_against_the_real_engine
        PASS [   0.015s] ( 963/1841) liminal-sdk remote::tests::remote_handle_uses_lifecycle_and_recovery_on_reconnect
        PASS [   0.013s] ( 964/1841) liminal-sdk remote::websocket::subscription::tests::websocket_subscription_source_has_no_retired_reader_poll_family
        PASS [   0.013s] ( 965/1841) liminal-sdk remote::websocket::subscription::tests::the_named_setup_deadline_is_the_ratified_five_seconds
        PASS [   0.494s] ( 966/1841) liminal-rs::durability_foundation haematite_store_point_read_returns_only_the_exact_physical_event
        PASS [   0.020s] ( 967/1841) liminal-sdk::conformance rust_sdk_conformance_scenarios_match_shared_expectations
        PASS [   0.018s] ( 968/1841) liminal-sdk::deployment_modes switching_between_embedded_and_remote_changes_only_config
        PASS [   0.028s] ( 969/1841) liminal-sdk::push_flush close_sole_owner_half_closes_and_discloses_mode
        PASS [   0.020s] ( 970/1841) liminal-sdk::push_flush flush_pairs_verdicts_fifo_and_excludes_observability
        PASS [   0.019s] ( 971/1841) liminal-sdk::push_flush close_with_live_clone_is_verdict_only_and_keeps_socket_open
        PASS [   0.020s] ( 972/1841) liminal-sdk::push_flush unsolicited_publish_response_is_a_typed_mechanism_error
        PASS [   0.522s] ( 973/1841) liminal-rs::durability_real_persistence durable_channel_messages_survive_a_real_on_disk_reopen
        PASS [   0.015s] ( 974/1841) liminal-sdk::ws_authority_binding established_loss_retains_permit_for_one_reconnect_open
        PASS [   0.013s] ( 975/1841) liminal-sdk::ws_authority_binding explicit_connect_authorizes_exactly_one_open
        PASS [   0.015s] ( 976/1841) liminal-sdk::ws_authority_binding detach_loss_without_in_flight_send_is_refused_unchanged
        PASS [   0.017s] ( 977/1841) liminal-sdk::ws_authority_binding detach_in_flight_socket_loss_parks_replay_via_typed_fate
        PASS [   0.018s] ( 978/1841) liminal-sdk::ws_authority_binding fate_injection_before_any_open_is_refused_unchanged
        PASS [   0.017s] ( 979/1841) liminal-sdk::ws_authority_binding open_failure_returns_parked_with_no_retry_authority
        PASS [   0.017s] ( 980/1841) liminal-sdk::ws_authority_binding loss_reported_while_parked_is_refused_unchanged
        PASS [   0.019s] ( 981/1841) liminal-sdk::ws_authority_binding loss_during_open_in_progress_is_refused_unchanged
        PASS [   0.020s] ( 982/1841) liminal-sdk::ws_authority_binding stale_attempt_from_foreign_aggregate_is_refused_unchanged
        PASS [   0.017s] ( 983/1841) liminal-sdk::ws_authority_binding terminal_diagnostics_never_select_aggregate_transitions
        PASS [   0.011s] ( 984/1841) liminal-sdk::ws_browser_mirror_trace array_buffer_message_mirrors_to_binary_with_canonical_bytes
        PASS [   0.012s] ( 985/1841) liminal-sdk::ws_browser_mirror_trace abnormal_close_without_error_is_typed_transport_failure
        PASS [   0.012s] ( 986/1841) liminal-sdk::ws_browser_mirror_trace blob_message_is_refused_as_typed_transport_failure
        PASS [   0.011s] ( 987/1841) liminal-sdk::ws_browser_mirror_trace browser_mirror_and_std_shapes_share_the_decision_trace
        PASS [   0.012s] ( 988/1841) liminal-sdk::ws_browser_mirror_trace clean_close_mirrors_to_closed_peer_fate
        PASS [   0.013s] ( 989/1841) liminal-sdk::ws_browser_mirror_trace commanded_close_echo_completes_through_mirror
        PASS [   0.011s] ( 990/1841) liminal-sdk::ws_browser_mirror_trace f3_browser_error_then_close_echo_stays_single_fate
        PASS [   0.014s] ( 991/1841) liminal-sdk::ws_browser_mirror_trace extension_free_open_mirrors_to_opened
        PASS [   0.013s] ( 992/1841) liminal-sdk::ws_browser_mirror_trace mirror_defers_frame_validation_to_core
        PASS [   0.011s] ( 993/1841) liminal-sdk::ws_browser_mirror_trace text_message_mirrors_to_the_cores_unsupported_text_failure
        PASS [   0.013s] ( 994/1841) liminal-sdk::ws_browser_mirror_trace negotiated_extension_open_is_typed_failure_and_closes
        PASS [   0.012s] ( 995/1841) liminal-sdk::ws_browser_mirror_trace open_command_is_construction_not_a_runtime_action
        PASS [   0.012s] ( 996/1841) liminal-sdk::ws_browser_mirror_trace unrecognized_message_data_is_refused_as_typed_transport_failure
        PASS [   0.016s] ( 997/1841) liminal-sdk::ws_driver_trace at_most_one_outstanding_correlated_exchange
        PASS [   0.012s] ( 998/1841) liminal-sdk::ws_driver_trace deliver_frames_stay_unsolicited_even_mid_exchange
        PASS [   0.011s] ( 999/1841) liminal-sdk::ws_driver_trace empty_message_is_typed_violation_and_closes
        PASS [   0.013s] (1000/1841) liminal-sdk::ws_driver_trace correlated_response_resolves_single_outstanding_exchange
        PASS [   0.014s] (1001/1841) liminal-sdk::ws_driver_trace declared_length_beyond_frame_bound_is_typed_violation
        PASS [   0.011s] (1002/1841) liminal-sdk::ws_driver_trace every_post_terminal_event_is_a_typed_no_op
        PASS [   0.013s] (1003/1841) liminal-sdk::ws_driver_trace f3_clean_close_mints_peer_closed_alone
        PASS [   0.013s] (1004/1841) liminal-sdk::ws_driver_trace f3_abnormal_loss_error_then_close_mints_exactly_one_fate
        PASS [   0.015s] (1005/1841) liminal-sdk::ws_driver_trace non_deliver_frame_without_exchange_is_unsolicited_frame
        PASS [   0.016s] (1006/1841) liminal-sdk::ws_driver_trace f3_commanded_close_echo_mints_close_completed_once
        PASS [   0.015s] (1007/1841) liminal-sdk::ws_driver_trace open_command_then_opened_reaches_established
        PASS [   0.012s] (1008/1841) liminal-sdk::ws_driver_trace std_and_fake_browser_adapters_share_one_trace
        PASS [   0.015s] (1009/1841) liminal-sdk::ws_driver_trace opened_without_open_command_is_typed_refusal
        PASS [   0.012s] (1010/1841) liminal-sdk::ws_driver_trace send_refused_before_open_and_after_terminal
        PASS [   0.017s] (1011/1841) liminal-sdk::ws_driver_trace open_is_single_use_and_refused_after_first_command
        PASS [   0.013s] (1012/1841) liminal-sdk::ws_driver_trace text_message_socket_failure_is_typed_terminal
        PASS [   0.266s] (1013/1841) liminal-sdk remote::tcp::push_client::tests::connect_survives_a_control_reply_slower_than_the_retired_poll_cadence
        PASS [   0.011s] (1014/1841) liminal-sdk::ws_driver_trace truncated_body_is_typed_violation
        PASS [   0.013s] (1015/1841) liminal-sdk::ws_driver_trace trailing_bytes_and_concatenated_frames_are_typed_violations
        PASS [   0.014s] (1016/1841) liminal-sdk::ws_driver_trace truncated_header_is_typed_violation
        PASS [   0.023s] (1017/1841) liminal-sdk::ws_transport_parity auth_refusal_parity
        PASS [   0.018s] (1018/1841) liminal-sdk::ws_transport_parity auth_success_parity
        PASS [   0.013s] (1019/1841) liminal-sdk::ws_transport_parity deliver_discriminant_matches_canonical_registry
        PASS [   0.013s] (1020/1841) liminal-sdk::ws_transport_parity delivered_ack_parity
        PASS [   0.016s] (1021/1841) liminal-sdk::ws_transport_parity frame_bound_is_the_named_product_limit
        PASS [   0.014s] (1022/1841) liminal-sdk::ws_transport_parity non_ws_scheme_is_typed_refusal
        PASS [   0.017s] (1023/1841) liminal-sdk::ws_transport_parity handle_traverses_trait_object_for_both_transports
        PASS [   0.019s] (1024/1841) liminal-sdk::ws_transport_parity malformed_message_parity
        PASS [   0.016s] (1025/1841) liminal-sdk::ws_transport_parity participant_send_receive_parity
        PASS [   0.014s] (1026/1841) liminal-sdk::ws_transport_parity publish_parity_with_cross_transport_byte_identity
        PASS [   0.012s] (1027/1841) liminal-sdk::ws_transport_parity resume_parity
        PASS [   0.018s] (1028/1841) liminal-sdk::ws_transport_parity subscription_delivery_parity
        PASS [   0.520s] (1029/1841) liminal-sdk remote::tcp::subscription::tests::open_preserves_deliveries_coalesced_with_the_subscribe_ack
        PASS [   0.528s] (1030/1841) liminal-sdk remote::tcp::subscription::tests::open_survives_control_replies_slower_than_the_retired_poll_cadence
        PASS [   0.016s] (1031/1841) liminal-server cluster::discovery::tests::outcome_is_satisfied_when_no_seeds_or_some_connected
        PASS [   0.038s] (1032/1841) liminal-server cluster::discovery::tests::as_resolver_coerces_to_shared_handle
        PASS [   0.015s] (1033/1841) liminal-server cluster::discovery::tests::resolver_learns_real_peer_names
        PASS [   0.022s] (1034/1841) liminal-server cluster::discovery::tests::seed_resolver_maps_each_seed_to_a_synthetic_label
        PASS [   0.022s] (1035/1841) liminal-server cluster::membership::tests::a_redundant_event_queues_no_effect
        PASS [   0.039s] (1036/1841) liminal-server cluster::membership::tests::a_late_arm_sees_a_live_peer_in_its_initial_view
        PASS [   0.014s] (1037/1841) liminal-server cluster::membership::tests::delta_is_empty_by_default
        PASS [   0.024s] (1038/1841) liminal-server cluster::membership::tests::armed_membership_observes_a_join_without_sampling
        PASS [   0.022s] (1039/1841) liminal-server cluster::membership::tests::empty_initial_view_yields_no_peers
        PASS [   0.019s] (1040/1841) liminal-server cluster::membership::tests::membership_source_has_no_retired_poll_family
        PASS [   0.034s] (1041/1841) liminal-server cluster::membership::tests::join_leave_and_rejoin_are_observed_in_order
        PASS [   0.019s] (1042/1841) liminal-server cluster::membership::tests::queued_effects_are_lossless_and_report_their_depth
        PASS [   0.027s] (1043/1841) liminal-server cluster::membership::tests::peer_names_resolve_through_the_atom_table
        PASS [   0.017s] (1044/1841) liminal-server cluster::membership::tests::shutdown_wakes_a_consumer_with_nothing_pending
        PASS [   0.022s] (1045/1841) liminal-server cluster::sync::tests::local_memberships_track_subscriptions_for_backfill
        PASS [   0.016s] (1046/1841) liminal-server cluster::sync::tests::remote_targets_empty_without_remote_members
        PASS [   0.016s] (1047/1841) liminal-server cluster::sync::tests::remote_targets_reflect_applied_remote_joins
        PASS [   0.016s] (1048/1841) liminal-server cluster::sync::tests::subscribe_joins_the_channel_pg_group
        PASS [   0.019s] (1049/1841) liminal-server cluster::sync::tests::unsubscribe_leaves_the_channel_pg_group
        PASS [   0.517s] (1050/1841) liminal-sdk::ws_transport_parity f2_oversize_declared_message_fails_at_pinned_bound
        PASS [   0.019s] (1051/1841) liminal-server config::env::tests::absent_environment_variables_leave_config_unchanged
        PASS [   0.020s] (1052/1841) liminal-server config::env::tests::auth_token_override_creates_missing_auth_section
        PASS [   0.017s] (1053/1841) liminal-server config::env::tests::auth_token_override_replaces_existing_token
        PASS [   0.019s] (1054/1841) liminal-server config::env::tests::cluster_listen_address_and_cookie_overrides_replace_values
        PASS [   0.521s] (1055/1841) liminal-sdk::ws_transport_parity request_reply_parity
        PASS [   0.016s] (1056/1841) liminal-server config::env::tests::cluster_listen_address_override_without_cluster_section_returns_validation_error
        PASS [   0.016s] (1057/1841) liminal-server config::env::tests::cluster_override_without_cluster_section_returns_validation_error
        PASS [   0.019s] (1058/1841) liminal-server config::env::tests::cluster_overrides_replace_existing_cluster_values
        PASS [   0.014s] (1059/1841) liminal-server config::env::tests::drain_timeout_override_replaces_file_value
        PASS [   0.019s] (1060/1841) liminal-server config::env::tests::health_listen_address_override_replaces_file_value
        PASS [   0.015s] (1061/1841) liminal-server config::env::tests::invalid_drain_timeout_override_returns_config_load
        PASS [   0.025s] (1062/1841) liminal-server config::env::tests::file_then_env_then_validate_pipeline_gives_env_precedence
        PASS [   0.012s] (1063/1841) liminal-server config::env::tests::invalid_health_listen_address_override_returns_config_load
        PASS [   0.015s] (1064/1841) liminal-server config::env::tests::invalid_listen_address_override_returns_config_load
        PASS [   0.015s] (1065/1841) liminal-server config::env::tests::listen_address_override_replaces_file_value
        PASS [   0.017s] (1066/1841) liminal-server config::env::tests::websocket_empty_origin_list_override_is_fail_closed
        PASS [   0.019s] (1067/1841) liminal-server config::env::tests::persistence_path_override_replaces_file_value
        PASS [   0.014s] (1068/1841) liminal-server config::env::tests::websocket_origin_list_with_empty_entry_is_refused
        PASS [   0.016s] (1069/1841) liminal-server config::env::tests::websocket_override_without_declared_section_is_refused
        PASS [   0.014s] (1070/1841) liminal-server config::env::tests::websocket_overrides_replace_declared_section_values
        PASS [   0.017s] (1071/1841) liminal-server config::file::tests::malformed_toml_returns_config_load_with_parse_details
        PASS [   0.013s] (1072/1841) liminal-server config::file::tests::missing_file_returns_config_load
        PASS [   0.019s] (1073/1841) liminal-server config::file::tests::shipped_example_config_loads_through_the_real_loader
        PASS [   0.015s] (1074/1841) liminal-server config::file::tests::unknown_fields_return_config_load
        PASS [   0.017s] (1075/1841) liminal-server config::file::tests::valid_toml_parses_into_server_config
        PASS [   0.019s] (1076/1841) liminal-server config::file::tests::websocket_section_parses_and_absent_section_stays_none
        PASS [   0.015s] (1077/1841) liminal-server config::validation::tests::absent_auth_section_passes_validation
        PASS [   0.021s] (1078/1841) liminal-server config::validation::tests::default_profile_is_full_and_passes_validation
        PASS [   0.025s] (1079/1841) liminal-server config::validation::tests::default_limits_pass_validation_and_carry_signed_numbers
        PASS [   0.023s] (1080/1841) liminal-server config::validation::tests::duplicate_channel_names_are_listed
        PASS [   0.043s] (1081/1841) liminal-server config::validation::tests::absolute_schema_ref_is_loaded_and_parsed
        PASS [   0.019s] (1082/1841) liminal-server config::validation::tests::empty_auth_token_is_rejected
        PASS [   0.018s] (1083/1841) liminal-server config::validation::tests::file_persistence_path_is_rejected
        PASS [   0.019s] (1084/1841) liminal-server config::validation::tests::invalid_health_listen_address_reports_field_name
        PASS [   0.012s] (1085/1841) liminal-server config::validation::tests::invalid_json_schema_ref_reports_validation_error
        PASS [   0.013s] (1086/1841) liminal-server config::validation::tests::invalid_listen_address_reports_field_name
        PASS [   0.017s] (1087/1841) liminal-server config::validation::tests::matching_health_and_main_listen_addresses_are_rejected
        PASS [   0.011s] (1088/1841) liminal-server config::validation::tests::missing_schema_ref_file_reports_validation_error
        PASS [   0.012s] (1089/1841) liminal-server config::validation::tests::matching_health_and_main_listen_ports_are_rejected
        PASS [   0.018s] (1090/1841) liminal-server config::validation::tests::multiple_validation_errors_are_reported_together
        PASS [   0.016s] (1091/1841) liminal-server config::validation::tests::present_non_empty_auth_token_passes_validation
        PASS [   0.020s] (1092/1841) liminal-server config::validation::tests::provenance_ttl_shorter_than_receipt_is_a_typed_config_error
        PASS [   0.012s] (1093/1841) liminal-server config::validation::tests::routing_rules_reference_configured_channels
        PASS [   0.026s] (1094/1841) liminal-server config::validation::tests::relative_schema_ref_resolves_against_base_dir
        PASS [   0.015s] (1095/1841) liminal-server config::validation::tests::undersized_wire_frame_limit_is_a_typed_config_error
        PASS [   0.012s] (1096/1841) liminal-server config::validation::tests::unknown_profile_is_a_validation_error
        PASS [   0.010s] (1097/1841) liminal-server config::validation::tests::valid_config_passes_validation
        PASS [   0.011s] (1098/1841) liminal-server config::validation::tests::unreachable_persistence_path_reports_path
        PASS [   0.012s] (1099/1841) liminal-server config::validation::tests::websocket_absent_ping_interval_means_disabled_and_valid
        PASS [   0.018s] (1100/1841) liminal-server config::validation::tests::valid_participant_section_passes_validation
        PASS [   0.013s] (1101/1841) liminal-server config::validation::tests::valid_websocket_section_passes_validation
        PASS [   0.023s] (1102/1841) liminal-server config::validation::tests::valid_json_invalid_schema_ref_reports_validation_error
        PASS [   0.016s] (1103/1841) liminal-server config::validation::tests::websocket_empty_origin_list_is_valid_fail_closed_configuration
        PASS [   0.016s] (1104/1841) liminal-server config::validation::tests::websocket_duplicate_origin_is_a_typed_config_error
        PASS [   0.017s] (1105/1841) liminal-server config::validation::tests::websocket_address_conflicts_are_typed_config_errors
        PASS [   0.015s] (1106/1841) liminal-server config::validation::tests::websocket_malformed_origin_entries_are_typed_config_errors
        PASS [   0.014s] (1107/1841) liminal-server config::validation::tests::websocket_path_rules_are_typed_config_errors
        PASS [   0.016s] (1108/1841) liminal-server config::validation::tests::websocket_zero_ping_interval_is_a_typed_config_error
        PASS [   0.016s] (1109/1841) liminal-server config::validation::tests::websocket_zero_port_is_a_typed_config_error
        PASS [   0.016s] (1110/1841) liminal-server config::validation::tests::worker_front_door_profile_rejects_channels_persistence_and_cluster
        PASS [   0.015s] (1111/1841) liminal-server config::validation::tests::worker_front_door_rejects_participant_section
        PASS [   0.018s] (1112/1841) liminal-server config::validation::tests::worker_front_door_profile_with_empty_topology_passes
        PASS [   0.015s] (1113/1841) liminal-server config::validation::tests::zero_limits_are_typed_config_errors
        PASS [   0.020s] (1114/1841) liminal-server config::validation::tests::zero_drain_timeout_is_rejected
        PASS [   0.017s] (1115/1841) liminal-server config::validation::tests::zero_participant_values_are_typed_config_errors
        PASS [   0.015s] (1116/1841) liminal-server health::checks::tests::readiness_ignores_cluster_membership_when_not_configured
        PASS [   0.016s] (1117/1841) liminal-server health::checks::tests::health_check_is_always_healthy_liveness
        PASS [   0.014s] (1118/1841) liminal-server health::checks::tests::readiness_is_ready_only_when_all_applicable_conditions_are_met
        PASS [   0.015s] (1119/1841) liminal-server health::checks::tests::readiness_reports_missing_config
        PASS [   0.014s] (1120/1841) liminal-server health::checks::tests::readiness_requires_cluster_membership_when_configured
        PASS [   0.018s] (1121/1841) liminal-server health::checks::tests::readiness_reports_missing_listener
        PASS [   0.016s] (1122/1841) liminal-server health::checks::tests::shared_readiness_state_snapshots_updates
        PASS [   0.018s] (1123/1841) liminal-server health::endpoint::tests::cluster_readiness_is_listed_when_configured_but_not_joined
        PASS [   0.020s] (1124/1841) liminal-server health::endpoint::tests::clustered_ready_transitions_503_to_200_when_membership_established
        PASS [   0.018s] (1125/1841) liminal-server health::endpoint::tests::health_endpoint_returns_json_200_regardless_of_readiness
        PASS [   0.017s] (1126/1841) liminal-server health::endpoint::tests::health_accept_source_has_no_wouldblock_sleep_poll
        PASS [   0.016s] (1127/1841) liminal-server health::endpoint::tests::ready_endpoint_returns_503_before_main_listener_binds
        PASS [   0.017s] (1128/1841) liminal-server health::endpoint::tests::ready_endpoint_returns_200_after_all_startup_gates
        PASS [   0.024s] (1129/1841) liminal-server health::endpoint::tests::health_idle_grows_unrelated_counters_while_accept_stays_flat
        PASS [   0.033s] (1130/1841) liminal-server health::endpoint::tests::health_shutdown_interrupts_accept_wait
        PASS [   0.016s] (1131/1841) liminal-server health::endpoint::tests::ready_endpoint_updates_from_shared_readiness_state
        PASS [   0.021s] (1132/1841) liminal-server health::endpoint::tests::shutdown_interrupts_in_flight_silent_request_read
        PASS [   0.014s] (1133/1841) liminal-server health::endpoint::tests::unsupported_paths_are_not_served
        PASS [   0.014s] (1134/1841) liminal-server health::endpoint::tests::unsupported_methods_on_health_paths_are_rejected
        PASS [   0.017s] (1135/1841) liminal-server health::metrics_route::tests::health_and_ready_are_unaffected_by_the_metrics_route
        PASS [   0.014s] (1136/1841) liminal-server health::metrics_route::tests::render_body_exposes_the_three_server_families_after_activity
        PASS [   0.015s] (1137/1841) liminal-server health::metrics_route::tests::metrics_endpoint_serves_prometheus_text_with_200
        PASS [   0.013s] (1138/1841) liminal-server metrics::tests::init_registers_the_three_server_families_on_the_global_registry
        PASS [   0.082s] (1139/1841) liminal-server server::connection::apply::admission_tests::a_quiesced_channel_is_refused_with_its_own_code_and_carries_the_recorded_reason
        PASS [   0.076s] (1140/1841) liminal-server server::connection::apply::admission_tests::an_absent_channel_is_refused_with_the_roster_code_and_the_preserved_string
        PASS [   0.089s] (1141/1841) liminal-server server::connection::apply::admission_tests::a_healthy_channel_is_admitted_through_the_same_consultation
        PASS [   0.013s] (1142/1841) liminal-server server::connection::apply::tests::cap_refused_request_never_reaches_the_participant
        PASS [   0.019s] (1143/1841) liminal-server server::connection::apply::tests::connect_with_absent_token_against_gate_is_rejected_and_closed
        PASS [   0.018s] (1144/1841) liminal-server server::connection::apply::tests::connect_with_matching_token_is_accepted
        PASS [   0.037s] (1145/1841) liminal-server server::connection::apply::admission_tests::an_admitted_operation_the_service_then_refuses_stays_undifferentiated
        PASS [   0.013s] (1146/1841) liminal-server server::connection::apply::tests::connect_with_prefix_but_wrong_length_is_rejected
        PASS [   0.013s] (1147/1841) liminal-server server::connection::apply::tests::connect_with_wrong_token_is_rejected_and_closed
        PASS [   0.017s] (1148/1841) liminal-server server::connection::apply::tests::connect_without_configured_token_accepts_any_token
        PASS [   0.013s] (1149/1841) liminal-server server::connection::apply::tests::connection_cap_refused_request_never_reaches_the_participant
        PASS [   0.012s] (1150/1841) liminal-server server::connection::apply::tests::conversation_cap_refuses_past_the_limit_with_a_typed_error
        PASS [   0.014s] (1151/1841) liminal-server server::connection::apply::tests::conversation_close_sweeps_pending_and_tombstone_entries
        PASS [   0.014s] (1152/1841) liminal-server server::connection::apply::tests::duplicate_open_of_a_live_conversation_is_refused
        PASS [   0.013s] (1153/1841) liminal-server server::connection::apply::tests::failed_forward_rolls_back_its_reservation
        PASS [   0.227s] (1154/1841) liminal-server health::endpoint::tests::silent_health_listener_has_zero_application_wakes
        PASS [   0.052s] (1155/1841) liminal-server server::connection::apply::tests::installed_participant_semantic_failure_closes_without_response
        PASS [   0.062s] (1156/1841) liminal-server server::connection::apply::tests::installed_participant_service_advertises_and_dispatches_with_exact_incarnation
        PASS [   0.056s] (1157/1841) liminal-server server::connection::apply::tests::installed_participant_service_without_process_incarnation_fails_closed
        PASS [   0.018s] (1158/1841) liminal-server server::connection::apply::tests::open_refusals_preserve_the_request_stream_id
        PASS [   0.046s] (1159/1841) liminal-server server::connection::apply::tests::installed_participant_wire_limit_reaches_negotiated_session
        PASS [   0.017s] (1160/1841) liminal-server server::connection::apply::tests::pressure_frames_are_auth_gated_when_token_configured
        PASS [   0.017s] (1161/1841) liminal-server server::connection::apply::tests::participant_request_without_capability_responds_with_exact_rejection_then_closes
        PASS [   0.018s] (1162/1841) liminal-server server::connection::apply::tests::pressure_frames_remain_no_response_in_full_mode
        PASS [   0.016s] (1163/1841) liminal-server server::connection::apply::tests::publish_after_rejected_connect_is_still_closed
        PASS [   0.017s] (1164/1841) liminal-server server::connection::apply::tests::publish_after_successful_connect_is_honoured
        PASS [   0.022s] (1165/1841) liminal-server server::connection::apply::tests::publish_before_connect_against_gate_is_closed
        PASS [   0.014s] (1166/1841) liminal-server server::connection::apply::tests::publish_frame_delegates_to_liminal_services
        PASS [   0.016s] (1167/1841) liminal-server server::connection::apply::tests::publish_to_tapped_channel_bypasses_fan_out
        PASS [   0.014s] (1168/1841) liminal-server server::connection::apply::tests::publish_to_untapped_channel_still_fans_out
        PASS [   0.016s] (1169/1841) liminal-server server::connection::apply::tests::repeated_supported_connect_fails_closed_without_renegotiation
        PASS [   0.016s] (1170/1841) liminal-server server::connection::apply::tests::subscribe_and_unsubscribe_delegate_to_services
        PASS [   0.017s] (1171/1841) liminal-server server::connection::apply::tests::subscribe_and_worker_register_before_connect_are_closed
        PASS [   0.017s] (1172/1841) liminal-server server::connection::apply::tests::subscription_cap_refuses_past_the_limit_with_a_typed_error
        PASS [   0.018s] (1173/1841) liminal-server server::connection::apply::tests::worker_front_door_connect_keeps_participant_capability_disabled
        PASS [   0.019s] (1174/1841) liminal-server server::connection::apply::tests::unsupported_version_closes_without_publishing_handshake_state_or_application_work
        PASS [   0.015s] (1175/1841) liminal-server server::connection::apply::tests::worker_front_door_rejects_accept_pressure_frame_with_subscribe_error
        PASS [   0.014s] (1176/1841) liminal-server server::connection::apply::tests::worker_front_door_rejects_conversation_open_message_and_close
        PASS [   0.014s] (1177/1841) liminal-server server::connection::apply::tests::worker_front_door_rejects_defer_pressure_frame_with_subscribe_error
        PASS [   0.014s] (1178/1841) liminal-server server::connection::apply::tests::worker_front_door_rejects_ordinary_publish_with_publish_error
        PASS [   0.016s] (1179/1841) liminal-server server::connection::apply::tests::worker_front_door_rejects_subscribe_with_subscribe_error
        PASS [   0.016s] (1180/1841) liminal-server server::connection::apply::tests::worker_front_door_rejects_reject_pressure_frame_with_subscribe_error
        PASS [   0.017s] (1181/1841) liminal-server server::connection::apply::tests::worker_front_door_rejects_unsubscribe_with_subscribe_error
        PASS [   0.017s] (1182/1841) liminal-server server::connection::apply::tests::worker_front_door_serves_its_capabilities_across_rejections
        PASS [   0.019s] (1183/1841) liminal-server server::connection::apply::tests::worker_register_invokes_notifier_and_accepts
        PASS [   0.021s] (1184/1841) liminal-server server::connection::apply::tests::worker_register_rejection_surfaces_reason
        PASS [   0.028s] (1185/1841) liminal-server server::connection::apply::tests::worker_register_without_notifier_is_accepted
        PASS [   0.028s] (1186/1841) liminal-server server::connection::channel_registry::channel_registry_tests::access_refusals_carry_their_reserved_reason_codes
        PASS [   0.020s] (1187/1841) liminal-server server::connection::channel_registry::channel_registry_tests::already_registered_names_the_differing_field
        PASS [   0.022s] (1188/1841) liminal-server server::connection::channel_registry::channel_registry_tests::cap_refusals_name_the_config_key
        PASS [   0.012s] (1189/1841) liminal-server server::connection::channel_registry::channel_registry_tests::the_three_access_codes_are_mutually_distinct
        PASS [   0.015s] (1190/1841) liminal-server server::connection::delivery::tests::drains_in_order_with_monotonic_delivery_seq
        PASS [   0.013s] (1191/1841) liminal-server server::connection::delivery::tests::overflowed_subscription_is_shed_with_a_typed_error
        PASS [   0.015s] (1192/1841) liminal-server server::connection::delivery::tests::per_slice_budget_caps_deliveries
        PASS [   0.015s] (1193/1841) liminal-server server::connection::delivery::tests::shed_error_frame_defers_under_outbound_pressure
        PASS [   0.107s] (1194/1841) liminal-server server::connection::delivery::tests::pipelined_large_burst_is_delivered_without_teardown
        PASS [   0.101s] (1195/1841) liminal-server server::connection::incarnation_tests::connection_ordinal_exhaustion_is_a_typed_admission_failure
        PASS [   0.118s] (1196/1841) liminal-server server::connection::incarnation_tests::ordinary_full_services_do_not_activate_participant_incarnations
        PASS [   0.312s] (1197/1841) liminal-server server::connection::incarnation_tests::allocation_flush_failure_refuses_connection_before_process_spawn
        PASS [   0.364s] (1198/1841) liminal-server server::connection::incarnation_tests::accepted_connections_receive_distinct_durable_incarnations
        PASS [   1.732s] (1199/1841) liminal-sdk::ws_transport_parity silent_send_parity
        PASS [   0.024s] (1200/1841) liminal-server server::connection::incarnation_tests::worker_front_door_does_not_activate_participant_incarnations
        PASS [   0.018s] (1201/1841) liminal-server server::connection::outbound::tests::byte_budget_reports_progress_with_residue
        PASS [   0.232s] (1202/1841) liminal-server server::connection::incarnation_tests::startup_flush_failure_prevents_supervisor_construction
        PASS [   0.015s] (1203/1841) liminal-server server::connection::outbound::tests::enqueue_beyond_capacity_reports_overflow
        PASS [   0.015s] (1204/1841) liminal-server server::connection::outbound::tests::drain_of_empty_buffer_is_ok
        PASS [   0.475s] (1205/1841) liminal-server server::connection::incarnation_tests::production_connection_fate_authority_opens_and_completes_with_signed_bound
        PASS [   0.021s] (1206/1841) liminal-server server::connection::outbound::tests::enqueue_then_drain_delivers_the_frame
        PASS [   0.025s] (1207/1841) liminal-server server::connection::outbound::tests::large_frame_survives_partial_writes
        PASS [   0.054s] (1208/1841) liminal-server server::connection::outbound::tests::would_block_with_residue_is_reported
        PASS [   0.281s] (1209/1841) liminal-server server::connection::incarnation_tests::supervisor_fsyncs_startup_before_listener_can_bind
        PASS [   0.054s] (1210/1841) liminal-server server::connection::participant_delivery::tests::held_cap::combined_held_heads_refuse_at_signed_cap_without_close_or_loss
        PASS [   0.132s] (1211/1841) liminal-server server::connection::participant_delivery::tests::debt_refusal_and_pressure_holdback_remain_distinct
        PASS [   0.094s] (1212/1841) liminal-server server::connection::participant_delivery::tests::held_fresh_encodes_share_the_exact_slice_budget_across_push_classes
        PASS [   0.095s] (1213/1841) liminal-server server::connection::participant_delivery::tests::observer_requeue::budget_requeue_keeps_newer_observer_wake
        PASS [   0.079s] (1214/1841) liminal-server server::connection::participant_delivery::tests::push_slice_budget_and_round_robin_are_exact
        PASS [   0.206s] (1215/1841) liminal-server server::connection::participant_delivery::tests::oversize_is_config_corruption_not_pressure_policy
        PASS [   0.147s] (1216/1841) liminal-server server::connection::participant_delivery::tests::slow_recipient_holds_only_its_head
        PASS [   0.154s] (1217/1841) liminal-server server::connection::participant_delivery::tests::tcp_and_websocket_publish_identical_participant_bytes
        PASS [   0.686s] (1218/1841) liminal-server server::connection::incarnation_tests::startup_completes_historical_opens_before_returning_authority
        PASS [   0.016s] (1219/1841) liminal-server server::connection::pending_reply::tests::cancel_all_drops_every_entry
        PASS [   0.015s] (1220/1841) liminal-server server::connection::pending_reply::tests::capacity_recovers_via_conversation_close
        PASS [   0.014s] (1221/1841) liminal-server server::connection::pending_reply::tests::capacity_recovers_via_late_reply_consume
        PASS [   0.015s] (1222/1841) liminal-server server::connection::pending_reply::tests::connection_cap_counts_pending_only_not_tombstones
        PASS [   0.015s] (1223/1841) liminal-server server::connection::pending_reply::tests::conversations_awaiting_reply_lists_only_pending_conversations
        PASS [   0.013s] (1224/1841) liminal-server server::connection::pending_reply::tests::expire_is_idempotent_across_slices
        PASS [   0.014s] (1225/1841) liminal-server server::connection::pending_reply::tests::multiple_pipelined_replies_on_one_conversation_match_fifo
        PASS [   0.020s] (1226/1841) liminal-server server::connection::pending_reply::tests::replies_are_correlated_per_conversation
        PASS [   0.018s] (1227/1841) liminal-server server::connection::pending_reply::tests::slow_actor_late_reply_never_matches_a_younger_entry
        PASS [   0.014s] (1228/1841) liminal-server server::connection::pending_reply::tests::timeout_then_late_reply_then_new_request
        PASS [   0.020s] (1229/1841) liminal-server server::connection::pending_reply::tests::wedged_conversation_refuses_while_siblings_proceed
        PASS [   0.014s] (1230/1841) liminal-server server::connection::process::teardown_tests::teardown_releases_conversations_through_finalize_not_close
        PASS [   0.016s] (1231/1841) liminal-server server::connection::process::terminal_tests::terminal_participant_rejection_drains_after_more_than_one_slice_budget
        PASS [   0.383s] (1232/1841) liminal-server server::connection::participant_runtime_tests::supervisor_allocation_reaches_real_process_handler_as_exact_context
        PASS [   0.090s] (1233/1841) liminal-server server::connection::process::wake_tests::duplicate_ready_markers_are_harmless
        PASS [   0.021s] (1234/1841) liminal-server server::connection::services::durable_store_tests::build_connection_services_rejects_worker_profile_with_full_only_fields
        PASS [   0.083s] (1235/1841) liminal-server server::connection::services::durable_store_tests::ephemeral_store_directory_is_owned_through_the_build_seam
        PASS [   0.584s] (1236/1841) liminal-server server::connection::participant_delivery::tests::w2_leg3::deferred_debt_does_not_self_requeue_or_create_debt_wakes
        PASS [   0.077s] (1237/1841) liminal-server server::connection::services::durable_store_tests::full_only_constructors_reject_worker_profile
        PASS [   0.072s] (1238/1841) liminal-server server::connection::services::durable_store_tests::persistent_store_uses_configured_path_and_creates_no_temp_dir
        PASS [   0.112s] (1239/1841) liminal-server server::connection::services::durable_store_tests::worker_front_door_builds_no_store_and_no_temp_dir
        PASS [   0.120s] (1240/1841) liminal-server server::connection::services::durable_store_tests::worker_profile_census_is_empty_and_full_profile_records_all_schedulers
        PASS [   0.364s] (1241/1841) liminal-server server::connection::process::wake_tests::idle_connection_slice_count_is_flat_across_soak
        PASS [   0.112s] (1242/1841) liminal-server server::connection::services::services_registry_tests::a_rejected_schema_registers_nothing
        PASS [   0.098s] (1243/1841) liminal-server server::connection::services::services_registry_tests::probing_and_enumerating_never_spawn_an_actor
        PASS [   0.144s] (1244/1841) liminal-server server::connection::services::services_registry_tests::quiesce_admits_a_subscribe_that_read_active
        PASS [   0.093s] (1245/1841) liminal-server server::connection::services::services_registry_tests::quiesce_refuses_an_unregistered_name_and_the_probe_reports_it
        PASS [   0.109s] (1246/1841) liminal-server server::connection::services::services_registry_tests::registered_idle_channels_spawn_no_actor
        PASS [   0.077s] (1247/1841) liminal-server server::connection::services::services_registry_tests::registering_over_a_boot_channel_never_flips_its_origin
        PASS [   0.092s] (1248/1841) liminal-server server::connection::services::services_registry_tests::registration_is_idempotent_only_for_an_identical_configuration
        PASS [   0.074s] (1249/1841) liminal-server server::connection::services::services_registry_tests::the_channel_cap_refuses_undeclared_and_reached
        PASS [   1.078s] (1250/1841) liminal-server server::connection::participant_delivery::tests::w2_leg3::held_obligation_revalidates_binding_and_debt_before_offer
        PASS [   1.274s] (1251/1841) liminal-server server::connection::participant_delivery::tests::w2_leg3::connection_fate_drops_stale_head_and_replays_after_reconciled_cursor
        PASS [   0.232s] (1252/1841) liminal-server server::connection::services_r5_tests::persisted_durable_state_survives_fresh_services_over_same_store
        PASS [   0.378s] (1253/1841) liminal-server server::connection::services::services_registry_tests::runtime_registered_channels_are_absent_after_restart
        PASS [   0.141s] (1254/1841) liminal-server server::connection::services_r5_tests::publish_without_subscriber_reports_not_delivered
        PASS [   0.633s] (1255/1841) liminal-server server::connection::services_r5_tests::duplicate_idempotency_key_delivers_to_subscriber_exactly_once
        PASS [   0.022s] (1256/1841) liminal-server server::connection::services_schema::tests::loaded_schema_id_derives_from_loaded_bytes
        PASS [   0.015s] (1257/1841) liminal-server server::connection::services_schema::tests::raw_bytes_resolution_matches_the_channel_def_form
        PASS [   0.018s] (1258/1841) liminal-server server::connection::services_schema::tests::raw_bytes_resolution_refuses_bytes_that_are_not_json
        PASS [   0.403s] (1259/1841) liminal-server server::connection::services_r5_tests::publish_failure_with_failing_release_returns_original_error
        PASS [   0.015s] (1260/1841) liminal-server server::connection::services_schema::tests::schema_less_channel_is_permissive_and_uses_empty_schema_id
        PASS [   0.015s] (1261/1841) liminal-server server::connection::services_schema::tests::schema_ids_are_deterministic_and_content_addressed
        PASS [   0.772s] (1262/1841) liminal-server server::connection::services_r5_tests::durable_channel_recovers_sequence_across_restart_over_same_path
        PASS [   0.037s] (1263/1841) liminal-server server::connection::supervisor::tests::close_between_insert_and_confirm_publishes_nothing
        PASS [   0.030s] (1264/1841) liminal-server server::connection::supervisor::tests::close_racing_push_registration_never_strands_slot_or_cap
        PASS [   0.419s] (1265/1841) liminal-server server::connection::services_r5_tests::shutdown_flush_persists_durable_channel_state_to_store
        PASS [   0.749s] (1266/1841) liminal-server server::connection::services_r5_tests::publish_failure_releases_claim_so_reclaim_is_delivered
        PASS [   0.021s] (1267/1841) liminal-server server::connection::supervisor::tests::closing_connection_wakes_outstanding_push_awaiter_promptly
        PASS [   0.021s] (1268/1841) liminal-server server::connection::supervisor::tests::closing_one_connection_leaves_other_connections_push_intact
        PASS [   0.110s] (1269/1841) liminal-server server::connection::supervisor::tests::closed_connection_releases_its_admission_slot
        PASS [   0.053s] (1270/1841) liminal-server server::connection::supervisor::tests::concurrent_enumeration_during_polling_does_not_change_outcome
        PASS [   0.107s] (1271/1841) liminal-server server::connection::supervisor::tests::concurrent_spawns_at_the_limit_admit_exactly_one
        PASS [   0.137s] (1272/1841) liminal-server server::connection::supervisor::tests::connection_cleanup_after_conversation_scheduler_shutdown_is_prompt
        PASS [   0.083s] (1273/1841) liminal-server server::connection::supervisor::tests::connection_scheduler_inventory_has_one_readiness_poll_thread
        PASS [   0.470s] (1274/1841) liminal-server server::connection::supervisor::fate_tests::post_open_fatal_stops_new_opens_and_admission_and_activates_normal_shutdown
        PASS [   0.073s] (1275/1841) liminal-server server::connection::supervisor::tests::control_consumed_before_failed_wake_reads_ok_then_disconnected
        PASS [   0.071s] (1276/1841) liminal-server server::connection::supervisor::tests::crashing_one_connection_process_does_not_affect_others
        PASS [   0.578s] (1277/1841) liminal-server server::connection::supervisor::fate_tests::complete_flush_failure_latches_fatal_and_activates_normal_shutdown
        PASS [   0.171s] (1278/1841) liminal-server server::connection::supervisor::tests::drain_exit_between_predicate_and_park_is_not_lost
        PASS [   0.015s] (1279/1841) liminal-server server::connection::supervisor::tests::dropped_runtime_yields_disconnected_not_timeout
        PASS [   0.436s] (1280/1841) liminal-server server::connection::supervisor::tests::connection_churn_greater_than_worker_count_remains_bounded
        PASS [   0.293s] (1281/1841) liminal-server server::connection::supervisor::tests::drain_completes_on_last_exit_delivered_by_w1b_fate
        PASS [   5.017s] (1282/1841) liminal-sdk remote::tcp::push_client::tests::a_peer_that_never_answers_the_handshake_is_refused_at_the_named_deadline
        PASS [   0.310s] (1283/1841) liminal-server server::connection::supervisor::tests::drain_deadline_fires_at_most_once_per_sequence
        PASS [   0.083s] (1284/1841) liminal-server server::connection::supervisor::tests::elapsed_receive_polls_are_benign_rearms
        PASS [   0.178s] (1285/1841) liminal-server server::connection::supervisor::tests::duplicate_pid_registration_is_refused_and_prior_record_survives
        PASS [   0.157s] (1286/1841) liminal-server server::connection::supervisor::tests::duration_max_deadline_is_refused_without_slot_leak
        PASS [   0.068s] (1287/1841) liminal-server server::connection::supervisor::tests::explicit_deadline_expires_slot_and_releases_cap
        PASS [   0.016s] (1288/1841) liminal-server server::connection::supervisor::tests::flush_durable_state_propagates_shutdown_flush
        PASS [   0.069s] (1289/1841) liminal-server server::connection::supervisor::tests::externally_terminated_connection_with_open_conversations_returns_to_baseline
        PASS [   5.028s] (1290/1841) liminal-sdk::push_flush budget_expiry_reports_unresolved_not_an_error
        PASS [   0.058s] (1291/1841) liminal-server server::connection::supervisor::tests::from_config_worker_profile_builds_front_door_with_no_extra_schedulers
        PASS [   0.097s] (1292/1841) liminal-server server::connection::supervisor::tests::force_close_sends_disconnect_and_removes_connection
        PASS [   0.056s] (1293/1841) liminal-server server::connection::supervisor::tests::late_reply_after_expiry_is_a_harmless_noop
        PASS [   0.024s] (1294/1841) liminal-server server::connection::supervisor::tests::mark_crashed_wakes_outstanding_push_awaiter_promptly
        PASS [   0.289s] (1295/1841) liminal-server server::connection::supervisor::tests::eof_hup_deregisters_readiness_and_closes_open_conversations
        PASS [   5.017s] (1296/1841) liminal-sdk::ws_transport_parity participant_reconnect_provenance_parity
        PASS [   5.020s] (1297/1841) liminal-sdk::ws_transport_parity server_close_parity
        PASS [   0.179s] (1298/1841) liminal-server server::connection::supervisor::tests::force_close_settle_uses_exit_notification_not_second_poll
        PASS [   0.045s] (1299/1841) liminal-server server::connection::supervisor::tests::no_final_slice_exit_cannot_leak_admission_slot_across_idle
        PASS [   5.018s] (1300/1841) liminal-sdk::ws_transport_parity ws_reconnect_traverses_typed_permit_path
        PASS [   0.061s] (1301/1841) liminal-server server::connection::supervisor::tests::max_connections_refuses_past_the_cap
        PASS [   0.074s] (1302/1841) liminal-server server::connection::supervisor::tests::no_deadline_receive_never_blocks_on_registry_lock
        PASS [   0.022s] (1303/1841) liminal-server server::connection::supervisor::tests::poisoned_registry_still_reclaims_and_expires
        PASS [   0.299s] (1304/1841) liminal-server server::connection::supervisor::tests::fd_reuse_stale_token_deregister_after_reclamation_is_harmless_no_op
        PASS [   0.074s] (1305/1841) liminal-server server::connection::supervisor::tests::overdue_deadlined_receive_returns_expired_promptly
        PASS [   0.049s] (1306/1841) liminal-server server::connection::supervisor::tests::poll_quantum_independence_yields_the_same_outcome
        PASS [   0.246s] (1307/1841) liminal-server server::connection::supervisor::tests::last_drain_exit_simultaneous_with_deadline_resolves_one_winner
        PASS [   0.169s] (1308/1841) liminal-server server::connection::supervisor::tests::no_final_slice_exit_record_reclaimed_by_delivery_not_scan
        PASS [   0.051s] (1309/1841) liminal-server server::connection::supervisor::tests::reclaim_reactor_holds_runtime_weak_so_it_releases_synchronously_at_drop
        PASS [   0.214s] (1310/1841) liminal-server server::connection::supervisor::tests::pre_wait_race_barrier_finds_data_arriving_after_arm
        PASS [   0.219s] (1311/1841) liminal-server server::connection::supervisor::tests::public_deadlined_push_expires_promptly_over_real_connection
        PASS [   0.058s] (1312/1841) liminal-server server::connection::supervisor::tests::reply_delivered_after_deadline_instant_beats_unobserved_expiry
        PASS [   0.041s] (1313/1841) liminal-server server::connection::supervisor::tests::resolved_push_then_close_is_a_noop_with_no_double_send
        PASS [   0.308s] (1314/1841) liminal-server server::connection::supervisor::tests::readable_ping_produces_one_pong_then_reparks
        PASS [   0.350s] (1315/1841) liminal-server server::connection::supervisor::tests::quiet_drain_wakes_only_for_exit_or_single_deadline
        PASS [   0.368s] (1316/1841) liminal-server server::connection::supervisor::tests::public_deadlined_push_reply_after_deadline_instant_still_wins
        PASS [   0.205s] (1317/1841) liminal-server server::connection::supervisor::tests::registered_connection_exit_reaches_supervisor_cleanup_by_delivery_not_reap
        PASS [   0.177s] (1318/1841) liminal-server server::connection::supervisor::tests::reply_availability_wakes_a_parked_connection
        PASS [   0.326s] (1319/1841) liminal-server server::connection::supervisor::tests::receive_poll_quantum_never_changes_protocol_outcome
        PASS [   0.056s] (1320/1841) liminal-server server::connection::supervisor::tests::same_deadlined_schedule_yields_same_outcome_for_any_quantum
        PASS [   0.019s] (1321/1841) liminal-server server::connection::websocket::handshake_tests::duplicate_origin_headers_are_refused
        PASS [   0.018s] (1322/1841) liminal-server server::connection::websocket::handshake_tests::f6_empty_allow_list_refuses_origin_bearing_upgrades_only
        PASS [   0.014s] (1323/1841) liminal-server server::connection::websocket::handshake_tests::f6_listed_origin_passes
        PASS [   0.138s] (1324/1841) liminal-server server::connection::supervisor::tests::resolver_winning_the_expiry_race_delivers_the_reply
        PASS [   0.068s] (1325/1841) liminal-server server::connection::supervisor::tests::spawning_connections_creates_distinct_beamr_processes
        PASS [   0.012s] (1326/1841) liminal-server server::connection::websocket::handshake_tests::f6_unlisted_origin_receives_typed_refusal
        PASS [   0.013s] (1327/1841) liminal-server server::connection::websocket::handshake_tests::f6_null_opaque_origin_is_refused_unless_listed
        PASS [   0.019s] (1328/1841) liminal-server server::connection::websocket::handshake_tests::offered_subprotocol_is_refused
        PASS [   0.015s] (1329/1841) liminal-server server::connection::websocket::handshake_tests::query_on_the_exact_path_is_refused
        PASS [   0.014s] (1330/1841) liminal-server server::connection::websocket::handshake_tests::wrong_path_is_refused_with_not_found
        PASS [   0.015s] (1331/1841) liminal-server server::connection::websocket::handshake_tests::refusal_statuses_are_fixed_and_non_success
        PASS [   0.060s] (1332/1841) liminal-server server::connection::websocket::listener::tests::stop_accepting_refuses_new_sockets
        PASS [   0.169s] (1333/1841) liminal-server server::connection::supervisor::tests::shutdown_control_wakes_a_parked_subscriber_without_closing_it
        PASS [   0.074s] (1334/1841) liminal-server server::connection::websocket::listener::tests::websocket_bind_conflict_returns_typed_listener_bind
        PASS [   0.075s] (1335/1841) liminal-server server::connection::websocket::listener::tests::websocket_listener_binds_to_configured_address
        PASS [   0.016s] (1336/1841) liminal-server server::connection::websocket::listener::tests::websocket_listener_source_has_no_accept_backoff_or_handshake_reap_poll
        PASS [   0.016s] (1337/1841) liminal-server server::connection::websocket::outbound::tests::default_capacity_matches_the_shared_outbound_bound
        PASS [   0.011s] (1338/1841) liminal-server server::connection::websocket::outbound::tests::has_room_accounts_for_queued_bytes
        PASS [   0.014s] (1339/1841) liminal-server server::connection::websocket::outbound::tests::drain_delivers_each_frame_as_one_byte_exact_binary_message
        PASS [   0.012s] (1340/1841) liminal-server server::connection::websocket::outbound::tests::one_enqueued_frame_becomes_one_canonical_message
        PASS [   0.012s] (1341/1841) liminal-server server::connection::websocket::outbound::tests::overflow_is_a_typed_fatal_error
        PASS [   0.084s] (1342/1841) liminal-server server::connection::websocket::process::tests::ws_apply_binary_disconnect_closes
        PASS [   0.120s] (1343/1841) liminal-server server::connection::websocket::process::tests::ws_apply_binary_refuses_truncated_body_as_typed_error
        PASS [   0.328s] (1344/1841) liminal-server server::connection::supervisor::tests::server_push_control_wakes_a_parked_process_and_reparks
        PASS [   0.062s] (1345/1841) liminal-server server::connection::websocket::process::tests::ws_decode_accepts_exact_ten_byte_control_frame
        PASS [   0.149s] (1346/1841) liminal-server server::connection::websocket::process::tests::ws_apply_binary_refuses_trailing_bytes_as_typed_error
        PASS [   0.141s] (1347/1841) liminal-server server::connection::websocket::process::tests::ws_apply_binary_runs_the_shared_apply_frame_seam
        PASS [   0.030s] (1348/1841) liminal-server server::connection::websocket::process::tests::ws_decode_refuses_nine_byte_header
        PASS [   0.026s] (1349/1841) liminal-server server::connection::websocket::process::tests::ws_decode_refuses_trailing_byte
        PASS [   0.052s] (1350/1841) liminal-server server::connection::websocket::process::tests::ws_decode_refuses_declared_body_short_by_one
        PASS [   0.036s] (1351/1841) liminal-server server::connection::websocket::process::tests::ws_decode_refuses_two_concatenated_frames
        PASS [   0.049s] (1352/1841) liminal-server server::connection::websocket::process::tests::ws_decode_refuses_empty_message
        PASS [   0.018s] (1353/1841) liminal-server server::connection::worker_front_door::tests::construction_is_infallible_and_starts_no_scheduler
        PASS [   0.023s] (1354/1841) liminal-server server::connection::websocket::process::tests::ws_decode_round_trips_every_frame_category_byte_exact
        PASS [   0.299s] (1355/1841) liminal-server server::connection::websocket::listener::tests::silent_websocket_listener_has_zero_application_wakes
        PASS [   0.017s] (1356/1841) liminal-server server::listener::tests::fd_exhaustion_sheds_loudly_and_recovers_without_spin
        PASS [   0.086s] (1357/1841) liminal-server server::listener::tests::accepts_multiple_simultaneous_connections
        PASS [   0.087s] (1358/1841) liminal-server server::listener::tests::binding_in_use_port_returns_listener_bind
        PASS [   0.073s] (1359/1841) liminal-server server::listener::tests::listener_binds_to_configured_address
        PASS [   0.116s] (1360/1841) liminal-server server::connection::websocket::supervisor::tests::handshake_worker_completion_delivered_not_reap_scanned
        PASS [   0.106s] (1361/1841) liminal-server server::listener::tests::accepted_socket_racing_shutdown_is_supervised_or_shed_never_slept
        PASS [   0.016s] (1362/1841) liminal-server server::listener::tests::main_listener_source_has_no_accept_backoff_or_reap_poll
        PASS [   0.013s] (1363/1841) liminal-server server::listener::tests::resource_exhaustion_accept_error_is_transient
        PASS [   0.123s] (1364/1841) liminal-server server::listener::tests::listener_idle_grows_unrelated_reactor_slices_while_accept_counters_stay_flat
        PASS [   0.108s] (1365/1841) liminal-server server::listener::tests::stop_accepting_refuses_new_connections
        PASS [   0.151s] (1366/1841) liminal-server server::listener::tests::listener_shutdown_interrupts_accept_wait_without_backoff
        PASS [   0.014s] (1367/1841) liminal-server server::participant::aggregate_registry_tests::flush_ambiguous_owner_remains_quarantined_until_a_successful_barrier
        PASS [   0.281s] (1368/1841) liminal-server server::listener::tests::silent_main_listener_has_zero_application_wakes
        PASS [   0.230s] (1369/1841) liminal-server server::participant::aggregate_registry_tests::consume_replace_returns_the_same_noncloneable_owner_to_the_registry
        PASS [   0.292s] (1370/1841) liminal-server server::participant::aggregate_registry_tests::concurrent_cold_open_creates_one_cell_and_one_genesis_append
        PASS [   0.015s] (1371/1841) liminal-server server::participant::aggregate_registry_tests::process_crash_discards_unflushed_visible_state_before_cold_reopen
        PASS [   0.015s] (1372/1841) liminal-server server::participant::aggregate_registry_tests::recovery_barrier_cold_replays_an_append_hidden_until_flush
        PASS [   0.338s] (1373/1841) liminal-server server::participant::aggregate_registry_tests::append_conflict_quarantines_then_cold_replays_without_retry
        PASS [   0.257s] (1374/1841) liminal-server server::participant::aggregate_registry_tests::existing_stream_cold_opens_without_appending
        PASS [   0.335s] (1375/1841) liminal-server server::participant::aggregate_registry_tests::idle_release_drops_cell_and_later_cold_reopens_without_new_genesis
        PASS [   0.247s] (1376/1841) liminal-server server::participant::aggregate_registry_tests::malformed_cold_history_returns_error_without_invoking_handler
        PASS [   0.321s] (1377/1841) liminal-server server::participant::aggregate_registry_tests::release_refuses_held_operation_then_succeeds_after_operation_exits
        PASS [   0.382s] (1378/1841) liminal-server server::participant::aggregate_registry_tests::rejected_append_is_quarantined_and_resumed_only_by_later_explicit_call
        PASS [   2.231s] (1379/1841) liminal-server server::connection::supervisor::tests::drain_idle_grows_unrelated_slices_while_drain_counters_stay_flat
        PASS [   0.489s] (1380/1841) liminal-server server::participant::aggregate_registry_tests::mismatched_replacement_is_dropped_and_original_cell_cold_reopens
        PASS [   0.446s] (1381/1841) liminal-server server::participant::aggregate_registry_tests::same_conversation_operations_are_exclusive_but_other_conversations_progress
        PASS [   0.282s] (1382/1841) liminal-server server::participant::aggregate_tests::cold_reopen_replays_exact_event_and_never_appends_second_genesis
        PASS [   0.371s] (1383/1841) liminal-server server::participant::aggregate_tests::append_conflict_aborts_speculation_and_cold_reloads_competing_commit
        PASS [   0.176s] (1384/1841) liminal-server server::participant::aggregate_tests::rejected_append_cannot_publish_speculative_protocol_state
        PASS [   0.332s] (1385/1841) liminal-server server::participant::aggregate_tests::flush_failure_aborts_speculation_and_reloads_appended_durable_reality
        PASS [   0.310s] (1386/1841) liminal-server server::participant::aggregate_tests::malformed_canonical_event_fails_cold_load_before_state_use
        PASS [   0.203s] (1387/1841) liminal-server server::participant::conversation_stream_tests::append_rejects_unrepresentable_next_sequence_before_storage
        PASS [   0.274s] (1388/1841) liminal-server server::participant::conversation_stream_tests::optimistic_conflict_is_returned_without_retry
        PASS [   0.361s] (1389/1841) liminal-server server::participant::aggregate_tests::stored_sequence_must_equal_canonical_event_ordinal
        PASS [   2.394s] (1390/1841) liminal-server server::connection::supervisor::tests::err_from_public_push_publishes_nothing_after_close
        PASS [   0.016s] (1391/1841) liminal-server server::participant::dispatch_impact_tests::empty_accumulator_is_unchanged
        PASS [   0.018s] (1392/1841) liminal-server server::participant::dispatch_impact_tests::repeated_and_prefix_effects_union_without_precedence
        PASS [   0.018s] (1393/1841) liminal-server server::participant::dispatch_impact_tests::truthful_effect_with_no_current_target_remains_changed
        PASS [   0.015s] (1394/1841) liminal-server server::participant::dispatch_tests::decoded_request_reaches_handler_and_crate_value_is_framed
        PASS [   0.017s] (1395/1841) liminal-server server::participant::dispatch_tests::every_registered_client_request_reaches_the_same_semantic_seam
        PASS [   0.013s] (1396/1841) liminal-server server::participant::dispatch_tests::gate_rejection_never_calls_semantics
        PASS [   0.014s] (1397/1841) liminal-server server::participant::dispatch_tests::semantic_failure_is_fatal_and_has_no_wire_value
        PASS [   0.016s] (1398/1841) liminal-server server::participant::dispatch_tests::unrelated_generic_frame_bypasses_handler
        PASS [   0.396s] (1399/1841) liminal-server server::participant::conversation_stream_tests::pages_are_contiguous_bounded_and_end_on_empty
        PASS [   0.450s] (1400/1841) liminal-server server::participant::detach_repository_tests::failed_first_flush_never_publishes_enrollment_outcome
        PASS [   0.606s] (1401/1841) liminal-server server::participant::crash_repository_tests::pending_crash_replays_private_pending_authority_without_a_terminal_history_entry
        PASS [   0.654s] (1402/1841) liminal-server server::participant::detach_repository_tests::cold_reopen_replays_terminalized_detach_with_old_epoch
        PASS [   0.423s] (1403/1841) liminal-server server::participant::incarnation_stream_tests::allocate_before_first_startup_is_rejected_as_corrupt_history
        PASS [   0.477s] (1404/1841) liminal-server server::participant::incarnation_stream_tests::allocate_count_must_select_exact_fixed_width_suffix
        PASS [   0.014s] (1405/1841) liminal-server server::participant::incarnation_stream_tests::connection_fate_open_codec_refuses_noncanonical_or_overbound_conversations
        PASS [   0.015s] (1406/1841) liminal-server server::participant::incarnation_stream_tests::event_codec_pins_exact_startup_and_allocate_bytes
        PASS [   2.420s] (1407/1841) liminal-server server::connection::supervisor::tests::s8_failed_wake_in_reclamation_window_publishes_nothing_then_funnel_completes
        PASS [   1.092s] (1408/1841) liminal-server server::participant::cursor_repository_tests::two_participants_ack_same_retained_suffix_and_survive_cold_reopen
        PASS [   0.529s] (1409/1841) liminal-server server::participant::incarnation_stream_tests::configured_reference_bound_refuses_before_any_append
        PASS [   0.758s] (1410/1841) liminal-server server::participant::incarnation_stream_tests::cold_start_replays_each_historical_allocation_under_its_stored_bound
        PASS [   0.164s] (1411/1841) liminal-server server::participant::incarnation_stream_tests::max_server_incarnation_refuses_live_startup_without_append
        PASS [   0.820s] (1412/1841) liminal-server server::participant::incarnation_stream_tests::connection_fate_intent_rows_pin_exact_v2_bytes_and_frozen_v1_decode
        PASS [   1.573s] (1413/1841) liminal-server server::participant::crash_repository_tests::all_crash_causes_survive_a_cold_database_reopen
        PASS [   0.410s] (1414/1841) liminal-server server::participant::incarnation_stream_tests::max_ordinal_event_replays_then_exhaustion_emits_no_extra_event
        PASS [   1.004s] (1415/1841) liminal-server server::participant::incarnation_stream_tests::cold_replay_treats_only_an_empty_short_page_as_end_of_stream
        PASS [   0.328s] (1416/1841) liminal-server server::participant::incarnation_stream_tests::referenced_max_collision_event_replays_terminal_exhaustion
        PASS [   0.350s] (1417/1841) liminal-server server::participant::incarnation_stream_tests::old_scalar_header_and_regression_are_not_representable
        PASS [   0.424s] (1418/1841) liminal-server server::participant::incarnation_stream_tests::stored_allocate_after_terminal_exhaustion_is_corrupt
        PASS [   0.494s] (1419/1841) liminal-server server::participant::incarnation_stream_tests::stored_declared_reference_bound_is_checked_before_reference_allocation
        PASS [   0.655s] (1420/1841) liminal-server server::participant::incarnation_stream_tests::startup_allocations_cold_replay_preserves_header_and_next_pair
        PASS [   0.469s] (1421/1841) liminal-server server::participant::incarnation_stream_tests::stored_startup_after_server_exhaustion_is_corrupt
        PASS [   0.915s] (1422/1841) liminal-server server::participant::incarnation_stream_tests::second_startup_replays_history_and_resets_ordinal_namespace
        PASS [   1.530s] (1423/1841) liminal-server server::participant::incarnation_stream_tests::malformed_event_codec_is_rejected_before_protocol_replay
        PASS [   6.221s] (1424/1841) liminal-server server::connection::supervisor::tests::pending_reply_deadline_is_the_only_wake_under_zero_traffic
        PASS [   6.701s] (1425/1841) liminal-server server::participant::incarnation_stream_tests::historical_open_generation_bound_survives_limit_reduction_and_refuses_overbound_history
        PASS [   6.765s] (1426/1841) liminal-server server::participant::production::e2e_cold_tests::records_and_leave_survive_real_socket_cold_reopen
        PASS [   6.696s] (1427/1841) liminal-server server::participant::production::e2e_cold_tests::restart_between_delivery_and_ack_accepts
        PASS [   0.014s] (1428/1841) liminal-server server::participant::production::e2e_tests::amplify_leave_regression_response_push_interleave
        PASS [   9.299s] (1429/1841) liminal-server server::participant::production::e2e_leave_regression::leave_after_detach_reattach_supersession_discharges_unacked_obligation_and_reopens
        PASS [   9.368s] (1430/1841) liminal-server server::participant::production::e2e_terminal_drain::live_socket_publish_drains_pending_terminal_then_unclean_restart_serves
        PASS [   5.105s] (1431/1841) liminal-server server::participant::production::e2e_tests::ack_after_reattach_before_replay_accepts_after_reconciliation
        PASS [   3.882s] (1432/1841) liminal-server server::participant::production::e2e_tests::full_lifecycle_e2e_over_real_socket_replays_old_epoch
        PASS [  13.349s] (1433/1841) liminal-server server::participant::production::e2e_leave_commit_boundary::leave_discharge_replays_deterministically_across_the_commit_boundary
        PASS [   0.226s] (1434/1841) liminal-server server::participant::production::tests::connection_fate_intent_incomplete_latches_first_fatal_before_semantic_or_publication_entry
        PASS [   0.917s] (1435/1841) liminal-server server::participant::production::e2e_tests::tests_w2_leg3_idle::obligation_debt_dispatch_idle_has_zero_debt_attributable_work
        PASS [   7.687s] (1436/1841) liminal-server server::participant::production::e2e_tests::e2e_sdk_tests::terminal_answer_precedes_independent_push_work
        PASS [   1.277s] (1437/1841) liminal-server server::participant::production::tests::marker_ack_refuses_through_crate_selector
        PASS [   1.548s] (1438/1841) liminal-server server::participant::production::tests::observer_recovery_classifies_exact_rows_over_durable_tracking
        PASS [   6.390s] (1439/1841) liminal-server server::participant::production::e2e_tests::parked_tcp_and_websocket_processes_wake_on_outbox_without_polling
        PASS [   5.786s] (1440/1841) liminal-server server::participant::production::e2e_tests::tests_endpoint_ack::endpoint_with_no_committed_obligation_refuses
        PASS [   2.274s] (1441/1841) liminal-server server::participant::production::tests::terminalized_detach_cold_reopen_carries_old_epoch_through_dispatch
        PASS [   1.578s] (1442/1841) liminal-server server::participant::production::tests_binding::marker_bearing_attach_refuses_no_marker_expected
        PASS [   3.268s] (1443/1841) liminal-server server::participant::production::tests::two_participant_same_suffix_acks_and_regression_refusal_survive_cold_reopen
        PASS [   2.606s] (1444/1841) liminal-server server::participant::production::tests_binding::attach_while_bound_from_new_incarnation_recovers_crashed_binding
        PASS [   3.195s] (1445/1841) liminal-server server::participant::production::tests_binding::attach_while_bound_same_connection_supersedes_and_survives_cold_reopen
        PASS [   3.445s] (1446/1841) liminal-server server::participant::production::tests_binding::enrollment_at_identity_limit_returns_typed_capacity_refusal_without_minting
        PASS [   2.539s] (1447/1841) liminal-server server::participant::production::tests_binding::record_admission_lookup_rows_classify_typed_over_production_dispatch
        PASS [   2.761s] (1448/1841) liminal-server server::participant::production::tests_boot_containment::control_a_deferred_fault_is_inert_when_boot_appends_nothing
        PASS [   4.520s] (1449/1841) liminal-server server::participant::production::tests_binding::tests_binding_capacity::semantic_conversations_beyond_connection_limit_refuse_with_exact_envelope
        PASS [   5.562s] (1450/1841) liminal-server server::participant::production::tests_boot_containment::a_post_drain_replay_failure_must_not_take_down_the_node
        PASS [   4.802s] (1451/1841) liminal-server server::participant::production::tests_boot_containment::a_refused_boot_drain_must_not_take_down_the_node
        PASS [  22.096s] (1452/1841) liminal-server server::participant::production::e2e_terminal_drain_detached::live_socket_publish_drains_pending_detached_then_victim_resumes_and_restart_serves
        PASS [  18.618s] (1453/1841) liminal-server server::participant::production::e2e_tests::e2e_sdk_tests::serverpush_sent_is_not_receipt_real_socket
        PASS [   2.724s] (1454/1841) liminal-server server::participant::production::tests_boot_containment::control_uncorrupted_store_boots_and_serves_both_conversations
        PASS [   3.103s] (1455/1841) liminal-server server::participant::production::tests_boot_containment::one_unloadable_conversation_must_not_take_down_the_others
        PASS [   5.980s] (1456/1841) liminal-server server::participant::production::tests_boot_containment::control_pending_terminal_lane_and_neighbour_boot_clean
        PASS [   2.936s] (1457/1841) liminal-server server::participant::production::tests_boot_containment::one_unloadable_record_must_not_prevent_the_node_from_starting
        PASS [   2.790s] (1458/1841) liminal-server server::participant::production::tests_boot_containment::the_refusal_must_name_the_conversation_it_refused
        PASS [   1.666s] (1459/1841) liminal-server server::participant::production::tests_capacity::enrollment_live_receipt_server_scope_refuses_and_survives_restart
        PASS [   2.895s] (1460/1841) liminal-server server::participant::production::tests_capacity::enrollment_identity_server_scope_refuses_and_survives_restart
        PASS [  27.876s] (1461/1841) liminal-server server::participant::production::e2e_cold_all_shapes::cold_reopen_reconciles_and_replays_all_record_shapes
        PASS [   2.921s] (1462/1841) liminal-server server::participant::production::tests_capacity::enrollment_mixed_full_and_over_limit_refuses_the_earlier_full_scope
        PASS [   2.388s] (1463/1841) liminal-server server::participant::production::tests_capacity::enrollment_over_limit_scope_refuses_with_true_numbers
        PASS [   1.724s] (1464/1841) liminal-server server::participant::production::tests_capacity::enrollment_provenance_server_scope_refusal
        PASS [   2.549s] (1465/1841) liminal-server server::participant::production::tests_capacity::enrollment_provenance_conversation_scope_refusal_is_scoped
        PASS [   2.374s] (1466/1841) liminal-server server::participant::production::tests_capacity_attach::attach_live_receipt_server_scope_refusal
        PASS [   0.025s] (1467/1841) liminal-server server::participant::production::tests_config_d2::canonical_v2_marker_attached_and_recovery_rows_fit_signed_caps
        PASS [   0.016s] (1468/1841) liminal-server server::participant::production::tests_config_d2::canonical_v2_marker_bytes_exclude_unit2_projection_fields
        PASS [   0.020s] (1469/1841) liminal-server server::participant::production::tests_config_d2::d2_validation_accumulates_every_field_specific_failure
        PASS [   2.488s] (1470/1841) liminal-server server::participant::production::tests_capacity_attach::attach_live_receipt_participant_scope_refusal
        PASS [   2.896s] (1471/1841) liminal-server server::participant::production::tests_capacity_attach::attach_mixed_full_and_over_limit_refuses_the_earlier_full_scope
        PASS [   2.847s] (1472/1841) liminal-server server::participant::production::tests_capacity_attach::attach_over_limit_scope_refuses_with_true_numbers
        PASS [  31.549s] (1473/1841) liminal-server server::participant::production::e2e_leave_regression::leave_discharges_the_left_identitys_obligations_and_bounds_live_payload
        PASS [   3.252s] (1474/1841) liminal-server server::participant::production::tests_capacity_attach::full_provenance_participant_scope_refuses_and_in_window_unknown_is_stale_authority
        PASS [   1.267s] (1475/1841) liminal-server server::participant::production::tests_f8b_seal::a_genesis_only_conversation_still_enrolls_as_ordinary_flow
        PASS [   5.730s] (1476/1841) liminal-server server::participant::production::tests_capacity_attach::expired_provenance_prunes_freeing_capacity_and_degrading_exact_old_tokens
        PASS [   4.829s] (1477/1841) liminal-server server::participant::production::tests_delivery_acceptance::socket_offer_and_write_never_reclaim
        PASS [   4.050s] (1478/1841) liminal-server server::participant::production::tests_f8b_boot_drain::boot_drains_a_pending_terminal_lane_and_reaches_listening
        PASS [   5.557s] (1479/1841) liminal-server server::participant::production::tests_delivery_acceptance::reattach_replays_unacked_in_order_after_acked_frontier
        PASS [   7.197s] (1480/1841) liminal-server server::participant::production::tests_capacity_attach::attach_provenance_scope_refusals_follow_the_fixed_order
        PASS [   0.018s] (1481/1841) liminal-server server::participant::production::tests_f8b_typed_refusal::a_non_precedence_admission_refusal_keeps_its_own_reason
        PASS [   3.704s] (1482/1841) liminal-server server::participant::production::tests_f8b_boot_drain::boot_empties_a_two_marker_lane_in_two_drains
        PASS [   1.370s] (1483/1841) liminal-server server::participant::production::tests_f8b_typed_refusal::a_durable_append_failure_stays_outside_the_refusal_carrier
        FAIL [   9.091s] (1484/1841) liminal-server server::participant::production::tests_f8_marker_poison::a_refused_connection_fate_leaves_no_durable_residue
  output ───

    running 1 test
    Error: "the peer's ack through 13 did not commit, so hard observer progress was never lifted over the marker at 12 and the incident is not armed: StaleAuthority(Live { request: ParticipantAck(ParticipantAckEnvelope { conversation_id: 167, participant_id: 1, capability_generation: Generation(1), through_seq: 13 }), current_generation: Generation(2) })"
    test server::participant::production::tests_f8_marker_poison::a_refused_connection_fate_leaves_no_durable_residue ... FAILED

    failures:

    failures:
        server::participant::production::tests_f8_marker_poison::a_refused_connection_fate_leaves_no_durable_residue

    test result: FAILED. 0 passed; 1 failed; 0 ignored; 0 measured; 631 filtered out; finished in 9.06s


        PASS [   4.815s] (1485/1841) liminal-server server::participant::production::tests_f8b_seal::boot_draining_the_last_identity_seals_the_conversation
        PASS [   4.553s] (1486/1841) liminal-server server::participant::production::tests_f8b_seal::the_boot_drain_verdict_names_the_seal
        PASS [   0.499s] (1487/1841) liminal-server server::participant::production::tests_layer2::drain_first_row_is_one_complete_poststate_and_contains_no_push
        PASS [   0.025s] (1488/1841) liminal-server server::participant::production::tests_layer2::production_dispatch_refusal_matrix_is_typed_tokened_and_respond_only
        PASS [   4.918s] (1489/1841) liminal-server server::participant::production::tests_f8b_seal::enrollment_into_a_sealed_conversation_is_refused_by_type
        PASS [   6.172s] (1490/1841) liminal-server server::participant::production::tests_f8b_seal::a_sealed_conversation_does_not_refuse_its_neighbours
        FAIL [   9.657s] (1491/1841) liminal-server server::participant::production::tests_f8_marker_poison::the_incident_sequence_reboots_into_a_discharged_fate_and_a_live_server
  output ───

    running 1 test
    Error: "the peer's ack through 13 did not commit, so hard observer progress was never lifted over the marker at 12 and the incident is not armed: StaleAuthority(Live { request: ParticipantAck(ParticipantAckEnvelope { conversation_id: 167, participant_id: 1, capability_generation: Generation(1), through_seq: 13 }), current_generation: Generation(2) })"
    test server::participant::production::tests_f8_marker_poison::the_incident_sequence_reboots_into_a_discharged_fate_and_a_live_server ... FAILED

    failures:

    failures:
        server::participant::production::tests_f8_marker_poison::the_incident_sequence_reboots_into_a_discharged_fate_and_a_live_server

    test result: FAILED. 0 passed; 1 failed; 0 ignored; 0 measured; 631 filtered out; finished in 9.63s


        PASS [   1.264s] (1492/1841) liminal-server server::participant::production::tests_layer2::literal_same_stream_v1_five_kind_rows_are_schema_version_one
        PASS [   0.562s] (1493/1841) liminal-server server::participant::production::tests_log_v2::empty_stream_and_all_v2_stream_restore
        PASS [   2.354s] (1494/1841) liminal-server server::participant::production::tests_layer2::encode_dispatch_decode_assigns_sequence_and_one_exact_payload_row
        PASS [   2.382s] (1495/1841) liminal-server server::participant::production::tests_leave::bound_leave_commits_retries_conflicts_and_survives_cold_reopen
        PASS [   0.500s] (1496/1841) liminal-server server::participant::production::tests_log_v2::literal_v1_row_is_rejected_as_schema_version_one
        PASS [  43.815s] (1497/1841) liminal-server server::participant::incarnation_stream_tests::cold_replay_crosses_bounded_pages_without_polling
        PASS [   6.523s] (1498/1841) liminal-server server::participant::production::tests_f8b_typed_refusal::an_occupied_lane_refusal_reaches_the_recovery_consumer_typed
        PASS [   2.884s] (1499/1841) liminal-server server::participant::production::tests_leave::authorized_leave_refuses_stage_six_capacity_before_commit
        PASS [   1.937s] (1500/1841) liminal-server server::participant::production::tests_log_v2::leave_append_failure_publishes_no_response_or_tombstone
        PASS [   1.903s] (1501/1841) liminal-server server::participant::production::tests_log_v2::leave_flush_failure_replays_only_a_complete_tombstone
        PASS [   2.912s] (1502/1841) liminal-server server::participant::production::tests_leave::detached_leave_commits_prior_terminal_and_retries_after_cold_reopen
        PASS [   0.570s] (1503/1841) liminal-server server::participant::production::tests_log_v2::mixed_v2_then_v1_page_is_rejected_before_returning_any_rows
        PASS [   6.137s] (1504/1841) liminal-server server::participant::production::tests_history::every_transition_history_matches_live_state_after_cold_restore
        PASS [   7.195s] (1505/1841) liminal-server server::participant::production::tests_f8b_typed_refusal::partly_applied_connection_fate_reruns_its_committed_prefix_as_a_noop
        PASS [   2.025s] (1506/1841) liminal-server server::participant::production::tests_log_v2::mixed_stream_fails_startup_without_publishing_an_authority
        PASS [   1.744s] (1507/1841) liminal-server server::participant::production::tests_log_v2::record_append_failure_publishes_no_response_or_poststate
        PASS [   2.085s] (1508/1841) liminal-server server::participant::production::tests_log_v2::record_flush_failure_replays_only_a_complete_row
        PASS [   1.693s] (1509/1841) liminal-server server::participant::production::tests_observer::capacity_check_counts_tracked_conversation_after_owner_discard
        PASS [   1.666s] (1510/1841) liminal-server server::participant::production::tests_observer::enrolled_conversation_without_track_row_recovers_classification
        PASS [   3.482s] (1511/1841) liminal-server server::participant::production::tests_observer_wake::coalescing::stale_arm_reaches_progressed_after_wake_coalesced
        PASS [   8.986s] (1512/1841) liminal-server server::participant::production::tests_marker_ack::marker_covered_outbox_accounting_stays_bounded_until_real_discharge
        PASS [   0.025s] (1513/1841) liminal-server server::participant::production::tests_outbox_log::canonical_outbox_encoder_prints_checked_q4_measurements
        PASS [   0.014s] (1514/1841) liminal-server server::participant::production::tests_outbox_log::extension_schema_version_refuses_before_projection
        PASS [   2.738s] (1515/1841) liminal-server server::participant::production::tests_outbox_barrier::published_obligation_tells_exact_live_dispatch_once
        PASS [   0.020s] (1516/1841) liminal-server server::participant::production::tests_outbox_log::outbox_bound_domination_inequalities_hold_at_the_codec
        PASS [   0.015s] (1517/1841) liminal-server server::participant::production::tests_outbox_log::schema_v1_codec_round_trips_every_row_and_record_kind
        PASS [   0.015s] (1518/1841) liminal-server server::participant::production::tests_outbox_log::unit2_outbox_restore_batch_rows_has_the_signed_name_and_value
        PASS [   0.016s] (1519/1841) liminal-server server::participant::production::tests_outbox_owner::cumulative_ack_reclaims_only_the_recipient_prefix
        PASS [   0.015s] (1520/1841) liminal-server server::participant::production::tests_outbox_owner::leave_atomically_discharges_retired_obligations_and_replays
        PASS [   0.579s] (1521/1841) liminal-server server::participant::production::tests_outbox_log::mixed_extension_stream_refuses_without_returning_rows
        PASS [   0.038s] (1522/1841) liminal-server server::participant::production::tests_outbox_owner::literal_v2_nonobligation_ack_restores_while_regression_refuses
        PASS [   0.027s] (1523/1841) liminal-server server::participant::production::tests_outbox_owner::live_recipient_obligation_bound_holds_without_mutation_and_owner_continues
        PASS [   0.030s] (1524/1841) liminal-server server::participant::production::tests_outbox_owner::live_recipient_obligation_bound_rejects_checked_product_overflow
        PASS [   0.037s] (1525/1841) liminal-server server::participant::production::tests_outbox_owner::marker_cursor_provenance_reconciles_without_consuming_outbox_state
        PASS [   0.031s] (1526/1841) liminal-server server::participant::production::tests_outbox_owner::participant_ack_only_advances_receipt_frontier
        PASS [   0.022s] (1527/1841) liminal-server server::participant::production::tests_outbox_owner::participant_outbox_owner_is_move_only
        PASS [   0.014s] (1528/1841) liminal-server server::participant::production::tests_outbox_owner::uncertain_duplicate_source_batch_is_idempotent_only_by_exact_bytes
        PASS [   9.508s] (1529/1841) liminal-server server::participant::production::tests_marker_fate_repro::a_redundant_marker_ack_at_the_cursor_must_answer_ack_noop
        PASS [   9.698s] (1530/1841) liminal-server server::participant::production::tests_marker_fate_repro::a_cold_replayed_marker_ack_must_leave_the_sealed_token_in_step
        PASS [  10.111s] (1531/1841) liminal-server server::participant::production::tests_marker_fate_repro::an_ordinary_ack_after_a_marker_ack_must_still_commit
        PASS [  10.706s] (1532/1841) liminal-server server::participant::production::tests_marker_fate_repro::a_marker_ack_must_not_wedge_the_cached_authority_for_the_next_ordinary_ack
        PASS [   9.443s] (1533/1841) liminal-server server::participant::production::tests_marker_fate_repro::an_ordinary_ack_crossing_a_marker_must_not_wedge_the_conversation
        PASS [   1.052s] (1534/1841) liminal-server server::participant::production::tests_outbox_replay::postcommit_outbox_append_failure_repairs_before_publication
        PASS [   1.270s] (1535/1841) liminal-server server::participant::production::tests_outbox_replay::malformed_unknown_and_mixed_extension_refuses_before_publication
        PASS [   1.301s] (1536/1841) liminal-server server::participant::production::tests_outbox_replay::impossible_extension_boundary_refuses_before_publication
        PASS [   1.271s] (1537/1841) liminal-server server::participant::production::tests_outbox_replay::uncertain_outbox_flush_accepts_exact_existing_without_duplicate
        PASS [   2.356s] (1538/1841) liminal-server server::participant::production::tests_receipts::live_receipt_replays_with_invalidated_old_secret
        PASS [   2.222s] (1539/1841) liminal-server server::participant::production::tests_receipts_enrollment::attach_inside_enrollment_receipt_window_supersedes_the_receipt
        PASS [   2.649s] (1540/1841) liminal-server server::participant::production::tests_receipts::attach_deadline_provenance_replay_carries_result_generation
        PASS [   2.881s] (1541/1841) liminal-server server::participant::production::tests_receipts::superseded_receipt_keeps_provenance_then_degrades_to_stale_or_unknown
        PASS [  14.117s] (1542/1841) liminal-server server::participant::production::tests_marker_ack::marker_ack_requires_exact_offered_binding_testimony
        PASS [   3.101s] (1543/1841) liminal-server server::participant::production::tests_receipts_enrollment::enrollment_token_replay_after_provenance_window_is_enrollment_known
        PASS [   2.570s] (1544/1841) liminal-server server::participant::production::tests_receipts_enrollment::enrollment_token_replay_inside_provenance_window_is_receipt_expired
        PASS [   0.302s] (1545/1841) liminal-server server::participant::production::tests_residue::refused_probes_of_fresh_conversations_leave_no_durable_or_registry_residue
        PASS [   5.128s] (1546/1841) liminal-server server::participant::production::tests_outbox_replay::postcommit_outbox_failure_is_repaired_not_rolled_back
        PASS [   2.055s] (1547/1841) liminal-server server::participant::production::tests_record_admission::authorized_record_at_static_capacity_refuses_with_exact_token
        PASS [   1.874s] (1548/1841) liminal-server server::participant::production::tests_record_admission_dedup::distinct_tokens_identical_bodies_commit_twice
        PASS [   2.213s] (1549/1841) liminal-server server::participant::production::tests_record_admission_dedup::different_participant_same_token_and_bytes_commits_anew_and_evicts_nothing
        PASS [   1.905s] (1550/1841) liminal-server server::participant::production::tests_record_admission_dedup::same_token_different_body_commits_new_record_and_never_answers_first
        PASS [   2.330s] (1551/1841) liminal-server server::participant::production::tests_record_admission_dedup::same_token_same_bytes_across_cold_replay_and_rotation_answers_first_commit
        PASS [  17.071s] (1552/1841) liminal-server server::participant::production::tests_marker_ack::marker_ack_preserves_owner_variant_and_reconciles_dispatch_cursor
        PASS [   2.156s] (1553/1841) liminal-server server::participant::production::tests_restore_window::second_pending_terminal_cannot_join_the_candidate_lane
        PASS [   3.897s] (1554/1841) liminal-server server::participant::production::tests_receipts_enrollment::superseded_enrollment_token_maps_to_enrollment_known_after_provenance
        PASS [   2.823s] (1555/1841) liminal-server server::participant::production::tests_restore_window::residence_frontier_census_sole_terminal_candidate_closure_clear
        PASS [  14.338s] (1556/1841) liminal-server server::participant::production::tests_observer_wake::dead_or_missing_weak_observer_handle_drops_only_targeted_wake
        PASS [   2.800s] (1557/1841) liminal-server server::participant::production::tests_restore_window_detached::detached_drain_appends_detach_shaped_finalizer_transaction
        PASS [   3.269s] (1558/1841) liminal-server server::participant::production::tests_restore_window::terminal_drain_appends_leave_shaped_finalizer_transaction
        PASS [   2.629s] (1559/1841) liminal-server server::participant::production::tests_restore_window_detached::detached_residence_census_sole_terminal_candidate_closure_clear
        PASS [   0.218s] (1560/1841) liminal-server server::participant::production::tests_w1a::same_participant_ack_lineage_regression_refuses_before_observer_mutation
        PASS [   0.013s] (1561/1841) liminal-server server::participant::production::tests_w1a::two_participant_high_then_lower_ack_replay_preserves_observer_maximum
        PASS [   1.153s] (1562/1841) liminal-server server::participant::production::tests_w1a::leave_projection_has_one_surviving_producer_and_duplicate_injection_refuses
        PASS [   0.187s] (1563/1841) liminal-server server::participant::production::tests_w1a::unsupported_ahead_or_nonwitness_observer_advance_refuses_loudly
        PASS [   0.015s] (1564/1841) liminal-server server::participant::production::tests_w1b_census::standalone_pending_finalizer_has_no_production_entry_point
        PASS [   0.013s] (1565/1841) liminal-server server::participant::production::tests_w1b_census::w1b_tear_rider_removes_tautological_four_counter_tuple
        PASS [   4.246s] (1566/1841) liminal-server server::participant::production::tests_restore_window::valid_publish_during_pending_finalization_residence_commits_after_drain
        PASS [   1.697s] (1567/1841) liminal-server server::participant::production::tests_w1a::observer_recovery_first_touch_repairs_missing_advance_before_classification
        PASS [   3.381s] (1568/1841) liminal-server server::participant::production::tests_restore_window_detached::valid_publish_during_pending_detached_residence_commits_after_drain
        PASS [   0.202s] (1569/1841) liminal-server server::participant::production::tests_w1b_connection_fate::participant_service_fatal_blocks_obligation_dispatch
        PASS [   0.310s] (1570/1841) liminal-server server::participant::production::tests_w1b_connection_fate::production_connection_fate_handler_completes_listed_conversation_without_matching_slot
        PASS [   1.649s] (1571/1841) liminal-server server::participant::production::tests_w1b_connection_fate::clean_disconnect_appends_detached_source_before_transport_teardown
        PASS [   4.445s] (1572/1841) liminal-server server::participant::production::tests_restore_window_detached::died_then_detached_candidates_drain_strictly_by_admission_order
        PASS [   4.266s] (1573/1841) liminal-server server::participant::production::tests_restore_window_detached::drained_detached_victim_resumes_with_exact_secret
        PASS [   1.686s] (1574/1841) liminal-server server::participant::production::tests_w1b_connection_fate::protocol_error_appends_died_source_only_for_bound_terminal_refusal
        PASS [   2.305s] (1575/1841) liminal-server server::participant::production::tests_w1b_connection_fate::connection_lost_appends_died_source_before_transport_teardown
        PASS [   3.352s] (1576/1841) liminal-server server::participant::production::tests_w1a_leave_barrier::leave_source_flush_precedes_observer_advance_flush
        PASS [   3.916s] (1577/1841) liminal-server server::participant::production::tests_w1a::live_leave_commit_projects_left_sequence_for_settled_and_pending_paths
        PASS [   1.726s] (1578/1841) liminal-server server::participant::production::tests_w1b_connection_fate::server_force_close_appends_shutdown_detached_source_before_release
        PASS [   1.802s] (1579/1841) liminal-server server::participant::production::tests_w1b_connection_fate::protocol_fate_classification_requires_current_bound_authority
        PASS [   0.014s] (1580/1841) liminal-server server::participant::production::tests_w1b_fenced_codec::composed_terminal_decode_validates_kind_cause_order_source_and_presentation
        PASS [   0.018s] (1581/1841) liminal-server server::participant::production::tests_w1b_fenced_codec::fenced_attach_proof_refuses_every_redundant_field_mismatch
        PASS [   0.014s] (1582/1841) liminal-server server::participant::production::tests_w1b_fenced_codec::fenced_attach_proof_refuses_noncanonical_malformed_debt_and_successor_bytes
        PASS [   1.776s] (1583/1841) liminal-server server::participant::production::tests_w1b_connection_fate::unclean_restart_appends_prior_incarnation_died_before_owner_publication
        PASS [   0.473s] (1584/1841) liminal-server server::participant::production::tests_w1b_fenced_codec::attached_v3_closed_modes_round_trip_complete_fenced_proof
        PASS [   2.300s] (1585/1841) liminal-server server::participant::production::tests_w1b_fate_completion::ordinary_completion_uses_protocol_floor_and_exact_production_caller
        PASS [   1.212s] (1586/1841) liminal-server server::participant::production::tests_w1b_fate_completion::pending_detached_restart_restores_disconnect_or_shutdown_without_refinish
        PASS [   1.476s] (1587/1841) liminal-server server::participant::production::tests_w1b_fate_completion::recovered_completion_uses_protocol_floor_and_exact_production_caller
        PASS [   0.014s] (1588/1841) liminal-server server::participant::production::tests_w1b_occurrence::died_then_recovered_same_epoch_presents_died_once
        PASS [   0.012s] (1589/1841) liminal-server server::participant::production::tests_w1b_occurrence::fate_occurrence_key_presents_each_new_arm_at_most_once
        PASS [   0.015s] (1590/1841) liminal-server server::participant::production::tests_w1b_occurrence::recovered_after_pending_died_presents_measured_floor_once
        PASS [   0.012s] (1591/1841) liminal-server server::participant::production::tests_w1b_occurrence::recovered_then_died_same_epoch_after_advance_flush_refuses_without_second_presentation
        PASS [   1.504s] (1592/1841) liminal-server server::participant::production::tests_w1b_fate_completion::recovered_source_flush_precedes_observer_advance_and_cold_repair
        PASS [   0.012s] (1593/1841) liminal-server server::participant::production::tests_w1b_occurrence::recovered_then_died_same_epoch_refuses_before_observer_mutation
        PASS [   1.784s] (1594/1841) liminal-server server::participant::production::tests_w1b_fenced_finalizer::pending_died_recovered_reservation_makes_fenced_attach_finalizer_non_presenting
        PASS [   2.223s] (1595/1841) liminal-server server::participant::production::tests_w1b_fate_completion::ordinary_source_flush_precedes_observer_advance_and_cold_repair
        PASS [   3.226s] (1596/1841) liminal-server server::participant::production::tests_w1b_fenced_presenting::pending_terminal_composed_by_attach_presents_only_attached_source
        PASS [   2.506s] (1597/1841) liminal-server server::participant::production::tests_w1b_pending_detached_leave::leave_finalizer_resolves_pending_source_without_claiming_stored_cause
        PASS [   3.189s] (1598/1841) liminal-server server::participant::production::tests_w1b_marker_source::marker_source_validation_refuses_typed_before_authority_construction
        PASS [   0.013s] (1599/1841) liminal-server server::participant::production::tests_w1b_projection::fenced_attached_projects_exact_presenting_terminal_then_attached
        PASS [   0.013s] (1600/1841) liminal-server server::participant::production::tests_w1b_projection::recovered_reservation_consumer_projects_attached_without_terminal_witness
        PASS [   2.496s] (1601/1841) liminal-server server::participant::production::tests_w1b_pending_detached_leave::pending_detached_finalized_by_leave_presents_only_live_leave_commit
        PASS [   2.513s] (1602/1841) liminal-server server::participant::production::tests_w1b_pending_died_restart::pending_died_finalized_by_leave_presents_only_live_leave_commit
        PASS [  10.832s] (1603/1841) liminal-server server::participant::production::tests_unit2_layer1::every_v2_source_maps_exhaustively_in_sequence_order
        PASS [   0.013s] (1604/1841) liminal-server server::participant::production::tests_w1b_substrate::attached_v2_mapping_is_lossless_and_marker_rows_refuse_without_proof
        PASS [   0.013s] (1605/1841) liminal-server server::participant::production::tests_w1b_substrate::detached_stored_operation_round_trips_request_disconnect_and_shutdown
        PASS [   0.014s] (1606/1841) liminal-server server::participant::production::tests_w1b_substrate::died_stored_operation_round_trips_and_replays_committed_and_pending
        PASS [   4.154s] (1607/1841) liminal-server server::participant::production::tests_w1b_oracle26::attach_commit_splits_operational_state_and_one_noncloneable_fate_token
        PASS [   2.351s] (1608/1841) liminal-server server::participant::production::tests_w1b_pending_died_restart::pending_died_restart_restores_cause_epoch_order_without_refinish
        PASS [   0.013s] (1609/1841) liminal-server server::participant::production::tests_w1b_substrate::ordinary_stored_operation_round_trips_and_replays_measured_fate
        PASS [   0.013s] (1610/1841) liminal-server server::participant::production::tests_w1b_substrate::recovered_stored_operation_round_trips_without_died_terminal
        PASS [   0.400s] (1611/1841) liminal-server server::participant::production::tests_w1b_substrate::old_v2_reader_refuses_v3_fate_row_with_typed_schema_version
        PASS [   1.897s] (1612/1841) liminal-server server::participant::production::tests_w1b_source_flush::detached_source_flush_precedes_observer_advance_and_cold_repair
        PASS [   2.054s] (1613/1841) liminal-server server::participant::production::tests_w1b_source_flush::died_source_flush_precedes_observer_advance_and_cold_repair
        PASS [   5.980s] (1614/1841) liminal-server server::participant::production::tests_w1b_intent_recovery::connection_fate_intent_failure_on_middle_conversation_completes_every_tail_binding
        PASS [   2.067s] (1615/1841) liminal-server server::participant::production::tests_w1b_source_flush::died_specific_fate_intent_completes_after_source_only_crash
        PASS [   2.566s] (1616/1841) liminal-server server::participant::production::tests_w1b_pending_finalizer::pending_died_recovered_reservation_makes_leave_finalizer_non_presenting
        PASS [   6.111s] (1617/1841) liminal-server server::participant::production::tests_w1b_intent_recovery::post_open_middle_failure_latches_service_fatal_and_startup_completes_tail
        PASS [   1.711s] (1618/1841) liminal-server server::participant::production::tests_w1b_substrate::missing_unknown_malformed_and_mixed_operation_versions_refuse_before_publication
        PASS [   1.287s] (1619/1841) liminal-server server::participant::production::tests_w1b_substrate::v3_reader_accepts_v2_prefix_and_refuses_v2_after_v3
        PASS [  12.646s] (1620/1841) liminal-server server::participant::production::tests_unit2_layer1::recipient_snapshot::recipient_snapshot_is_postcommit_bound_and_resumable_detached_minus_sender
        PASS [   1.386s] (1621/1841) liminal-server server::participant::production::tests_w2_impacts::debt_zero_transition_releases_deferred_obligation
        PASS [   1.350s] (1622/1841) liminal-server server::participant::production::tests_w2_impacts::dispatch_impact_covers_state_preserving_marker_and_w1b_changes
        PASS [   0.013s] (1623/1841) liminal-server server::participant::production::tests_w2_leg1_census::debt_tell_between_drain_and_wait_is_seen_by_final_probe
        PASS [   0.014s] (1624/1841) liminal-server server::participant::production::tests_w2_leg1_census::dispatch_source_has_no_timer_sweep_or_periodic_probe
        PASS [   1.452s] (1625/1841) liminal-server server::participant::production::tests_w2_impacts::dispatch_impact_unions_multi_effect_targets
        PASS [   0.014s] (1626/1841) liminal-server server::participant::production::tests_w2_leg1_census::obligation_debt_dispatch_never_unlocks_between_debt_and_obligation_selection
        PASS [   0.012s] (1627/1841) liminal-server server::participant::production::tests_w2_leg1_census::obligation_debt_dispatch_preserves_pump_order_on_both_transports
        PASS [   0.012s] (1628/1841) liminal-server server::participant::production::tests_w2_leg1_census::obligation_debt_dispatch_seams_before_delivery_after_under_one_owner
        PASS [   1.074s] (1629/1841) liminal-server server::participant::production::tests_w2_impacts::semantic_noop_refusal_and_unchanged_commit_emit_no_dispatch_tell
        PASS [   1.601s] (1630/1841) liminal-server server::participant::production::tests_w2_impacts::registration_is_passive_and_committed_bind_tells_without_sweep
        PASS [   1.938s] (1631/1841) liminal-server server::participant::production::tests_w2_leg2_census::nonzero_debt_ack_row_replays_obligation_aware_commit
        PASS [   4.817s] (1632/1841) liminal-server server::participant::production::tests_w1b_while_dead_replay::clean_leave_departed_mints_no_obligation
        PASS [   2.491s] (1633/1841) liminal-server server::participant::production::tests_w2_leg2_census::enrollment_clear_or_owed_and_no_obligation_are_total
        PASS [   1.372s] (1634/1841) liminal-server server::participant::production::tests_w2_leg3_crash_early::crash_before_debt_flush_restores_prior_dispatch_state
        PASS [   1.827s] (1635/1841) liminal-server server::participant::production::tests_w2_leg3_crash_early::crash_after_debt_flush_before_tell_rebind_replays_ready_work
        PASS [   4.824s] (1636/1841) liminal-server server::participant::production::tests_w2_leg1_census::temporary_fate_preserves_cursor_facts_and_rebinds_exact_epoch
        PASS [   2.221s] (1637/1841) liminal-server server::participant::production::tests_w2_leg3_crash_late::crash_after_enqueue_before_ack_reoffers_and_accepts_endpoint
        PASS [   1.777s] (1638/1841) liminal-server server::participant::production::tests_w2_leg3_crash_late::crash_after_tell_before_enqueue_rebind_replays_same_obligation
        PASS [   2.064s] (1639/1841) liminal-server server::participant::production::tests_w2_leg3_crash_late::w1b_fate_replay_precedes_bind_triggered_dispatch
        PASS [  10.103s] (1640/1841) liminal-server server::participant::production::tests_w1b_substrate::v2_after_v3_across_operation_page_boundary_refuses_before_apply
        PASS [  10.889s] (1641/1841) liminal-server server::participant::production::tests_w1b_validation_memory::validate_pass_memory_is_page_and_active_state_bounded
        PASS [   2.903s] (1642/1841) liminal-server server::participant::production::tests_w3_restore::missing_tail_repair_persists_before_later_base_failure_byte_identically
        PASS [   6.576s] (1643/1841) liminal-server server::participant::production::tests_w2_leg3_crash_late::crash_between_nonzero_ack_barriers_reconciles_one_coupled_commit
        PASS [   0.012s] (1644/1841) liminal-server server::participant::production::tests_w3_restore::restore_retained_authority_counts_are_measured_and_ledgered
        PASS [   1.138s] (1645/1841) liminal-server server::participant::production::tests_w3_restore::pass_two_cursor_failure_maps_through_extension_log_error_and_drops_staged_state
        PASS [  16.528s] (1646/1841) liminal-server server::participant::production::tests_w1b_while_dead_replay::while_dead_publish_reaches_resumed_replay
        PASS [   0.011s] (1647/1841) liminal-server server::participant::publication::tests::parked_connection_wakes_on_outbox_and_no_polling_occurs
        PASS [   0.018s] (1648/1841) liminal-server server::participant::transport_tests::authenticated_request_without_advertised_capability_is_rejected
        PASS [   0.010s] (1649/1841) liminal-server server::participant::transport_tests::configured_wire_frame_limit_normalizes_to_generic_ceiling
        PASS [   0.010s] (1650/1841) liminal-server server::participant::transport_tests::crate_server_value_survives_generic_transport_round_trip
        PASS [   0.011s] (1651/1841) liminal-server server::participant::transport_tests::encode_server_push_is_byte_identical_to_direct_participant_encoding
        PASS [   0.012s] (1652/1841) liminal-server server::participant::transport_tests::incomplete_frame_within_limit_remains_in_incremental_decoder
        PASS [   0.011s] (1653/1841) liminal-server server::participant::transport_tests::negotiated_limit_rejects_from_header_before_body_arrives
        PASS [   0.012s] (1654/1841) liminal-server server::participant::transport_tests::negotiated_unknown_outer_frame_uses_shared_request_decoder
        PASS [   0.011s] (1655/1841) liminal-server server::participant::transport_tests::unauthenticated_participant_request_returns_shared_rejection
        PASS [   0.011s] (1656/1841) liminal-server server::participant::transport_tests::unrelated_unknown_frame_remains_outside_participant_protocol
        PASS [   0.150s] (1657/1841) liminal-server server::runtime::tests::failed_cluster_start_leaves_membership_unestablished
        PASS [   0.112s] (1658/1841) liminal-server server::shutdown::tests::drain_returns_immediately_when_no_connections_are_active
        PASS [   0.013s] (1659/1841) liminal-server server::shutdown::tests::drain_source_has_no_reap_count_sleep_loop
        PASS [   0.012s] (1660/1841) liminal-server server::shutdown::tests::shutdown_handle_initiates_once
        PASS [   0.024s] (1661/1841) liminal-server server::shutdown::tests::shutdown_handle_wait_unblocks_on_initiate
        PASS [   0.143s] (1662/1841) liminal-server::cluster_two_node cluster_start_flips_node_readiness_to_established
        PASS [   0.087s] (1663/1841) liminal-server::cluster_two_node dropping_a_node_purges_its_remote_members_and_survivors_still_deliver
        PASS [   0.046s] (1664/1841) liminal-server::cluster_two_node late_joiner_is_backfilled_with_existing_subscriptions
        PASS [   0.076s] (1665/1841) liminal-server::cluster_two_node publish_on_b_reaches_subscriber_on_a
        PASS [  10.532s] (1666/1841) liminal-server server::participant::production::tests_w3_restore::later_page_decode_failure_takes_precedence_over_earlier_semantic_conflict
        PASS [   0.045s] (1667/1841) liminal-server::cluster_two_node subscription_on_a_is_visible_as_remote_member_on_b
        PASS [   0.222s] (1668/1841) liminal-server::pipelined_close pipelined_ping_then_disconnect_still_gets_the_pong
        PASS [   0.250s] (1669/1841) liminal-server::push_flush_e2e close_reports_clean_acceptance_and_half_close
        PASS [   0.165s] (1670/1841) liminal-server::push_flush_e2e schema_rejection_surfaces_through_flush_with_raw_reason
        PASS [   0.233s] (1671/1841) liminal-server::sdk_tcp_e2e sdk_tcp_client_publishes_over_real_socket
        PASS [   0.162s] (1672/1841) liminal-server::sdk_tcp_e2e sdk_tcp_client_subscribes_over_real_socket
        PASS [   0.012s] (1673/1841) liminal-server::sdk_tcp_e2e sdk_tcp_connect_to_closed_port_fails
        PASS [  11.099s] (1674/1841) liminal-server server::participant::production::tests_w3_restore::midstream_outbox_decode_failure_preserves_typed_error_and_publishes_no_state
        PASS [   0.402s] (1675/1841) liminal-server::sdk_tcp_e2e sdk_tcp_conversation_request_then_receive_correlates
        PASS [   0.124s] (1676/1841) liminal-server::sdk_tcp_e2e sdk_tcp_correct_token_connects_and_publishes
        PASS [   0.326s] (1677/1841) liminal-server::sdk_tcp_e2e sdk_tcp_missing_token_is_rejected
        PASS [   0.153s] (1678/1841) liminal-server::sdk_tcp_e2e sdk_tcp_no_auth_section_behaves_as_before
        PASS [   0.908s] (1679/1841) liminal-server::sdk_tcp_e2e sdk_tcp_conversation_send_then_publish_stays_in_sync
        PASS [   0.601s] (1680/1841) liminal-server::sdk_tcp_e2e sdk_tcp_publish_with_idempotency_key_reports_genuine_delivery_ack
        PASS [   0.563s] (1681/1841) liminal-server::sdk_tcp_e2e sdk_tcp_publish_with_no_subscriber_reports_non_delivery
        PASS [   3.047s] (1682/1841) liminal-server::cluster_two_node stable_membership_source_has_zero_consumer_wakes
        PASS [   0.142s] (1683/1841) liminal-server::sdk_tcp_e2e sdk_tcp_wrong_token_is_rejected
        PASS [   0.357s] (1684/1841) liminal-server::sdk_tcp_e2e sdk_tcp_request_reply_returns_correlated_response
        PASS [   0.143s] (1685/1841) liminal-server::sdk_tcp_e2e server_push_to_client_returns_correlated_reply
        PASS [   0.372s] (1686/1841) liminal-server::sdk_tcp_e2e server_push_does_not_regress_request_reply
        PASS [   0.163s] (1687/1841) liminal-server::sdk_tcp_e2e worker_registration_rejected_returns_typed_error
        PASS [   0.127s] (1688/1841) liminal-server::sdk_tcp_e2e worker_registration_round_trips_and_deregisters_on_close
        PASS [   0.126s] (1689/1841) liminal-server::sdk_tcp_e2e worker_registration_without_notifier_is_accepted
        PASS [   1.042s] (1690/1841) liminal-server::sdk_tcp_e2e sdk_tcp_real_schema_rejects_invalid_and_delivers_valid
        PASS [   0.165s] (1691/1841) liminal-server::sdk_ws_e2e sdk_publish_parity_over_real_acceptor
        PASS [   0.131s] (1692/1841) liminal-server::sdk_ws_e2e sdk_ws_wrong_path_is_typed_refusal
        PASS [   0.173s] (1693/1841) liminal-server::server_conversation_supervisor conversation_message_drives_real_actor
        PASS [   0.144s] (1694/1841) liminal-server::server_conversation_supervisor open_conversation_spawns_real_supervised_actor_with_participant
        PASS [   0.562s] (1695/1841) liminal-server::sdk_ws_e2e sdk_subscription_delivery_parity_over_real_acceptor
        PASS [   0.110s] (1696/1841) liminal-server::server_conversation_supervisor participant_crash_is_detected_via_structural_linked_exit
        PASS [   0.117s] (1697/1841) liminal-server::server_conversation_supervisor registered_responder_handles_its_subject_instead_of_echo
        PASS [   0.127s] (1698/1841) liminal-server::server_conversation_supervisor request_reply_message_is_really_processed_by_the_participant
        PASS [   0.108s] (1699/1841) liminal-server::server_conversation_supervisor unregistered_subject_still_echoes
        PASS [   0.198s] (1700/1841) liminal-server::subscription_e2e large_payload_is_delivered_intact
        PASS [   0.155s] (1701/1841) liminal-server::subscription_e2e oversize_frame_survives_wouldblock_boundary_and_no_desync
        PASS [   0.411s] (1702/1841) liminal-server::subscription_e2e inbox_overflow_sheds_the_offending_subscription_without_tearing_down_the_connection
        PASS [   0.137s] (1703/1841) liminal-server::subscription_e2e slow_reader_does_not_wedge_other_connections
        PASS [   0.137s] (1704/1841) liminal-server::subscription_e2e subscription_publish_wakes_parked_connection_in_order
        PASS [   1.397s] (1705/1841) liminal-server::teardown_delivery_e2e pin_a2_parked_subscriber_receives_burst_after_publisher_drop
        PASS [   2.444s] (1706/1841) liminal-server::tracing_output_e2e spawned_server_reports_startup_on_stderr
        PASS [  25.169s] (1707/1841) liminal-server server::participant::production::tests_w2_leg1_census::marker_drain_retry_accumulates_all_prefix_effects
        PASS [  16.390s] (1708/1841) liminal-server server::participant::production::tests_w3_restore::same_base_head_group_straddling_page_cut_replays_without_repair
        PASS [  19.044s] (1709/1841) liminal-server server::participant::production::tests_w3_restore::outbox_restore_peak_decoded_rows_never_exceeds_one_page
        PASS [   0.198s] (1710/1841) liminal-server::ws_transport_e2e ws_and_tcp_auth_refusals_are_byte_identical_and_both_close
        PASS [   0.090s] (1711/1841) liminal-server::ws_transport_e2e ws_and_tcp_connect_responses_are_byte_identical
        PASS [   0.108s] (1712/1841) liminal-server::ws_transport_e2e ws_and_tcp_share_one_max_connections_bound
        PASS [   0.093s] (1713/1841) liminal-server::ws_transport_e2e ws_client_close_removes_connection_resources
        PASS [   0.074s] (1714/1841) liminal-server::ws_transport_e2e ws_connection_serves_server_push_and_correlated_reply
        PASS [   0.015s] (1715/1841) liminal-server::ws_transport_e2e ws_dependency_adds_no_async_runtime_or_http_framework
        PASS [   0.092s] (1716/1841) liminal-server::ws_transport_e2e ws_empty_binary_message_closes
        PASS [   0.077s] (1717/1841) liminal-server::ws_transport_e2e ws_fragmented_binary_is_reassembled_and_applied_once
        PASS [   8.209s] (1718/1841) liminal-server::teardown_delivery_e2e pin_a1_shutdown_flushes_accepted_publishes_before_disconnect
        PASS [  18.153s] (1719/1841) liminal-server server::participant::production::tests_w3_restore::short_nonempty_pages_with_remaining_rows_do_not_terminate_restore
        PASS [  10.273s] (1720/1841) liminal-server::sdk_ws_e2e sdk_auth_parity_over_real_acceptor
        PASS [   0.496s] (1721/1841) liminal-server::ws_transport_e2e ws_keepalive_absent_means_no_pings
        PASS [   0.272s] (1722/1841) liminal-server::ws_transport_e2e ws_keepalive_sends_transport_pings_on_the_named_interval
        PASS [   0.099s] (1723/1841) liminal-server::ws_transport_e2e ws_liminal_ping_gets_liminal_pong_not_transport_pong
        PASS [   0.097s] (1724/1841) liminal-server::ws_transport_e2e ws_nine_byte_header_closes
        PASS [   0.111s] (1725/1841) liminal-server::ws_transport_e2e ws_offered_subprotocol_is_refused
        PASS [   0.103s] (1726/1841) liminal-server::ws_transport_e2e ws_ordinary_http_and_wrong_route_receive_fixed_refusals
        PASS [   0.111s] (1727/1841) liminal-server::ws_transport_e2e ws_oversize_declared_length_is_refused_before_allocation
        PASS [   0.115s] (1728/1841) liminal-server::ws_transport_e2e ws_subscriber_receives_tcp_publish_as_one_binary_message
        PASS [   0.211s] (1729/1841) liminal-server::ws_transport_e2e ws_origin_cases_enumerated
        PASS [   0.104s] (1730/1841) liminal-server::ws_transport_e2e ws_text_message_is_a_typed_protocol_failure_that_closes
        PASS [   0.131s] (1731/1841) liminal-server::ws_transport_e2e ws_trailing_bytes_close
        PASS [   0.084s] (1732/1841) liminal-server::ws_transport_e2e ws_truncated_declared_body_closes
        PASS [   0.086s] (1733/1841) liminal-server::ws_transport_e2e ws_two_concatenated_frames_close
        PASS [   0.044s] (1734/1841) liminal-ts-wasm protocol::backpressure::tests::accept_decrements_outstanding_and_returns_to_normal
        PASS [   0.014s] (1735/1841) liminal-ts-wasm protocol::backpressure::tests::accept_preserves_rejecting_when_still_beyond_buffer
        PASS [   0.011s] (1736/1841) liminal-ts-wasm protocol::backpressure::tests::payload_structs_carry_referenced_message_ids_and_reasons
        PASS [   0.015s] (1737/1841) liminal-ts-wasm protocol::backpressure::tests::accept_with_zero_outstanding_returns_protocol_error
        PASS [   0.074s] (1738/1841) liminal-server::ws_transport_e2e ws_upgrade_declines_permessage_deflate_offer_without_negotiating
        PASS [   0.010s] (1739/1841) liminal-ts-wasm protocol::backpressure::tests::pressure_state_has_exact_required_variants
        PASS [   0.009s] (1740/1841) liminal-ts-wasm protocol::backpressure::tests::stream_pressure_rejects_zero_capacity
        PASS [   0.009s] (1741/1841) liminal-ts-wasm protocol::backpressure::tests::public_backpressure_types_implement_debug
        PASS [   0.011s] (1742/1841) liminal-ts-wasm protocol::backpressure::tests::stream_pressure_transitions_to_rejecting_beyond_buffer
        PASS [   0.011s] (1743/1841) liminal-ts-wasm protocol::backpressure::tests::stream_pressure_transitions_to_deferred_at_max_in_flight
        PASS [   0.012s] (1744/1841) liminal-ts-wasm protocol::backpressure::tests::subscribe_capacity_can_create_stream_pressure
        PASS [   0.018s] (1745/1841) liminal-ts-wasm protocol::causal::tests::causal_context_serialization_round_trips
        PASS [   0.016s] (1746/1841) liminal-ts-wasm protocol::causal::tests::causal_context_trait_bounds_are_available
        PASS [   0.011s] (1747/1841) liminal-ts-wasm protocol::causal::tests::constructors_create_expected_context_shapes
        PASS [   0.009s] (1748/1841) liminal-ts-wasm protocol::causal::tests::independent_context_serializes_as_absent_fields
        PASS [   0.010s] (1749/1841) liminal-ts-wasm protocol::causal::tests::extract_reads_causal_context_without_payload_parsing
        PASS [   0.010s] (1750/1841) liminal-ts-wasm protocol::codec::tests::causal_context_extracts_from_publish_frame_envelope_bytes
        PASS [   0.009s] (1751/1841) liminal-ts-wasm protocol::codec::tests::decode_handles_garbage_inputs_without_panicking
        PASS [   0.010s] (1752/1841) liminal-ts-wasm protocol::codec::tests::decode_rejects_invalid_stream_without_panicking
        PASS [   0.009s] (1753/1841) liminal-ts-wasm protocol::codec::tests::conversation_close_optional_reason_code_round_trips
        PASS [   0.009s] (1754/1841) liminal-ts-wasm protocol::codec::tests::decode_unknown_frame_type_returns_unknown_and_consumes_payload
        PASS [   0.009s] (1755/1841) liminal-ts-wasm protocol::codec::tests::decode_truncated_payload_returns_truncated_payload
        PASS [   0.009s] (1756/1841) liminal-ts-wasm protocol::codec::tests::decode_short_header_returns_incomplete_header
        PASS [   0.010s] (1757/1841) liminal-ts-wasm protocol::codec::tests::message_frames_preserve_envelope_payload_bytes
        PASS [   0.010s] (1758/1841) liminal-ts-wasm protocol::codec::tests::encode_writes_header_fields_in_wire_order
        PASS [   0.010s] (1759/1841) liminal-ts-wasm protocol::codec::tests::deliver_frame_round_trips_seq_and_envelope
        PASS [   0.010s] (1760/1841) liminal-ts-wasm protocol::codec::tests::no_payload_frames_round_trip_as_header_only
        PASS [   0.010s] (1761/1841) liminal-ts-wasm protocol::codec::tests::pressure_frames_preserve_referenced_message_ids_and_reasons
        PASS [   0.010s] (1762/1841) liminal-ts-wasm protocol::codec::tests::publish_idempotency_key_is_additive_and_round_trips
        PASS [   0.009s] (1763/1841) liminal-ts-wasm protocol::codec::tests::worker_register::worker_register_ack_invalid_status_byte_is_rejected
        PASS [   0.009s] (1764/1841) liminal-ts-wasm protocol::codec::tests::subscription_schema_fields_round_trip_and_remain_accessible
        PASS [   0.009s] (1765/1841) liminal-ts-wasm protocol::codec::tests::round_trips_all_named_frame_types
        PASS [   0.010s] (1766/1841) liminal-ts-wasm protocol::codec::tests::worker_register::worker_register_discriminants_are_additive_and_unknown_preserved
        PASS [   0.010s] (1767/1841) liminal-ts-wasm protocol::codec::tests::worker_register::worker_register_ack_outcome_round_trips
        PASS [   0.010s] (1768/1841) liminal-ts-wasm protocol::codec::tests::worker_register::worker_register_frames_round_trip
        PASS [   0.010s] (1769/1841) liminal-ts-wasm protocol::codec::tests::worker_register::worker_register_node_presence_distinguishes_none_from_empty
        PASS [   0.009s] (1770/1841) liminal-ts-wasm protocol::codec::tests::worker_register_nonempty_census_round_trips_exactly
        PASS [   0.010s] (1771/1841) liminal-ts-wasm protocol::codec::tests::worker_register_old_shape_decodes_to_empty_census
        PASS [   0.009s] (1772/1841) liminal-ts-wasm protocol::envelope::tests::empty_payload_round_trips
        PASS [   0.009s] (1773/1841) liminal-ts-wasm protocol::envelope::tests::constructor_sets_all_fields
        PASS [   0.009s] (1774/1841) liminal-ts-wasm protocol::envelope::tests::causal_context_is_extractable_from_envelope_bytes
        PASS [   0.009s] (1775/1841) liminal-ts-wasm protocol::envelope::tests::encoded_layout_starts_with_schema_id_and_big_endian_lengths
        PASS [   0.009s] (1776/1841) liminal-ts-wasm protocol::envelope::tests::identical_fields_produce_identical_bytes
        PASS [   0.009s] (1777/1841) liminal-ts-wasm protocol::envelope::tests::envelope_trait_bounds_are_available
        PASS [   0.009s] (1778/1841) liminal-ts-wasm protocol::envelope::tests::schema_id_wraps_exactly_thirty_two_bytes
        PASS [   0.009s] (1779/1841) liminal-ts-wasm protocol::envelope::tests::serialization_round_trips_losslessly
        PASS [   0.010s] (1780/1841) liminal-ts-wasm protocol::frame::tests::constructors_validate_streams
        PASS [   0.009s] (1781/1841) liminal-ts-wasm protocol::handshake::tests::connect_ack_constructor_rejects_non_zero_stream
        PASS [   0.009s] (1782/1841) liminal-ts-wasm protocol::frame::tests::frame_type_discriminants_round_trip
        PASS [   0.009s] (1783/1841) liminal-ts-wasm protocol::handshake::tests::connect_ack_constructor_builds_stream_zero_frame
        PASS [   0.009s] (1784/1841) liminal-ts-wasm protocol::handshake::tests::connect_constructor_rejects_non_zero_stream
        PASS [   0.010s] (1785/1841) liminal-ts-wasm protocol::handshake::tests::connect_ack_frame_round_trips_through_codec
        PASS [   0.010s] (1786/1841) liminal-ts-wasm protocol::handshake::tests::connect_constructor_builds_stream_zero_frame_with_opaque_token
        PASS [   0.009s] (1787/1841) liminal-ts-wasm protocol::handshake::tests::connect_frame_round_trips_through_codec
        PASS [   0.009s] (1788/1841) liminal-ts-wasm protocol::handshake::tests::connect_error_constructor_rejects_non_zero_stream
        PASS [   0.009s] (1789/1841) liminal-ts-wasm protocol::handshake::tests::connect_error_frame_uses_error_reason_code_and_message
        PASS [   0.010s] (1790/1841) liminal-ts-wasm protocol::lifecycle::tests::active_accepts_subscribe
        PASS [   0.009s] (1791/1841) liminal-ts-wasm protocol::lifecycle::tests::closed_accepts_nothing
        PASS [   0.009s] (1792/1841) liminal-ts-wasm protocol::lifecycle::tests::connect_ack_transitions_authenticating_to_active
        PASS [   0.009s] (1793/1841) liminal-ts-wasm protocol::lifecycle::tests::connecting_rejects_publish_with_state_and_frame_type
        PASS [   0.009s] (1794/1841) liminal-ts-wasm protocol::lifecycle::tests::connect_transitions_to_authenticating
        PASS [   0.009s] (1795/1841) liminal-ts-wasm protocol::lifecycle::tests::connecting_rejects_ping_with_state_and_frame_type
        PASS [   0.008s] (1796/1841) liminal-ts-wasm protocol::lifecycle::tests::ping_generates_pong_response_on_stream_zero
        PASS [   0.009s] (1797/1841) liminal-ts-wasm protocol::lifecycle::tests::disconnect_ack_in_closing_transitions_to_closed
        PASS [   0.008s] (1798/1841) liminal-ts-wasm protocol::lifecycle::tests::ping_in_connecting_returns_invalid_state_transition
        PASS [   0.009s] (1799/1841) liminal-ts-wasm protocol::lifecycle::tests::pong_frames_carry_no_payload_semantically
        PASS [   0.009s] (1800/1841) liminal-ts-wasm protocol::lifecycle::tests::ping_on_stream_zero_in_active_is_valid
        PASS [   0.009s] (1801/1841) liminal-ts-wasm protocol::lifecycle::tests::ping_on_stream_one_in_active_returns_invalid_stream
        PASS [   0.009s] (1802/1841) liminal-ts-wasm protocol::multiplex::tests::client_allocator_errors_after_final_odd_stream_id
        PASS [   0.009s] (1803/1841) liminal-ts-wasm protocol::multiplex::tests::client_allocator_produces_odd_ids
        PASS [   0.009s] (1804/1841) liminal-ts-wasm protocol::multiplex::tests::allocator_never_recycles_ids
        PASS [   0.009s] (1805/1841) liminal-ts-wasm protocol::multiplex::tests::remove_deletes_stream_and_updates_count
        PASS [   0.009s] (1806/1841) liminal-ts-wasm protocol::multiplex::tests::duplicate_insert_returns_error_and_preserves_state
        PASS [   0.009s] (1807/1841) liminal-ts-wasm protocol::multiplex::tests::insert_adds_stream_and_counts_it
        PASS [   0.011s] (1808/1841) liminal-ts-wasm protocol::multiplex::tests::server_allocator_produces_even_ids
        PASS [   0.011s] (1809/1841) liminal-ts-wasm protocol::multiplex::tests::server_allocator_errors_after_final_even_stream_id
        PASS [   0.009s] (1810/1841) liminal-ts-wasm protocol::multiplex::tests::stream_one_is_application_and_not_control
        PASS [   0.010s] (1811/1841) liminal-ts-wasm protocol::multiplex::tests::stream_id_trait_bounds_are_available
        PASS [   0.010s] (1812/1841) liminal-ts-wasm protocol::multiplex::tests::stream_zero_is_control_and_not_application
        PASS [   0.011s] (1813/1841) liminal-ts-wasm protocol::multiplex::tests::stream_state_has_exact_required_variants
        PASS [   0.010s] (1814/1841) liminal-ts-wasm protocol::multiplex::tests::transition_on_missing_stream_returns_protocol_error
        PASS [   0.009s] (1815/1841) liminal-ts-wasm protocol::schema::tests::negotiation_reports_schema_incompatible_with_distinct_reason_code
        PASS [   0.010s] (1816/1841) liminal-ts-wasm protocol::multiplex::tests::transition_updates_existing_stream_state
        PASS [   0.010s] (1817/1841) liminal-ts-wasm protocol::schema::tests::negotiation_accepts_empty_list_as_opt_out
        PASS [   0.009s] (1818/1841) liminal-ts-wasm protocol::schema::tests::negotiation_requires_exact_schema_id_equality
        PASS [   0.009s] (1819/1841) liminal-ts-wasm protocol::schema::tests::negotiation_selects_channel_schema_when_accepted
        PASS [   0.009s] (1820/1841) liminal-ts-wasm protocol::schema::tests::schema_incompatible_error_builds_subscribe_error_frame
        PASS [   0.010s] (1821/1841) liminal-ts-wasm protocol::version::tests::negotiation_reports_version_mismatch
        PASS [   0.010s] (1822/1841) liminal-ts-wasm protocol::version::tests::negotiation_selects_exact_single_version
        PASS [   0.010s] (1823/1841) liminal-ts-wasm protocol::version::tests::deserialize_rejects_wrong_length
        PASS [   0.010s] (1824/1841) liminal-ts-wasm protocol::version::tests::negotiation_selects_highest_mutual_version
        PASS [   0.010s] (1825/1841) liminal-ts-wasm protocol::version::tests::version_round_trips_through_wire_bytes
        PASS [   0.010s] (1826/1841) liminal-ts-wasm protocol::version::tests::version_serializes_to_exactly_four_bytes
        PASS [   0.008s] (1827/1841) liminal-ts-wasm protocol::version::tests::version_trait_bounds_are_available
        PASS [   0.008s] (1828/1841) liminal-ts-wasm protocol::version::tests::versions_order_by_major_then_minor
        PASS [   0.009s] (1829/1841) liminal-ts-wasm tests::receive_surfaces_deliver_type_and_exact_payload
        PASS [   0.009s] (1830/1841) liminal-ts-wasm tests::receive_surfaces_publish_ack_message_id
        PASS [   0.010s] (1831/1841) liminal-ts-wasm tests::subscribe_encodes_canonical_frame
        PASS [   0.010s] (1832/1841) liminal-ts-wasm tests::receive_surfaces_subscribe_ack_id
        PASS [   0.010s] (1833/1841) liminal-ts-wasm tests::send_encodes_canonical_publish_frame
        PASS [   0.009s] (1834/1841) liminal-ts-wasm tests::unsubscribe_encodes_server_subscription_id
        PASS [   3.127s] (1835/1841) liminal-server::ws_transport_e2e ws_graceful_shutdown_notifies_subscribers_and_drains_both_transports
        PASS [  25.143s] (1836/1841) liminal-server server::participant::production::tests_w3_restore::observer_recovery_restores_absent_owner_page_wise_with_exact_errors
        PASS [  35.658s] (1837/1841) liminal-server server::participant::production::tests_w1b_umbrella::fate_live_and_cold_replay_produce_identical_witnesses_and_state
        PASS [  34.746s] (1838/1841) liminal-server server::participant::production::tests_w2_leg1_census::coupled_debt_owner_covers_every_w1b_fate_and_finalizer_route
        SLOW [> 60.000s] (─────────) liminal-server::trybuild_gate fenced_attach_linearity_ui_contract
        SLOW [> 60.000s] (─────────) liminal-server::trybuild_gate leave_projection_removal_stays_a_compile_error
        SLOW [> 60.000s] (─────────) liminal-server::trybuild_gate process_killed_has_no_production_participant_binding_emitter
        SLOW [>120.000s] (─────────) liminal-server::trybuild_gate fenced_attach_linearity_ui_contract
        SLOW [>120.000s] (─────────) liminal-server::trybuild_gate leave_projection_removal_stays_a_compile_error
        PASS [ 122.225s] (1839/1841) liminal-server::trybuild_gate fenced_attach_linearity_ui_contract
        SLOW [>120.000s] (─────────) liminal-server::trybuild_gate process_killed_has_no_production_participant_binding_emitter
        PASS [ 171.035s] (1840/1841) liminal-server::trybuild_gate process_killed_has_no_production_participant_binding_emitter
        PASS [ 174.313s] (1841/1841) liminal-server::trybuild_gate leave_projection_removal_stays_a_compile_error
────────────
     Summary [ 284.658s] 1841 tests run: 1839 passed (3 slow), 2 failed, 0 skipped
        FAIL [   9.091s] (1484/1841) liminal-server server::participant::production::tests_f8_marker_poison::a_refused_connection_fate_leaves_no_durable_residue
        FAIL [   9.657s] (1491/1841) liminal-server server::participant::production::tests_f8_marker_poison::the_incident_sequence_reboots_into_a_discharged_fate_and_a_live_server
error: test run failed
(hint: cargo nextest run -R latest to rerun failing tests)
