    Finished `test` profile [unoptimized + debuginfo] target(s) in 1.81s
     Running unittests src/lib.rs (target/debug/deps/liminal_protocol-c4e0d20f74a6773c)

running 474 tests
test algebra::capacity_tests::marker_credit_keeps_the_baseline_constant ... ok
test algebra::capacity_tests::required_capacity_uses_entry_before_byte_precedence ... ok
test algebra::capacity_tests::startup_equality_enrollment_borrows_its_actual_charge ... ok
test algebra::capacity_tests::baseline_rejects_more_credits_than_identities ... ok
test algebra::capacity_tests::exact_q_supersession_reaches_the_mandatory_bound ... ok
test algebra::capacity_tests::baseline_and_zero_debt_admission_match_case_21 ... ok
test algebra::capacity_tests::retained_baseline_feeds_mandatory_capacity_without_narrowing ... ok
test algebra::capacity_tests::widened_overflow_is_a_capacity_failure_not_a_wrapped_success ... ok
test algebra::capacity_tests::recovery_charge_moves_from_k_to_baseline_once ... ok
test algebra::capacity_tests::byte_budget_walk_preserves_the_printed_totals ... ok
test algebra::floor_tests::multiple_claims_match_the_document_floor_walk ... ok
test algebra::floor_tests::a_late_cursor_zero_member_never_lowers_the_floor ... ok
test algebra::floor_tests::the_clamp_target_is_the_marker_itself_and_not_one_below_it ... ok
test algebra::floor_tests::one_past_maximum_is_representable ... ok
test algebra::floor_tests::the_marker_clamp_lowers_where_cap_floor_raises ... ok
test algebra::floor_tests::an_empty_marker_set_passes_the_computed_floor_through_unchanged ... ok
test algebra::floor_tests::final_leave_substitutes_candidate_watermark_for_empty_membership ... ok
test algebra::floor_tests::a_marker_at_the_retained_floor_pins_it_where_it_stands ... ok
test algebra::floor_tests::a_measurement_the_frontier_moved_past_is_subsumed ... ok
test algebra::floor_tests::an_admissible_floor_is_bounded_by_the_current_high_watermark ... ok
test algebra::floor_tests::the_remint_never_raises_the_measured_floor ... ok
test client::a5_settlement_correlation_tests::the_settlement_retry_discipline_does_not_extend_the_195_orphan_window ... ok
test client::a5_settlement_correlation_tests::settlement_refusals_correlate_to_their_own_pending_request ... ok
test client::a5_settlement_correlation_tests::a_settlement_refusal_correlates_to_no_other_conversation_or_family ... ok
test client::a5_settlement_correlation_tests::record_admission_body_conflict_correlates_to_its_own_request ... ok
test client::d1_flip_tests::item_3_unsealed_record_answer_requires_response_authority ... ok
test client::d1_flip_tests::item_1_exact_record_token_applies_and_clears_expected ... ok
test client::d1_flip_tests::item_2_different_record_token_is_ambiguous_and_retains_authority ... ok
test client::detach_authority_settlement_tests::a_retirement_above_the_replay_still_supersedes_it ... ok
test client::detach_authority_settlement_tests::a_refusal_never_settles_a_replay_it_does_not_name ... ok
test client::detach_authority_settlement_tests::an_answered_detach_keeps_its_own_terminal ... ok
test client::d1_flip_tests::item_7_restored_observer_abandonment_only_blocks_fresh_observer ... ok
test client::gen_skip_supersession_tests::coupled_active_replay_still_encodes_and_restores ... ok
test client::d1_flip_tests::item_7_two_cycle_record_resume_keeps_expected_and_lost_testimony ... ok
test client::gen_skip_supersession_tests::decoupled_aggregate_refuses_to_encode_in_both_directions ... ok
test client::d1_flip_tests::item_5_named_r1_record_fixtures_fail_staged_canonical_decode ... ok
test client::gen_skip_supersession_tests::generation_skipping_attach_supersedes_active_replay ... ok
test client::d1_flip_tests::item_4_all_eleven_record_outcomes_codec_round_trip_exact_token ... ok
test client::gen_skip_supersession_tests::inbound_skip_attach_supersedes_and_the_new_detach_records ... ok
test client::detach_authority_settlement_tests::the_settled_terminal_retains_the_exact_refusing_value ... ok
test client::detach_authority_settlement_tests::every_correlated_refusal_settles_the_replay_and_stays_persistable ... ok
test client::p0_62_stranded_handle_tests::a_foreign_participants_receipt_never_reaches_the_adopting_arm ... ok
test client::p0_62_stranded_handle_tests::a_receipt_replay_never_reaches_the_arm_after_a_durable_leave ... ok
test client::p0_62_stranded_handle_tests::a_torn_but_bound_attach_recovers_from_its_receipt_replay ... ok
test client::p0_62_stranded_handle_tests::an_applied_attach_receipt_can_only_ever_grant_the_next_generation ... ok
test client::p0_62_stranded_handle_tests::the_pre_tear_credential_is_the_one_the_server_calls_stale ... ok
test client::r2_tests::pending_abandonment_gates_tokenless_admission_only ... ok
test client::r2_tests::detach_loss_resolves_to_parked_and_reissues_exactly_once ... ok
test client::r2_tests::pending_operation_testimony_gates_every_correlation_path ... ok
test client::r2_tests::pending_reconnect_testimony_gates_redemption_and_attempt_fate ... ok
test client::r2_tests::restored_issued_operation_rejects_prior_process_correlation ... ok
test client::r2_tests::restored_issued_permit_rejects_prior_process_permit ... ok
test client::r2_tests::restore_refuses_abandonment_beside_tokenless_expected ... ok
test client::r2_tests::same_envelope_re_record_over_terminal_replay_refuses ... ok
test client::r2_tests::restore_refuses_testimony_and_abandonment_coupling_mismatches ... ok
test client::r2_tests::same_envelope_re_record_refuses_every_inactive_status_and_admits_parked ... ok
test client::r2_tests::tokenless_abandonment_survives_encode_without_take ... ok
test client::r2_tests::testimony_round_trips_distinctly_for_every_kind ... ok
test client::r2_tests::unissued_tokenless_abandonment_take_releases_nothing ... ok
test client::resume_tests::already_dead_refuses_inbound_without_losing_value ... ok
test client::resume_tests::codec_reports_envelope_errors_and_restore_invariants ... ok
test client::resume_tests::continuous_ack_remains_outside_resume_slot ... ok
test client::resume_tests::restored_permit_is_released_once_and_failure_parks_without_timer ... ok
test client::resume_tests::resume_round_trips_all_reconnect_machine_states ... ok
test client::resume_tests::resume_round_trips_every_binding_and_expected_operation ... ok
test client::resume_tests::resume_round_trips_every_replay_status_and_terminal_payload ... ok
test client::resume_tests::resume_round_trips_every_expected_operation_and_continuous_ack ... ok
test client::review_tests::b1_resume_preserves_issued_permit_testimony ... ok
test client::review_tests::b2_restored_attempt_has_typed_process_loss_exit ... ok
test client::review_tests::b4_restored_issued_operation_has_typed_process_loss_exit ... ok
test client::review_tests::b3_commit_seal_record_restores_before_authority_release ... ok
test client::review_tests::b4_cold_restored_expected_operation_is_released_once ... ok
test client::review_tests::m10_retired_terminalizes_binding_and_future_operations ... ok
test client::review_tests::d1_sequential_record_a_response_after_b_is_refused_by_exact_token ... ok
test client::review_tests::m6_binding_state_gates_outbound_and_inbound ... ok
test client::review_tests::b5_detach_has_exactly_one_initial_send_authority ... ok
test client::review_tests::m7_sequential_observer_a_response_after_b_cannot_apply ... ok
test client::review_tests::m8_detach_and_resume_preserve_attach_secret ... ok
test client::review_tests::m9_terminal_and_superseded_replay_yield_to_new_generation_detach ... ok
test client::round3_tests::active_replay_without_matching_expected_detach_refuses_restore ... ok
test client::round3_tests::refused_detach_admission_preserves_authorization_counter ... ok
test client::round3_tests::same_identity_wrong_secret_attach_and_leave_refuse ... ok
test client::rider_tests::canonical_decode_rejects_token_bearing_abandonment ... ok
test client::rider_tests::canonical_restore_rejects_token_bearing_abandonment ... ok
test client::round4_tests::in_flight_refusal_preserves_authorization_counter ... ok
test client::round4_tests::inbound_wrong_secret_refuses_with_authority_retained ... ok
test client::round4_tests::tokenless_restore_is_typed_abandoned_and_never_released ... ok
test client::round4_tests::expected_detach_requires_active_matching_replay_full_matrix ... ok
test client::round4_tests::active_replay_requires_exact_expected_detach_full_matrix ... ok
test client::tests::abort_and_continuous_ack_release_no_speculative_slot ... ok
test client::tests::operation_barrier_enforces_cardinality_and_exact_correlation ... ok
test client::tests::replay_durable_leave_and_all_terminal_payloads_are_distinct ... ok
test client::tests::replay_start_fate_replay_and_nonmatching_attach_preserve_authority ... ok
test lifecycle::admission::capacity_tests::a_participant_window_admits_at_every_occupancy_and_never_exceeds_its_size ... ok
test lifecycle::admission::capacity_tests::already_tracked_semantic_conversation_consumes_zero_capacity_at_full_limit ... ok
test lifecycle::admission::capacity_tests::credential_attach_always_admits_and_a_full_window_displaces ... ok
test lifecycle::admission::capacity_tests::credential_attach_with_headroom_lands_without_displacing ... ok
test lifecycle::admission::capacity_tests::a_window_of_one_still_lands_every_arrival ... ok
test lifecycle::admission::capacity_tests::binding_slot_selectors_return_exact_origin_specific_outcomes ... ok
test lifecycle::admission::capacity_tests::capacity_counter_requires_a_nonzero_bounded_state ... ok
test lifecycle::admission::capacity_tests::first_untracked_semantic_conversation_returns_exact_capacity_refusal ... ok
test lifecycle::admission::capacity_tests::enrollment_runtime_capacity_refuses_only_the_two_identity_scopes_in_order ... ok
test lifecycle::admission::capacity_tests::enrollment_success_carries_the_identity_counters_and_both_reserved_windows ... ok
test lifecycle::admission::capacity_tests::fresh_participant_counters_reject_nonempty_restored_state ... ok
test lifecycle::admission::capacity_tests::no_receipt_occupancy_can_make_enrollment_refuse ... ok
test lifecycle::admission::observer_tests::checked_one_past_maximum_progress_is_representable ... ok
test lifecycle::admission::observer_tests::equality_passes_and_returns_the_exact_opaque_permit ... ok
test lifecycle::admission::observer_tests::every_eligible_operation_constructs_its_exact_refusal ... ok
test lifecycle::admission::observer_tests::lower_floor_passes_without_recalculating_it ... ok
test lifecycle::admission::observer_tests::refusal_echoes_inputs_without_exposing_a_commit_permit ... ok
test lifecycle::admission::order_tests::case_43_exact_claim_shortfall_selects_order_exhaustion ... ok
test lifecycle::admission::order_tests::checked_planners_reject_claim_counter_overflow ... ok
test lifecycle::admission::order_tests::closure_projection_endows_one_order_pair_and_rejects_a_second ... ok
test lifecycle::admission::order_tests::empty_ledger_owns_all_values_and_enrollment_allocates_zero ... ok
test lifecycle::admission::order_tests::exhausted_maximum_has_no_next_value ... ok
test lifecycle::admission::order_tests::fenced_recovery_consumes_ro_and_transfers_ra_without_allocating ... ok
test lifecycle::admission::order_tests::fenced_recovery_requires_the_coupled_ro_ra_pair ... ok
test lifecycle::admission::order_tests::final_major_is_legal_only_when_no_claim_survives ... ok
test lifecycle::admission::order_tests::optional_planners_apply_exact_deltas_and_preserve_recovery_claims ... ok
test lifecycle::admission::order_tests::restore_rejects_claims_beyond_the_counter_suffix ... ok
test lifecycle::admission::record_tests::bytes_fail_after_entries_pass ... ok
test lifecycle::admission::record_tests::entries_precede_bytes_when_both_components_fail ... ok
test lifecycle::admission::record_tests::equality_passes_and_carries_the_exact_charge ... ok
test lifecycle::admission::sequence_tests::case_21_supersession_projects_the_exact_exhausted_budget ... ok
test lifecycle::admission::sequence_tests::case_26_exact_seventeen_value_suffix_is_admissible ... ok
test lifecycle::admission::sequence_tests::case_31_enrollment_and_record_fixed_points_both_exhaust ... ok
test lifecycle::admission::sequence_tests::case_47_derives_all_four_canonical_budgets ... ok
test lifecycle::admission::sequence_tests::case_54_shutdown_reserve_is_derived_as_six ... ok
test lifecycle::admission::sequence_tests::checked_planners_report_counter_overflow_before_admission ... ok
test lifecycle::admission::sequence_tests::checked_wide_derived_sum_never_wraps ... ok
test lifecycle::admission::sequence_tests::closure_projection_endows_one_sequence_pair_and_rejects_a_second ... ok
test lifecycle::admission::sequence_tests::fenced_recovery_consumes_rs_and_transfers_rt_into_t ... ok
test lifecycle::admission::sequence_tests::fenced_recovery_requires_the_coupled_sequence_pair ... ok
test lifecycle::admission::sequence_tests::maximum_boundary_allows_only_a_zero_resulting_reserve ... ok
test lifecycle::admission::sequence_tests::optional_planners_apply_exact_primitive_claim_deltas ... ok
test lifecycle::admission::sequence_tests::optional_planners_preserve_an_existing_recovery_pair ... ok
test lifecycle::admission::sequence_tests::restore_rejects_an_unowned_suffix_and_reports_derived_budget ... ok
test lifecycle::aggregate_commit_tests::aggregate_decision_requires_genesis_validation_first ... ok
test lifecycle::aggregate_commit_tests::aggregate_decision_refuses_a_foreign_shell_and_returns_the_commit_intact ... ok
test lifecycle::aggregate_commit_tests::enrolled_aggregate_commit_crashes_safely_and_replays_to_live_state ... ok
test lifecycle::aggregate_commit_tests::detached_aggregate_commit_crashes_safely_and_replays_to_live_state ... ok
test lifecycle::aggregate_commit_tests::attached_aggregate_commit_crashes_safely_and_replays_to_live_state ... ok
test lifecycle::attach_tests::active_same_participant_attach_records_supersession ... ok
test lifecycle::aggregate_commit_tests::ordinary_fate_aggregate_commit_crashes_safely_and_replays_to_live_state ... ok
test lifecycle::attach_tests::clear_closure_admission_reaches_ordinary_binding_authority ... ok
test lifecycle::attach_tests::ordinary_attach_cannot_claim_marker_acceptance ... ok
test lifecycle::attach_tests::supersession_cannot_coexist_with_a_committed_detach_cell ... ok
test lifecycle::binding_tests::binding_terminal_order_fixes_phase_and_derives_index_from_id ... ok
test lifecycle::binding_tests::detached_fates_have_only_detached_causes ... ok
test lifecycle::binding_tests::died_fates_have_only_died_causes ... ok
test lifecycle::binding_tests::detached_binding_transition_projects_terminal_sequence_only_when_committed ... ok
test lifecycle::binding_tests::died_binding_transition_projects_terminal_sequence_only_when_committed ... ok
test lifecycle::binding_tests::pending_commit_preserves_identity_order_and_cause ... ok
test lifecycle::binding_tests::restart_cause_is_derived_from_old_binding_epoch ... ok
test lifecycle::aggregate_commit_tests::nonzero_debt_ack_event_records_the_committed_cursor_fact_key ... ok
test lifecycle::aggregate_commit_tests::nonzero_debt_ack_aggregate_commit_crashes_safely_and_replays_to_live_state ... ok
test lifecycle::claim_frontier_tests::case_25_clear_headroom_constructs_the_same_exact_claim_owners ... ok
test lifecycle::claim_frontier_tests::case_56_shape_derives_prefate_recovery_from_candidate_while_pc_is_current ... ok
test lifecycle::claim_frontier_tests::candidate_and_retained_sequence_order_must_follow_admission_order ... ok
test lifecycle::aggregate_commit_tests::left_aggregate_commit_returns_the_frontiers_through_the_barrier ... ok
test lifecycle::claim_frontier_tests::candidate_cells_accept_exactly_two_i_and_reject_the_third ... ok
test lifecycle::aggregate_commit_tests::left_aggregate_commit_crashes_safely_and_replays_to_live_state ... ok
test lifecycle::claim_frontier_tests::case_25_equality_debt_constructs_exact_initial_frontier ... ok
test lifecycle::claim_frontier_tests::allocated_high_excludes_old_candidate_major_but_future_candidate_owns_union ... ok
test lifecycle::aggregate_commit_tests::recovered_fate_aggregate_commit_crashes_safely_and_replays_to_live_state ... ok
test lifecycle::attach_tests::fenced_recovery_composes_pending_detach_and_sets_both_marker_fields ... ok
test lifecycle::claim_frontier_tests::compact_product_accessors_enforce_the_validated_rank_extent ... ok
test lifecycle::claim_frontier_tests::endpoint_sweep_reports_first_expanded_collision_inside_compact_ranges ... ok
test lifecycle::claim_frontier_tests::duplicate_scan_selects_exact_lowest_tuple_across_record_and_candidate ... ok
test lifecycle::claim_frontier_tests::complete_retained_corpus_accepts_end_and_stores_only_marker_anchors ... ok
test lifecycle::claim_frontier_tests::immutable_marker_requires_m_owner_and_typed_compacted_cause ... ok
test lifecycle::claim_frontier_tests::initial_frontier_crash_replay_is_deterministic ... ok
test lifecycle::claim_frontier_tests::initial_frontier_rejects_each_attached_charge_dimension_mismatch ... ok
test lifecycle::claim_frontier_tests::exact_detached_dcr_is_the_only_postfate_recovery_authority ... ok
test lifecycle::claim_frontier_tests::marker_drain_core_consumes_m_and_tuple_without_advancing_allocated_high ... ok
test lifecycle::claim_frontier_tests::numeric_frontiers_precede_duplicate_candidate_diagnosis ... ok
test lifecycle::claim_frontier_tests::precedence_is_never_unclassified_because_a_lone_order_candidate_cannot_exist ... ok
test lifecycle::claim_frontier_tests::order_candidates_reject_duplicate_major_groups_and_below_high_keys ... ok
test lifecycle::claim_frontier_tests::recovery_selector_rejects_missing_and_detached_prefate_authority ... ok
test lifecycle::claim_frontier_tests::released_marker_history_allows_multiple_old_records_for_one_participant ... ok
test lifecycle::closure_accounting_tests::remaining_precedence_is_delivered_then_churn_then_entries_then_bytes ... ok
test lifecycle::closure_accounting_tests::ordinary_required_capacity_uses_canonical_widened_addition_order ... ok
test lifecycle::closure_accounting_tests::equality_passes_with_componentwise_successor_maximum_and_exact_cycle_charge ... ok
test lifecycle::closure_accounting_tests::restore_rejects_mixed_clear_state_and_unencodable_or_impossible_values ... ok
test lifecycle::conversation_tests::canonical_decode_rejects_truncation_unknown_codec_kind_and_length ... ok
test lifecycle::conversation_tests::abort_recovers_the_exact_unmodified_prestate ... ok
test lifecycle::conversation_tests::decision_holds_state_until_commit_and_encodes_stable_header ... ok
test lifecycle::closure_accounting_tests::recovery_fence_uses_unchanged_state_and_zero_delta_before_numeric_checks ... ok
test lifecycle::conversation_tests::left_bodies_round_trip_every_optional_field_combination ... ok
test lifecycle::conversation_tests::left_decode_rejects_unassigned_flags_and_invalid_results ... ok
test lifecycle::conversation_tests::every_lifecycle_operation_round_trips_encode_decode_replay ... ok
test lifecycle::conversation_tests::operation_abort_recovers_the_exact_unmodified_prestate ... ok
test lifecycle::conversation_tests::operation_decision_refuses_foreign_conversation_provenance_for_every_kind ... ok
test lifecycle::conversation_tests::operation_decision_refuses_ordinal_exhaustion ... ok
test lifecycle::conversation_tests::operation_decision_requires_genesis_validation_first ... ok
test lifecycle::conversation_tests::operation_decode_rejects_a_generation_one_attach ... ok
test lifecycle::conversation_tests::operation_decode_rejects_non_canonical_lengths ... ok
test lifecycle::conversation_tests::operation_decode_rejects_zero_generations_and_non_genesis_enrollment ... ok
test lifecycle::conversation_tests::operation_replay_requires_genesis_validation_first ... ok
test lifecycle::conversation_tests::ordinal_exhaustion_refuses_before_commit_and_replay_mutation ... ok
test lifecycle::conversation_tests::operation_events_replay_in_committed_order_after_genesis ... ok
test lifecycle::conversation_tests::replay_is_deterministic_and_matches_commit_consumption ... ok
test lifecycle::conversation_tests::replay_requires_exact_conversation_ordinal_and_body_precondition ... ok
test lifecycle::conversation_tests::repeated_genesis_decision_refuses_and_preserves_committed_state ... ok
test lifecycle::cursor_facts_tests::binding_epoch_authority_failure_preserves_cursors_and_facts ... ok
test lifecycle::cursor_facts_tests::nonzero_ack_rejects_testimony_from_another_durable_prestate ... ok
test lifecycle::cursor_facts_tests::cumulative_ack_selector_never_mutates_on_noop_gap_or_regression ... ok
test lifecycle::cursor_facts_tests::nonzero_ack_uses_durable_endpoint_membership_not_conversation_contiguity ... ok
test lifecycle::cursor_facts_tests::recipient_obligation_testimony_requires_a_sorted_live_index ... ok
test lifecycle::detach_tests::a_current_binding_rejects_committed_and_invalid_terminalized_cells ... ok
test lifecycle::detach_tests::a_new_detach_cannot_replace_an_accepted_pending_cell ... ok
test lifecycle::cursor_facts_tests::two_bound_participants_ack_the_same_retained_suffix_during_nonzero_debt ... ok
test lifecycle::detach_tests::committed_attach_terminalized_replay_retains_old_epoch ... ok
test lifecycle::detach_tests::every_pending_replay_branch_validates_the_paired_finalization ... ok
test lifecycle::detach_tests::exact_token_without_exact_verifier_cannot_produce_terminalized_result ... ok
test lifecycle::detach_tests::pending_replay_commits_only_the_real_drain_sequence ... ok
test lifecycle::detach_tests::pending_replay_equal_progress_is_stable_without_a_drain ... ok
test lifecycle::detach_tests::pending_replay_requires_drain_and_rewrites_a_repeated_refusal_epoch ... ok
test lifecycle::edge_tests::cursor_ack_orderings_are_atomic_and_boundary_checked ... ok
test lifecycle::edge_tests::detached_cursor_release_is_leave_only_and_unrelated_facts_are_safe ... ok
test lifecycle::edge_tests::detached_recovery_fence_proof_binds_every_authority_field ... ok
test lifecycle::edge_tests::detached_marker_release_is_leave_only ... ok
test lifecycle::edge_tests::detached_recovery_leave_requires_exact_private_k_claim ... ok
test lifecycle::edge_tests::cursor_storage_fate_supersession_and_leave_preserve_typestate ... ok
test lifecycle::edge_tests::fenced_recovery_fate_preserves_op_authority_until_exact_completion ... ok
test lifecycle::edge_tests::fenced_recovery_fate_preserves_or_covers_pc_with_exact_cursor_authority ... ok
test lifecycle::edge_tests::observer_completion_binds_exact_event_and_strict_successor ... ok
test lifecycle::edge_tests::marker_delivery_derives_progress_and_covers_every_invalidator ... ok
test lifecycle::edge_tests::observer_marker_independent_and_binding_orderings_are_closed ... ok
test lifecycle::edge_tests::ordinary_binding_fate_requires_attach_and_exact_terminal_provenance ... ok
test lifecycle::edge_tests::only_clear_closure_state_admits_an_ordinary_detached_attach ... ok
test lifecycle::edge_tests::physical_completion_requires_its_exact_compaction_range ... ok
test lifecycle::edge_tests::physical_progress_classes_preserve_or_cover_and_refusals_do_neither ... ok
test lifecycle::edge_tests::recovery_claim_provenance_covers_marker_delivery_progress_and_post_fate_dcr ... ok
test lifecycle::edge_tests::strict_successor_set_contains_six_kinds_and_excludes_direct_recovery ... ok
test lifecycle::enrollment_closure_tests::ample_headroom_keeps_initial_enrollment_clear_and_marker_free ... ok
test lifecycle::enrollment_closure_tests::case_25_startup_equality_begins_debt_without_a_recovery_quartet ... ok
test lifecycle::enrollment_closure_tests::initial_allocator_binding_and_attached_shape_are_checked ... ok
test lifecycle::enrollment_tests::allocation_proof_is_bound_to_the_request_conversation ... ok
test lifecycle::enrollment_tests::enrollment_consumes_allocated_slot_and_derives_every_fixed_value ... ok
test lifecycle::enrollment_tests::exhausted_sentinel_cannot_become_a_participant ... ok
test lifecycle::incarnation_tests::allocating_max_once_atomically_sets_exhaustion ... ok
test lifecycle::incarnation_tests::case_42_non_max_collision_skips_before_publication ... ok
test lifecycle::incarnation_tests::case_42_seeded_ordinal_exhaustion_is_idempotent ... ok
test lifecycle::incarnation_tests::case_42_server_max_returns_exact_unchanged_exhaustion ... ok
test lifecycle::incarnation_tests::complete_reference_collection_must_fit_its_declared_bound ... ok
test lifecycle::incarnation_tests::fresh_server_allocates_zero_then_checked_increments ... ok
test lifecycle::incarnation_tests::referenced_max_sets_exhaustion_without_publishing_a_pair ... ok
test lifecycle::incarnation_tests::restore_rejects_both_exhaustion_bit_mismatches ... ok
test lifecycle::incarnation_tests::same_connection_rotation_changes_generation_not_incarnation ... ok
test lifecycle::incarnation_tests::startup_checked_increment_is_a_deterministic_fsync_intent ... ok
test lifecycle::lookup_tests::absent_identity_precedes_impossible_cell_bytes ... ok
test lifecycle::lookup_tests::attach_token_tombstone_and_provenance_precede_presented_authority ... ok
test lifecycle::lookup_tests::detach_ordinary_order_is_stale_then_no_binding_then_authorized ... ok
test lifecycle::lookup_tests::detach_exact_resolution_and_pending_different_token_precede_binding ... ok
test lifecycle::lookup_tests::committed_leave_token_exception_has_fixed_internal_order ... ok
test lifecycle::lookup_tests::different_leave_token_gets_retired_and_detached_live_leave_is_authorized ... ok
test lifecycle::lookup_tests::detach_tombstone_precedes_exact_committed_cell ... ok
test lifecycle::lookup_tests::enrollment_mapping_resolves_live_and_tombstoned_identities_before_status ... ok
test lifecycle::lookup_tests::enrollment_receipt_and_provenance_are_phase_specific ... ok
test lifecycle::lookup_tests::exact_attach_receipt_reports_current_bound_or_unbound_status ... ok
test lifecycle::lookup_tests::every_generic_binding_request_has_total_phase_one_through_five_order ... ok
test lifecycle::lookup_tests::fresh_attach_runs_presented_tombstone_unknown_stale_then_authorized ... ok
test lifecycle::lookup_tests::live_attach_receipt_checks_secret_then_generation_then_marker ... ok
test lifecycle::lookup_tests::terminalized_exact_token_precedes_current_generation_and_binding ... ok
test lifecycle::lookup_tests::terminalized_exact_token_rejects_request_conversation_mismatch ... ok
test lifecycle::lookup_tests::terminalized_replay_does_not_reflect_another_identity_binding ... ok
test lifecycle::membership_tests::committed_detach_cell_must_match_retained_terminal_and_derives_sequence ... ok
test lifecycle::membership_tests::bound_leave_derives_active_epoch_and_moves_generic_fingerprints ... ok
test lifecycle::membership_tests::empty_cell_and_no_history_derives_none_without_caller_option ... ok
test lifecycle::membership_tests::separately_committed_death_is_history_even_with_empty_detach_cell ... ok
test lifecycle::membership_tests::pending_terminal_requires_typed_no_intervening_composition ... ok
test lifecycle::membership_tests::terminalized_cell_uses_retained_history_because_fix_one_drops_sequence ... ok
test lifecycle::obligation_dispatch::tests::debt_dispatch_invariant_never_falls_back_or_fabricates_wire_refusal ... ok
test lifecycle::obligation_dispatch::tests::nonzero_debt_permits_testified_below_floor_and_defers_above_high_watermark ... ok
test lifecycle::observer_recovery_tests::accepted_batch_preserves_order_and_arms_only_equal_epochs ... ok
test lifecycle::observer_recovery_tests::empty_batch_is_an_empty_commit ... ok
test lifecycle::observer_recovery_tests::first_request_order_duplicate_precedes_capacity_and_progress_lookup ... ok
test lifecycle::observer_recovery_tests::later_epoch_failure_produces_no_partial_arm_plan ... ok
test lifecycle::observer_recovery_tests::over_limit_beats_duplicate_without_progress_lookup ... ok
test lifecycle::observer_recovery_tests::request_order_capacity_precedes_unknown_and_ahead ... ok
test lifecycle::observer_recovery_tests::tracked_conversation_adds_zero_occupancy ... ok
test lifecycle::observer_recovery_tests::unknown_and_ahead_are_selected_by_request_index ... ok
test lifecycle::observer_recovery_transaction_tests::abort_installs_no_arm_and_commit_installs_the_whole_plan ... ok
test lifecycle::observer_recovery_transaction_tests::aborted_advance_leaves_progress_and_arm_untouched ... ok
test lifecycle::observer_recovery_transaction_tests::aborted_track_leaves_the_conversation_untracked ... ok
test lifecycle::observer_recovery_transaction_tests::advance_requires_a_known_conversation_and_strict_progress ... ok
test lifecycle::observer_recovery_transaction_tests::advancing_past_an_installed_arm_fires_it_exactly_once ... ok
test lifecycle::observer_recovery_transaction_tests::committed_track_is_readable_and_recoverable ... ok
test lifecycle::observer_recovery_transaction_tests::refused_recovery_returns_the_aggregate_unchanged ... ok
test lifecycle::observer_recovery_transaction_tests::replaying_a_committed_recovery_is_idempotent ... ok
test lifecycle::observer_recovery_transaction_tests::restore_round_trips_and_rejects_every_corruption_class ... ok
test lifecycle::observer_recovery_transaction_tests::track_registers_once_and_refuses_duplicates_unchanged ... ok
test lifecycle::operation_event_tests::attached_operation_repeats_the_attach_commits_attached_record ... ok
test lifecycle::operation_event_tests::binding_fate_operation_repeats_the_ordinary_fates_committed_facts ... ok
test lifecycle::operation_event_tests::detached_operation_records_the_committed_cells_own_attempt_token ... ok
test lifecycle::operation_event_tests::binding_fate_operation_repeats_the_recovered_fates_committed_facts ... ok
test lifecycle::operation_event_tests::enrolled_operation_repeats_the_enrollment_commits_attached_record ... ok
test lifecycle::operation_event_tests::left_operation_repeats_the_retired_identitys_committed_result ... ok
test lifecycle::operation_event_tests::nonzero_debt_ack_operation_repeats_the_ack_commits_request ... ok
test lifecycle::operations::binding_fate_f8_tests::a_non_owner_transition_failure_stays_outside_the_owner_transition_carrier ... ok
test lifecycle::operations::binding_fate_f8_tests::a_retained_unacked_marker_pins_the_measured_floor ... ok
test lifecycle::operations::binding_fate_f8_tests::a_retained_charge_refusal_carries_its_own_cause ... ok
test lifecycle::operations::binding_fate_f8_tests::the_retired_precedence_pole_backstop_names_itself_if_it_ever_fires ... ok
test lifecycle::operations::binding_fate_tests::ordinary_binding_fate_projects_measured_resulting_floor ... ok
test lifecycle::operations::binding_fate_finalizer_tests::a_floor_subsumed_while_the_finalizer_waited_installs_as_a_no_op ... ok
test lifecycle::operations::binding_fate_finalizer_tests::an_uncontested_finalizer_floor_installs_unchanged ... ok
test lifecycle::operations::binding_fate_finalizer_tests::a_marker_retained_while_the_finalizer_waited_pins_the_installed_floor ... ok
test lifecycle::operations::enrollment_operation_tests::allocator_identity_domain_mismatch_does_not_mint_commit_values ... ok
test lifecycle::operations::enrollment_operation_tests::allocator_mismatch_does_not_mint_commit_values ... ok
test lifecycle::operations::binding_fate_tests::recovered_binding_fate_projects_measured_resulting_floor ... ok
test lifecycle::operations::enrollment_operation_tests::case_25_success_returns_one_atomic_commit ... ok
test lifecycle::operations::enrollment_operation_tests::receipt_deadlines_validate_precedence_and_widen_before_addition ... ok
test lifecycle::operations::enrollment_operation_tests::crash_replay_from_identical_prestate_is_identical ... ok
test lifecycle::operations::binding_terminal_tests::terminal_disposition_selector_commits_or_pends_from_protocol_state ... ok
test lifecycle::operations::enrollment_operation_tests::stage_six_and_eight_refusals_are_ordered_and_nonmutating ... ok
test lifecycle::operations::enrollment_operation_tests::token_replay_precedes_every_capacity_and_never_allocates ... ok
test lifecycle::operations::live_frontier_reconcile_tests::reconcile_leaves_an_in_step_unaccepted_marker_alone ... ok
test lifecycle::operations::live_frontier_reconcile_tests::reconcile_never_touches_the_derived_ahead_direction ... ok
test lifecycle::operations::live_frontier_reconcile_tests::reconcile_retires_the_orphaned_anchor_and_is_idempotent ... ok
test lifecycle::operations::marker_ack_tests::commit_advances_exactly_once_and_crash_replay_is_idempotent ... ok
test lifecycle::operations::marker_ack_tests::exact_delivery_uses_authorized_cursor_and_epoch_and_retains_proof ... ok
test lifecycle::operations::marker_ack_tests::marker_ack_commit_exposes_ruled_q3_persistence_census ... ok
test lifecycle::operations::marker_ack_tests::marker_refusals_and_exact_accepted_replay_are_typed_and_nonmutating ... ok
test lifecycle::operations::marker_ack_tests::opaque_update_validates_identity_generation_and_from_cursor_before_mutation ... ok
test lifecycle::operations::marker_ack_tests::wrong_receiving_epoch_is_no_binding_before_marker_proof ... ok
test lifecycle::operations::marker_ack_tests::shared_lookup_precedence_runs_before_marker_proof ... ok
test lifecycle::operations::marker_drain_tests::drained_detached_marker_cannot_be_reused_as_delivered_recovery_proof ... ok
test lifecycle::operations::marker_drain_tests::detached_candidate_appends_and_selects_exact_dmr ... ok
test lifecycle::operations::marker_drain_tests::already_materialized_marker_edge_cannot_coexist_with_pending_candidate ... ok
test lifecycle::operations::marker_drain_tests::drain_consumes_next_marker_and_returns_one_atomic_authority_commit ... ok
test lifecycle::operations::marker_proof_tests::credential_attach_input_requires_some_marker_and_preserves_its_distinct_envelope ... ok
test lifecycle::operations::marker_proof_tests::case_34_marker_ack_matrix_uses_the_frozen_total_precedence ... ok
test lifecycle::operations::marker_drain_tests::missing_candidate_is_an_invariant_fault_and_replay_is_deterministic ... ok
test lifecycle::operations::marker_drain_tests::op_and_pc_remain_strict_while_bound_marker_appends ... ok
test lifecycle::operations::marker_proof_tests::exact_delivery_mints_an_opaque_operation_bound_permit ... ok
test lifecycle::operations::marker_proof_tests::selection_is_nonmutating_and_crash_replay_is_identical ... ok
test lifecycle::operations::marker_proof_tests::wrong_participant_epoch_marker_or_generation_never_counts_as_exact_delivery ... ok
test lifecycle::operations::nonzero_participant_ack_tests::aggregate_commit_rejects_unrelated_and_split_restored_prestates ... ok
test lifecycle::operations::nonzero_participant_ack_tests::aggregate_invariant_checks_are_ordered_and_nonmutating ... ok
test lifecycle::operations::marker_drain_tests::marker_drain_acceptance_tests::marker_commit_projects_typed_history_compacted_without_debug_parse ... ok
test lifecycle::operations::nonzero_participant_ack_tests::common_lookup_precedes_episode_validation_and_never_mutates ... ok
test lifecycle::operations::nonzero_participant_ack_tests::nonzero_debt_ack_moves_the_same_committed_cursor_through_live_frontier_ownership ... ok
test lifecycle::operations::nonzero_participant_ack_tests::noop_gap_and_regression_return_wire_values_without_mutating_episode ... ok
test lifecycle::operations::nonzero_participant_ack_tests::oracle::nonzero_debt_obligation_and_scalar_refusal_cannot_diverge ... ok
test lifecycle::operations::nonzero_participant_ack_tests::oracle::nonzero_debt_sparse_gap_never_selects_scalar_fallback ... ok
test lifecycle::operations::nonzero_participant_ack_tests::oracle::nonzero_debt_obligation_and_scalar_commit_cannot_diverge ... ok
test lifecycle::operations::ordinary_record_projection_tests::compacted_credit_owner_can_receive_one_new_marker_in_the_same_fixed_point ... ok
test lifecycle::operations::ordinary_record_projection_tests::compacted_accepted_marker_releases_credit_without_planning_a_replacement ... ok
test lifecycle::operations::ordinary_record_projection_tests::consuming_capacity_walk_wrapper_relays_exact_owners_and_seals_marker_prefix ... ok
test lifecycle::operations::ordinary_record_projection_tests::consuming_wrapper_rejects_a_disconnected_keyed_charge ... ok
test lifecycle::operations::ordinary_record_projection_tests::current_credited_marker_uses_marker_max_and_keeps_accepted_credit ... ok
test lifecycle::operations::ordinary_record_projection_tests::hard_observer_blocks_the_exact_capacity_walk_floor ... ok
test lifecycle::operations::ordinary_record_projection_tests::consuming_wrapper_releases_compacted_credit_then_reovertakes_same_participant ... ok
test lifecycle::operations::ordinary_record_projection_tests::keyed_charge_mismatch_is_rejected_before_any_derived_total_is_used ... ok
test lifecycle::operations::nonzero_participant_ack_tests::oracle::two_participants_ack_same_retained_suffix_through_total_wrapper ... ok
test lifecycle::operations::ordinary_record_projection_tests::mandatory_candidate_wins_before_optional_projection_or_counter_planning ... ok
test lifecycle::operations::ordinary_record_projection_tests::ordinary_capacity_walk_derives_floor_marker_and_both_ledgers ... ok
test lifecycle::operations::ordinary_record_projection_tests::two_overtaken_participants_receive_ascending_exact_marker_candidates ... ok
test lifecycle::operations::ordinary_record_projection_tests::unaccepted_marker_prevents_capacity_search_crossing_its_sequence ... ok
test lifecycle::operations::ordinary_record_projection_tests::uncredited_historical_marker_contributes_its_exact_charge_not_marker_max ... ok
test lifecycle::operations::participant_ack_tests::all_four_ack_relations_select_exact_wire_outcomes ... ok
test lifecycle::operations::participant_ack_tests::commit_advances_exactly_once_and_crash_replay_is_idempotent ... ok
test lifecycle::operations::participant_ack_tests::durable_obligation_context_mismatch_is_typed_invariant_not_ack_gap ... ok
test lifecycle::operations::participant_ack_tests::durable_obligation_endpoint_skips_internal_gaps_but_rejects_gap_endpoint ... ok
test lifecycle::operations::participant_ack_tests::opaque_update_validates_identity_generation_and_from_cursor_before_mutation ... ok
test lifecycle::operations::participant_ack_tests::refusals_and_noop_never_mutate_membership ... ok
test lifecycle::operations::participant_ack_tests::wrong_receiving_epoch_is_no_binding_before_ack_relations ... ok
test lifecycle::operations::participant_ack_tests::shared_lookup_precedence_is_preserved_before_ack_relations ... ok
test lifecycle::operations::record_admission_selector_acceptance_tests::record_selector_names_marker_closure_refusal_and_preserves_owner ... ok
test lifecycle::operations::record_admission_selector_acceptance_tests::record_selector_names_order_exhaustion_and_preserves_owner ... ok
test lifecycle::operations::record_admission_tests::classify_record_admission_binding_covers_the_lookup_rows_and_only_those ... ok
test lifecycle::operations::record_admission_tests::capacity_walk_total_operation_commits_full_payload_and_replays_identically ... ok
test lifecycle::operations::record_admission_tests::case_31_sequence_exhaustion_returns_exact_budget_and_unchanged_replay ... ok
test lifecycle::operations::record_admission_tests::observer_fixed_point_refusal_maps_through_shared_selector_without_mutation ... ok
test lifecycle::operations::record_admission_tests::into_persistence_parts_moves_the_complete_atomic_set_exactly_once ... ok
test lifecycle::operations::record_admission_tests::projected_marker_drains_first_and_replays_with_complete_unchanged_input ... ok
test lifecycle::operations::record_admission_tests::case_32_size_dimensions_preserve_state_and_lookup_precedes_size ... ok
test lifecycle::operations::record_admission_tests::untracked_semantic_conversation_refusal_carries_exact_envelope_and_limit ... ok
test lifecycle::storage_tests::binding_terminals_restore_only_from_valid_cause_partitions ... ok
test lifecycle::storage_tests::cursor_episode_restores_variable_participant_facts_and_rejects_bad_pairs ... ok
test lifecycle::storage_tests::all_four_detach_cells_restore_with_atomic_binding_pair_checks ... ok
test lifecycle::storage_tests::case_56_joint_restore_keeps_prefate_candidate_quartet_while_pc_is_current ... ok
test lifecycle::storage_tests::all_seven_stored_edges_restore_and_opaque_variants_require_exact_provenance ... ok
test lifecycle::storage_tests::live_membership_rejects_terminal_identity_and_generation_drift ... ok
test lifecycle::storage_tests::fenced_and_recovered_authorities_restore_only_from_exact_epoch_provenance ... ok
test lifecycle::storage_tests::historical_causal_rows_require_exact_owned_lifecycle_history ... ok
test lifecycle::storage_tests::producer_emitted_enrollment_and_superseding_origins_replay_through_total_restore ... ok
test lifecycle::storage_tests::retired_tombstone_validates_complete_permanent_leave_result ... ok
test lifecycle::storage_tests::total_restore_of_replayed_enrollment_equals_live_state ... ok
test lifecycle::storage_tests::total_restore_refuses_a_duplicated_participant_identity ... ok
test lifecycle::storage_tests::recovered_origin_cannot_execute_ordinary_pcp_or_cursor_release ... ok
test lifecycle::storage_tests::post_fenced_active_quartet_resolves_from_old_history_under_current_storage ... ok
test lifecycle::storage_tests::joint_cold_restore_uses_historical_old_epoch_across_fenced_recovery ... ok
test lifecycle::storage_tests::total_restore_refuses_binding_origins_from_another_history ... ok
test lifecycle::storage_tests::total_restore_refuses_cross_conversation_component_splices ... ok
test outcome::internal_tests::binding_recovery_carries_only_unclean_restart_cause ... ok
test outcome::internal_tests::candidate_phase_values_match_canonical_order ... ok
test outcome::internal_tests::fix_two_corruption_taxonomy_keeps_non_occurrence_reasons ... ok
test lifecycle::storage_tests::total_restore_seals_ordinary_cursor_and_fate_authority ... ok
test outcome::keepalive_tests::accepted_socket_phase_has_exactly_the_three_runtime_reason_shapes ... ok
test outcome::keepalive_tests::platform_name_round_trips_without_loss ... ok
test outcome::keepalive_tests::startup_phase_has_exactly_the_five_startup_reason_shapes ... ok
test outcome::local_tests::park_capacity_has_only_the_five_legal_pairs ... ok
test outcome::local_tests::park_order_exhaustion_fixes_counter_and_value ... ok
test outcome::parking_tests::all_eighteen_parked_configuration_dimensions_are_constructible ... ok
test outcome::parking_tests::all_nine_configuration_shape_dimensions_are_constructible ... ok
test outcome::parking_tests::handshake_failure_keeps_both_limits_and_all_widened_operands ... ok
test outcome::startup_tests::all_nine_capability_nonzero_fields_are_named ... ok
test outcome::startup_tests::capability_deadline_order_is_a_flat_tagged_body ... ok
test outcome::startup_tests::connection_exhaustion_encodes_only_the_two_valid_payload_shapes ... ok
test outcome::startup_tests::retention_has_only_the_three_fix_two_dimensions ... ok
test reason_code::band_tests::roster_reason_codes_collide_with_neither_neighbouring_band ... ok
test reason_code::band_tests::roster_reason_codes_hold_their_wire_values ... ok
test reason_code::band_tests::roster_reason_codes_lie_inside_the_reserved_server_band ... ok
test wire::authority_tests::credential_attach_constructors_stay_inside_the_register_rows ... ok
test wire::authority_tests::enrollment_constructors_stay_inside_the_register_rows ... ok
test wire::authority_tests::enrollment_receipt_expired_public_form_matches_the_sealed_lookup_wrapper ... ok
test wire::authority_tests::lifecycle_matrix::detach_constructors_stay_inside_the_register_rows ... ok
test wire::authority_tests::lifecycle_matrix::leave_constructors_stay_inside_the_register_rows ... ok
test wire::authority_tests::lifecycle_matrix::marker_ack_constructors_stay_inside_the_register_rows ... ok
test wire::authority_tests::lifecycle_matrix::narrow_constructors_embed_the_exact_origin_arm ... ok
test wire::authority_tests::lifecycle_matrix::participant_ack_constructors_stay_inside_the_register_rows ... ok
test wire::authority_tests::records_matrix::bound_values_move_out_intact ... ok
test wire::authority_tests::records_matrix::observer_recovery_constructors_stay_inside_the_register_rows ... ok
test wire::authority_tests::records_matrix::record_admission_constructors_stay_inside_the_register_rows ... ok
test wire::codec_tests::fixed_request_and_delivery_sizes_match_the_contract ... ok
test wire::codec_tests::all_client_requests_round_trip ... ok
test wire::codec_tests::header_and_prefix_are_network_order_and_exact ... ok
test wire::codec_tests::inbound_gate_authentication_precedes_capability ... ok
test wire::codec_tests::inbound_gate_framing_precedes_version ... ok
test wire::codec_tests::inbound_gate_maps_unknown_and_selected_body_failures ... ok
test wire::codec_tests::inbound_gate_size_precedes_framing ... ok
test wire::codec_tests::inbound_gate_uses_the_pre_capability_constant_before_allocation ... ok
test wire::codec_tests::inbound_gate_version_precedes_discriminant ... ok
test wire::codec_tests::malformed_sdk_transport_rejection_does_not_receive_the_exception ... ok
test wire::codec_tests::non_participant_outer_type_bypasses_every_participant_gate_stage ... ok
test wire::codec_tests::recovery_count_is_bounded_before_allocation ... ok
test wire::codec_tests::sdk_transport_rejection_bypasses_local_authentication_and_capability ... ok
test wire::codec_tests::server_push_acceptance_tests::marker_settled_is_client_bound_and_strictly_bounded ... ok
test wire::codec_tests::server_push_acceptance_tests::all_push_record_kinds_round_trip ... ok
test wire::codec_tests::short_output_reports_exact_requirement ... ok
test wire::codec_tests::server_push_acceptance_tests::server_push_direction_and_codec_round_trip_all_record_kinds ... ok
test wire::codec_tests::trailing_truncated_and_zero_generation_classes_are_stable ... ok
test wire::codec_tests::validated_frame_limit_enforces_the_explicit_complete_frame_range ... ok
test wire::codec_tests::wrong_direction_and_unassigned_values_are_unknown ... ok
test wire::server_codec_tests::closure_churn_count_and_limit_use_u64_wire_widths ... ok
test wire::server_codec_tests::decoder_rejects_impossible_duplicate_success_fields ... ok
test wire::server_codec_tests::decoder_rejects_invalid_order_backpressure_and_receipt_relations ... ok
test wire::server_codec_tests::duplicate_success_fields_are_derived_by_typed_constructors ... ok
test wire::server_codec_tests::decoder_rejects_invalid_terminal_generation_and_order_relations ... ok
test wire::server_codec_tests::all_39_server_values_round_trip_with_contiguous_tags ... ok
test wire::server_codec_tests::invalid_tags_missing_trailing_and_zero_generation_are_classified ... ok
test wire::server_codec_tests::record_admission_body_conflict_round_trips_and_refuses_a_foreign_operation ... ok
test wire::server_codec_tests::recovery_count_routes_before_unread_suffix ... ok
test wire::server_codec_tests::all_39_server_values_round_trip_as_complete_frames ... ok
test wire::server_codec_tests::settlement_backpressure_rows_route_only_their_admitted_origins ... ok
test wire::server_codec_tests::every_originating_request_pair_has_exact_routing ... ok
test wire::server_codec_tests::terminalized_detach_wire_arm_retains_old_epoch ... ok
test wire::server_codec_tests::unsupported_body_version_is_preserved ... ok
test wire::tags_tests::attempt_and_authority_registries_are_origin_specific ... ok
test wire::tags_tests::capacity_and_edge_registries_are_exact ... ok
test wire::tags_tests::client_registry_is_exactly_eight_contiguous_values ... ok
test wire::tags_tests::close_cause_payload_does_not_change_its_tag ... ok
test wire::tags_tests::close_cause_registry_is_exact ... ok
test wire::tags_tests::pushed_and_record_registries_preserve_their_explicit_bases ... ok
test wire::tags_tests::receipt_marker_ack_and_recovery_reason_registries_are_exact ... ok
test wire::tags_tests::server_registry_is_exactly_thirty_nine_contiguous_values ... ok
test wire::tags_tests::settlement_backpressure_rows_sit_above_the_observer_recovery_block ... ok
test wire::tags_tests::transport_and_decode_registries_are_exact ... ok
test wire::server_codec_tests::settlement_backpressure_bodies_are_exact_and_the_enrollment_row_carries_no_epoch ... ok
test lifecycle::conversation_tests::any_prefix_replay_produces_a_valid_shell_state ... ok
test client::authority_property_tests::exhaustive_small_scope_send_authority_conservation ... ok
test lifecycle::observer_recovery_transaction_tests::interleavings_never_split_arm_installation_and_durable_replay_converges ... ok

test result: ok. 474 passed; 0 failed; 0 ignored; 0 measured; 0 filtered out; finished in 0.10s

     Running tests/acceptance_01_25.rs (target/debug/deps/acceptance_01_25-ae3c7076ca60ee4b)

running 25 tests
test acceptance_03_failed_admissions_do_not_consume_sequence ... ok
test acceptance_08_silence_never_advances_replay ... ok
test acceptance_02_crash_before_ack_redelivers_identical_key ... ok
test acceptance_01_same_session_duplicate_guard ... ok
test acceptance_07_conversation_demux_has_independent_cursors ... ok
test acceptance_05_replay_live_cutover_is_lossless_and_ordered ... ok
test acceptance_04_all_participants_observe_one_conversation_sequence ... ok
test acceptance_10_member_replay_detach_reattach_leave_and_floor ... ok
test acceptance_09_enrollment_replay_is_stable_and_expiry_cannot_ghost_mint ... ok
test acceptance_11_generation_race_has_one_rotation_and_one_handoff_pair ... ok
test acceptance_12_retired_replays_never_disclose_secret_or_remint ... ok
test acceptance_14_unbound_receipt_never_grants_new_connection_authority ... ok
test acceptance_13_leave_authority_decode_replay_and_serialized_races ... ok
test acceptance_15_sdk_generation_monotonicity_deadlines_and_receipt_cap ... ok
test acceptance_16_four_worked_floor_cases ... ok
test acceptance_06_history_compaction_marker_accept_decline_and_replay ... ok
test acceptance_17_expired_winner_and_stale_loser_are_exactly_classified ... ok
test acceptance_20_lost_credential_recovery_is_terminal_and_preserves_identity ... ok
test acceptance_19_backpressure_wakes_once_but_acks_never_park ... ok
test acceptance_18_identity_ordinals_and_capacity_scope_precedence ... ok
test acceptance_22_old_enrollment_token_becomes_known_not_reminted ... ok
test acceptance_23_backpressure_progress_cycles_are_event_driven_and_nonmutating ... ok
test acceptance_21_reachable_joint_generation_sequence_boundary ... ok
test acceptance_24_pending_finalization_crash_recovery_is_atomic ... ok
test acceptance_25_configuration_matrix_and_generated_capacity_boundary ... ok

test result: ok. 25 passed; 0 failed; 0 ignored; 0 measured; 0 filtered out; finished in 0.00s

     Running tests/acceptance_26_44.rs (target/debug/deps/acceptance_26_44-055027f22b03efcf)

running 19 tests
test case_26_entry_sequence_equality_snapshot ... ok
test case_30_candidate_order_controls_marker_and_terminal_append_order ... ok
test case_35_atomic_detach_and_terminalized_replay_without_fabricated_epoch ... ok
test case_32_sdk_parking_and_static_record_size_boundaries ... ok
test case_33_observer_recovery_list_selector_and_sizes ... ok
test case_34_ack_and_marker_proof_selector ... ok
test case_31_sequence_exhaustion_is_atomic_in_both_arms ... ok
test case_36_attach_receipt_superseded_before_deadline ... ok
test case_27_reconnect_race_and_connection_capacity ... ok
test case_37_uniform_marker_plan_position_and_capacity_arithmetic ... ok
test case_29_post_leave_enrollment_and_credential_token_replay ... ok
test case_28_detach_replay_terminalization_and_leave_precedence ... ok
test case_38_delayed_ack_is_keyed_to_explicit_identity_and_generation ... ok
test case_39_total_unknown_stale_unbound_and_retired_precedence ... ok
test case_40_parking_renegotiation_selects_first_incompatible_dimension ... ok
test case_41_pending_detach_replay_and_progress_race ... ok
test case_42_binding_slot_handoff_and_incarnation_exhaustion ... ok
test case_43_reachable_park_and_transaction_order_exhaustion ... ok
test case_44_dcr_leave_fence_and_typed_cursor_release_suffix ... ok

test result: ok. 19 passed; 0 failed; 0 ignored; 0 measured; 0 filtered out; finished in 0.00s

     Running tests/acceptance_45_51.rs (target/debug/deps/acceptance_45_51-3ca6eb3d5951b7de)

running 9 tests
test acceptance_case_51_detached_attach_exhaustion_and_cursor_only_recovery_fence ... ok
test acceptance_case_46_flat_exit_claim_survives_detach_reattach_and_leave_fate_races ... ok
test acceptance_case_47_canonical_sequence_budgets_and_gap_free_boundary_histories ... ok
test acceptance_case_49_undelivered_marker_is_leave_only_and_never_fenced_recovery ... ok
test fenced_marker_source_retains_exact_frontier_facts_without_minting ... ok
test acceptance_case_48_marker_ack_and_fenced_recovery_converge_for_both_observer_orders ... ok
test acceptance_case_45_uniform_marker_episode_and_per_participant_occurrences ... ok
test attach_commit_splits_operational_state_and_one_noncloneable_fate_token ... ok
test acceptance_case_50_reconnect_permits_are_single_use_and_wait_inventory_is_total ... ok

test result: ok. 9 passed; 0 failed; 0 ignored; 0 measured; 0 filtered out; finished in 0.63s

     Running tests/acceptance_52_56.rs (target/debug/deps/acceptance_52_56-05329dc58d2e7929)

running 5 tests
test acceptance_case_52_one_shot_recovery_phase_latch_and_handshake_limits ... ok
test acceptance_case_53_verifier_precedence_receipt_provenance_and_terminalized_detach ... ok
test acceptance_case_56_sequence_equality_and_pcp_ordering_without_occurrence_array ... ok
test acceptance_case_54_multi_binding_shutdown_families_and_participant_scoped_progress ... ok
test acceptance_case_55_adjacent_and_intervening_positional_leave_crash_replay ... ok

test result: ok. 5 passed; 0 failed; 0 ignored; 0 measured; 0 filtered out; finished in 0.01s

     Running tests/algebra_fixtures.rs (target/debug/deps/algebra_fixtures-e48db5bea32868ea)

running 6 tests
test required_capacity_component_copies_have_exact_debts ... ok
test three_member_admission_walk_is_marker_credit_neutral ... ok
test multi_binding_debt_walk_respects_q_and_full_k ... ok
test byte_budget_walk_tests_every_removal_candidate ... ok
test byte_budget_recovery_and_leave_releases_restore_full_k ... ok
test startup_equality_checks_both_one_below_components ... ok

test result: ok. 6 passed; 0 failed; 0 ignored; 0 measured; 0 filtered out; finished in 0.00s

     Running tests/conversation_restore.rs (target/debug/deps/conversation_restore-e7670aa8e25936b3)

running 5 tests
test public_total_restore_refuses_cross_conversation_tombstones ... ok
test public_restore_cannot_conjure_binding_authority_without_a_producer_origin ... ok
test public_total_restore_refuses_frontier_participants_without_capsules ... ok
test public_total_restore_refuses_duplicate_participants ... ok
test public_total_restore_validates_a_settled_conversation ... ok

test result: ok. 5 passed; 0 failed; 0 ignored; 0 measured; 0 filtered out; finished in 0.00s

     Running tests/properties.rs (target/debug/deps/properties-8bb6bc6f401e282b)

running 4 tests
test crash_replay_of_storage_selectors_is_identical ... ok
test crash_replay_of_ack_transition_is_identical ... ok
test the_marker_clamp_lowers_and_the_installed_floor_stays_inside_its_interval ... ok
test ack_interleavings_are_serializable_and_monotone ... ok

test result: ok. 4 passed; 0 failed; 0 ignored; 0 measured; 0 filtered out; finished in 0.03s

     Running unittests src/lib.rs (target/debug/deps/liminal-9320e490015635e0)

running 346 tests
test causal::tests::generated_message_ids_are_unique ... ok
test causal::tests::root_context_has_no_parent ... ok
test causal::tests::child_context_carries_parent_reference ... ok
test channel::schema::tests::schema_is_clone_send_sync ... ok
test causal::tests::happened_before_follows_full_parent_chain ... ok
test causal::orderer::tests::orphan_drain_keeps_buffered_chain_in_causal_order ... ok
test causal::orderer::tests::buffers_child_until_parent_emits ... ok
test causal::orderer::tests::independent_messages_emit_immediately ... ok
test causal::orderer::tests::orphan_timeout_emits_with_warning_flag ... ok
test channel::subscription::inbox_bounding::charge_and_release_are_exact ... ok
test channel::subscription::inbox_bounding::close_releases_queued_charges_so_siblings_recover ... ok
test channel::subscription::inbox_bounding::close_is_idempotent_and_drains_the_queue ... ok
test channel::subscription::inbox_bounding::drop_backstop_releases_queued_charges ... ok
test channel::subscription::inbox_bounding::closed_inbox_refuses_without_charging ... ok
test channel::subscription::inbox_bounding::overflow_sheds_and_does_not_grow_memory ... ok
test channel::subscription::inbox_bounding::per_entry_charge_ownership_survives_budget_install ... ok
test channel::subscription::inbox_bounding::per_inbox_fairness_trip_stops_one_inbox_starving_siblings ... ok
test channel::subscription::inbox_bounding::shared_budget_is_spent_across_all_a_connections_inboxes ... ok
test channel::subscription::inbox_bounding::notifier_fires_for_every_admitted_envelope ... ok
test channel::subscription::inbox_bounding::notifier_install_onto_non_empty_inbox_fires_once ... ok
test channel::subscription::cooperative_smoke::real_subscriber_process_delivers_a_published_envelope_cooperatively ... ok
test channel::schema::tests::evolution_rejects_non_object_schema ... ok
test channel::schema::tests::explicit_schema_id_is_preserved ... ok
test channel::schema::tests::validates_payload_against_json_schema ... ok
test channel::schema::tests::evolution_adds_defaulted_field_and_changes_schema_id ... ok
test channel::tests::is_actor_spawned_is_true_once_an_operation_forces_the_actor ... ok
test channel::tests::is_actor_spawned_reports_an_idle_channel_without_spawning_it ... ok
test channel::tests::command_on_dead_actor_returns_promptly_not_after_timeout ... ok
test channel::tests::explicit_unsubscribe_removes_subscriber ... ok
test channel::tests::channel_restarts_after_crash_and_publish_succeeds ... ok
test channel::tests::evolved_schema_keeps_existing_subscriber_and_applies_default ... ok
test channel::tests::max_restarts_budget_bounds_restarts ... ok
test channel::tests::predicate_subscription_only_receives_matching_messages ... ok
test channel::tests::dropping_subscription_removes_subscriber_via_exit ... ok
test channel::wire::tests::magic_is_stable ... ok
test channel::wire::tests::rejects_a_truncated_frame ... ok
test channel::wire::tests::rejects_an_empty_frame ... ok
test channel::wire::tests::rejects_an_unknown_magic ... ok
test channel::wire::tests::round_trips_a_full_envelope ... ok
test channel::wire::tests::round_trips_an_envelope_without_causal_context ... ok
test conversation::actor::tests::abnormal_exit_racing_close_is_recorded_without_reopening_phase ... ok
test channel::tests::publish_valid_message_delivers_envelope ... ok
test channel::tests::publish_invalid_message_returns_schema_mismatch_without_delivery ... ok
test channel::tests::registry_creates_looks_up_lists_and_rejects_duplicates ... ok
test channel::tests::restarting_one_channel_does_not_disturb_another ... ok
test channel::tests::subscriber_death_detection_survives_restart ... ok
test channel::tests::restart_policy_never_is_configurable ... ok
test conversation::actor::tests::actor_is_spawned_linked_and_queryable ... ok
test channel::tests::separate_channels_are_independent_processes ... ok
test channel::tests::publish_after_close_is_rejected ... ok
test conversation::actor::tests::bare_actor_exit_removes_registrations_without_restart_or_close ... ok
test conversation::actor::tests::blocked_receive_is_released_by_finalize ... ok
test conversation::actor::tests::command_enqueued_after_finalize_is_rejected ... ok
test conversation::actor::tests::boot_records_death_that_occurred_while_actor_was_down_and_continues ... ok
test conversation::actor::tests::finalize_racing_respawn_leaves_no_processes_or_registrations ... ok
test conversation::actor::tests::finalized_conversation_refuses_all_operations_without_respawn ... ok
test conversation::actor::tests::closing_conversation_terminates_and_deregisters_participant ... ok
test conversation::actor::tests::boot_discovered_death_under_fail_policy_fails_conversation_honestly ... ok
test conversation::actor::tests::close_and_finalize_suppress_expected_watcher_exit ... ok
test conversation::actor::tests::parked_unlinked_watcher_wake_probes_and_self_terminates ... ok
test conversation::actor::tests::participant_death_arrives_as_trapped_exit_without_timeout ... ok
test conversation::actor::tests::spawn_rolls_back_when_actor_dies_between_watcher_arm_and_boot ... ok
test conversation::actor::tests::restart_after_recorded_participant_crash_prunes_dead_pid_without_duplicate ... ok
test conversation::actor::tests::external_watcher_kill_fails_and_finalizes_conversation ... ok
test conversation::actor::tests::supervisor_restarts_only_crashed_actor ... ok
test conversation::actor::tests::notify_on_already_dead_participant_fires_immediately ... ok
test conversation::actor::tests::handle_progresses_created_active_closed_lifecycle ... ok
test conversation::types::tests::child_conversation_references_parent_trace_context ... ok
test conversation::types::tests::conversation_handle_is_clone_send_sync ... ok
test conversation::types::tests::message_mapping_preserves_trace_context ... ok
test conversation::types::tests::messages_inherit_conversation_trace_context_automatically ... ok
test conversation::types::tests::starting_conversation_creates_named_span_with_fresh_trace_context ... ok
test durability::bridge::tests::block_on_fails_loudly_and_fast_on_always_pending_future ... ok
test durability::bridge::tests::block_on_returns_value_from_ready_future ... ok
test durability::conversation::tests::append_advances_sequence_and_conflict_is_not_retried ... ok
test durability::conversation::tests::event_serialization_round_trips_all_variants ... ok
test durability::conversation::tests::fully_processed_redelivery_is_no_op ... ok
test conversation::actor::tests::watcher_probe_reaps_already_dead_target_instead_of_parking ... ok
test conversation::actor::tests::watcher_is_linked_to_actor_after_open ... ok
test durability::conversation::tests::never_seen_delivery_appends_received_event_and_starts ... ok
test durability::conversation::tests::partial_redelivery_resumes_after_last_completed_step ... ok
test durability::conversation::tests::replaying_same_events_twice_produces_identical_state ... ok
test durability::cursor::tests::checkpoint_returns_regression_for_stale_or_backward_offsets ... ok
test durability::cursor::tests::checkpoint_uses_current_offset_key_and_updates_on_success ... ok
test durability::conversation::tests::state_default_is_empty_and_helpers_track_finished_and_steps ... ok
test durability::conversation::tests::recovery_replays_event_log_and_sets_expected_sequence ... ok
test durability::cursor::tests::driver_can_be_built_from_durability_config ... ok
test durability::cursor::tests::cursor_constructors_expose_partition_state_and_debug_clone ... ok
test durability::cursor::tests::per_batch_driver_waits_for_batch_size_then_resets ... ok
test durability::cursor::tests::explicit_flush_driver_checkpoints_only_on_flush ... ok
test durability::cursor::tests::per_message_driver_checkpoints_each_message_and_resets ... ok
test conversation::actor::tests::stale_watcher_exit_is_ignored_by_identity_check ... ok
test durability::cursor::tests::resume_reads_persisted_offset_without_writing ... ok
test durability::cursor::tests::resume_without_persisted_offset_starts_at_zero ... ok
test durability::dedup::tests::completing_completed_key_is_idempotent_only_for_matching_receipt ... ok
test durability::dedup::tests::complete_receipt_appends_completed_entry_with_receipt_timestamp ... ok
test durability::dedup::tests::completing_missing_key_returns_collision ... ok
test durability::dedup::tests::duplicate_completed_returns_receipt_without_append ... ok
test durability::dedup::tests::duplicate_inflight_returns_status_without_timestamp_refresh ... ok
test conversation::patterns::tests::ask_reports_participant_crash_before_reply ... ok
test durability::dedup::tests::entry_serialization_round_trips_required_fields ... ok
test durability::dedup::tests::key_hash_and_stream_key_are_deterministic ... ok
test durability::dedup::tests::release_claim_conflict_resolves_against_a_legitimate_reclaim ... ok
test durability::dedup::tests::release_claim_is_idempotent_across_double_release ... ok
test durability::dedup::tests::release_claim_never_clobbers_a_stored_receipt ... ok
test durability::dedup::tests::release_claim_on_absent_key_is_noop ... ok
test conversation::patterns::tests::ask_echo_round_trips_payload ... ok
test durability::dedup::tests::release_claim_tombstones_inflight_and_allows_reclaim ... ok
test durability::receipt::tests::receipt_debug_reports_length_not_contents ... ok
test durability::dedup::tests::sweep_keeps_receipt_younger_than_ttl_even_when_claim_is_old ... ok
test durability::receipt::tests::receipts_compare_by_bytes ... ok
test durability::dedup::tests::sweep_uses_scan_and_respects_ttl_grace ... ok
test conversation::patterns::tests::ask_returns_real_participant_reply ... ok
test durability::replay::tests::deserialize_orders_strictly_by_sequence_when_input_is_shuffled ... ok
test durability::replay::tests::replay_empty_partition_from_zero_returns_empty_without_error ... ok
test durability::replay::tests::replay_empty_range_returns_empty_without_error ... ok
test durability::replay::tests::replay_returns_messages_in_sequence_order_from_offset ... ok
test durability::replay::tests::replay_paginates_until_empty_even_when_pages_are_partial ... ok
test durability::recovery::tests::cursor_recovery_without_persisted_offset_starts_at_zero ... ok
test durability::recovery::tests::cursor_recovery_resumes_offset_and_replays_missed_messages ... ok
test durability::recovery::tests::conversation_recovery_replays_partial_and_finished_state ... ok
test durability::recovery::tests::channel_recovery_reconstructs_partition_sequences ... ok
test durability::store::ephemeral_lifecycle_tests::clean_drop_that_succeeds_logs_nothing ... ok
test durability::store::ephemeral_lifecycle_tests::guard_drops_store_before_removing_directory ... ok
test durability::store::ephemeral_lifecycle_tests::clean_drop_removal_failure_is_logged_and_never_panics ... ok
test conversation::actor::tests::repeated_open_close_pins_bounded_registries ... ok
test durability::store::ephemeral_lifecycle_tests::panic_path_leak_is_logged_with_its_path ... ok
test durability::store::ephemeral_lifecycle_tests::guard_leaks_directory_when_store_drop_panics ... ok
test durability::store::ephemeral_lifecycle_tests::ephemeral_open_failure_rolls_back_directory ... ok
test envelope::tests::envelope_assigns_unique_message_ids ... ok
test envelope::tests::envelope_carries_required_fields ... ok
test metrics::export::tests::escapes_label_values_and_sanitizes_label_names ... ok
test metrics::export::tests::render_prefixes_digit_leading_metric_and_label_names ... ok
test metrics::export::tests::renders_counter_with_type_help_labels_and_sanitized_name ... ok
test metrics::export::tests::renders_gauge_values_without_empty_label_blocks ... ok
test metrics::export::tests::renders_histogram_buckets_sum_and_count ... ok
test metrics::export::tests::renders_same_snapshot_identically ... ok
test metrics::export::tests::sanitizers_prefix_leading_digit_to_keep_first_char_valid ... ok
test pressure::capacity::tests::capacity_tracker_reports_underflow_errors_without_negative_counts ... ok
test pressure::capacity::tests::capacity_tracker_starts_empty_and_records_counts ... ok
test pressure::capacity::tests::consumer_capacity_constructs_with_public_fields_and_validates_positive_limits ... ok
test pressure::capacity::tests::pressure_root_re_exports_capacity_types ... ok
test pressure::capacity::tests::pressure_signal_accepts_available_in_flight_regardless_of_buffer_state ... ok
test pressure::capacity::tests::pressure_signal_accepts_when_in_flight_capacity_is_available ... ok
test pressure::capacity::tests::pressure_signal_defers_when_in_flight_full_and_buffer_has_capacity ... ok
test pressure::capacity::tests::pressure_signal_rejects_when_in_flight_and_buffer_limits_are_reached ... ok
test pressure::enforce::tests::custom_monitor_scores_are_enforced_without_manual_evaluate_call ... ok
test pressure::enforce::tests::enforcement_returns_no_actions_below_all_thresholds ... ok
test pressure::enforce::tests::enforcement_runs_as_part_of_each_monitor_update ... ok
test pressure::enforce::tests::policy_enforcement_emits_slow_producer_when_threshold_is_crossed ... ok
test pressure::enforce::tests::scale_consumer_policy_emits_scale_signal_with_channel_and_consumer_count ... ok
test pressure::monitor::tests::channel_pressure_aggregates_across_consumers ... ok
test pressure::monitor::tests::consumer_utilization_uses_current_and_max_in_flight ... ok
test pressure::monitor::tests::monitor_tracks_accept_defer_and_reject_counts_per_consumer ... ok
test pressure::monitor::tests::pressure_monitor_starts_without_tracked_consumers ... ok
test pressure::monitor::tests::pressure_scores_are_clamped_to_unit_range ... ok
test pressure::monitor::tests::scoring_function_is_configurable ... ok
test pressure::monitor::tests::signal_for_unregistered_consumer_does_not_create_ghost_or_dilute_pressure ... ok
test pressure::policy::tests::channel_policy_config_stores_policies_in_threshold_order ... ok
test pressure::policy::tests::policies_compose_in_escalation_sequence ... ok
test pressure::policy::tests::policy_action_defines_exact_pressure_actions ... ok
test pressure::policy::tests::pressure_policy_constructs_with_action_and_threshold ... ok
test pressure::policy::tests::pressure_root_re_exports_policy_types ... ok
test pressure::signal::tests::delivery_result_carries_signal_in_return_value ... ok
test pressure::signal::tests::pressure_root_re_exports_signal_result_types ... ok
test pressure::signal::tests::pressure_signal_defines_only_accept_defer_reject_semantics ... ok
test protocol::backpressure::tests::accept_decrements_outstanding_and_returns_to_normal ... ok
test protocol::backpressure::tests::accept_preserves_rejecting_when_still_beyond_buffer ... ok
test protocol::backpressure::tests::accept_with_zero_outstanding_returns_protocol_error ... ok
test protocol::backpressure::tests::payload_structs_carry_referenced_message_ids_and_reasons ... ok
test protocol::backpressure::tests::pressure_state_has_exact_required_variants ... ok
test protocol::backpressure::tests::public_backpressure_types_implement_debug ... ok
test protocol::backpressure::tests::stream_pressure_rejects_zero_capacity ... ok
test protocol::backpressure::tests::stream_pressure_transitions_to_deferred_at_max_in_flight ... ok
test protocol::backpressure::tests::stream_pressure_transitions_to_rejecting_beyond_buffer ... ok
test protocol::backpressure::tests::subscribe_capacity_can_create_stream_pressure ... ok
test protocol::causal::tests::causal_context_serialization_round_trips ... ok
test protocol::causal::tests::causal_context_trait_bounds_are_available ... ok
test protocol::causal::tests::constructors_create_expected_context_shapes ... ok
test protocol::causal::tests::extract_reads_causal_context_without_payload_parsing ... ok
test protocol::causal::tests::independent_context_serializes_as_absent_fields ... ok
test protocol::codec::tests::causal_context_extracts_from_publish_frame_envelope_bytes ... ok
test protocol::codec::tests::conversation_close_optional_reason_code_round_trips ... ok
test protocol::codec::tests::decode_handles_garbage_inputs_without_panicking ... ok
test protocol::codec::tests::decode_rejects_invalid_stream_without_panicking ... ok
test protocol::codec::tests::decode_short_header_returns_incomplete_header ... ok
test protocol::codec::tests::decode_truncated_payload_returns_truncated_payload ... ok
test protocol::codec::tests::decode_unknown_frame_type_returns_unknown_and_consumes_payload ... ok
test protocol::codec::tests::deliver_frame_round_trips_seq_and_envelope ... ok
test protocol::codec::tests::encode_writes_header_fields_in_wire_order ... ok
test protocol::codec::tests::message_frames_preserve_envelope_payload_bytes ... ok
test protocol::codec::tests::no_payload_frames_round_trip_as_header_only ... ok
test protocol::codec::tests::pressure_frames_preserve_referenced_message_ids_and_reasons ... ok
test protocol::codec::tests::publish_idempotency_key_is_additive_and_round_trips ... ok
test protocol::codec::tests::round_trips_all_named_frame_types ... ok
test protocol::codec::tests::subscription_schema_fields_round_trip_and_remain_accessible ... ok
test protocol::codec::tests::worker_register::worker_register_ack_invalid_status_byte_is_rejected ... ok
test protocol::codec::tests::worker_register::worker_register_ack_outcome_round_trips ... ok
test protocol::codec::tests::worker_register::worker_register_discriminants_are_additive_and_unknown_preserved ... ok
test protocol::codec::tests::worker_register::worker_register_frames_round_trip ... ok
test protocol::codec::tests::worker_register::worker_register_node_presence_distinguishes_none_from_empty ... ok
test protocol::codec::tests::worker_register_nonempty_census_round_trips_exactly ... ok
test protocol::codec::tests::worker_register_old_shape_decodes_to_empty_census ... ok
test protocol::envelope::tests::causal_context_is_extractable_from_envelope_bytes ... ok
test protocol::envelope::tests::constructor_sets_all_fields ... ok
test protocol::envelope::tests::empty_payload_round_trips ... ok
test protocol::envelope::tests::encoded_layout_starts_with_schema_id_and_big_endian_lengths ... ok
test protocol::envelope::tests::envelope_trait_bounds_are_available ... ok
test protocol::envelope::tests::identical_fields_produce_identical_bytes ... ok
test protocol::envelope::tests::schema_id_wraps_exactly_thirty_two_bytes ... ok
test protocol::envelope::tests::serialization_round_trips_losslessly ... ok
test protocol::frame::tests::constructors_validate_streams ... ok
test protocol::frame::tests::frame_type_discriminants_round_trip ... ok
test protocol::handshake::tests::connect_ack_constructor_builds_stream_zero_frame ... ok
test protocol::handshake::tests::connect_ack_constructor_rejects_non_zero_stream ... ok
test protocol::handshake::tests::connect_ack_frame_round_trips_through_codec ... ok
test protocol::handshake::tests::connect_constructor_builds_stream_zero_frame_with_opaque_token ... ok
test protocol::handshake::tests::connect_constructor_rejects_non_zero_stream ... ok
test protocol::handshake::tests::connect_error_constructor_rejects_non_zero_stream ... ok
test protocol::handshake::tests::connect_error_frame_uses_error_reason_code_and_message ... ok
test protocol::handshake::tests::connect_frame_round_trips_through_codec ... ok
test protocol::lifecycle::tests::active_accepts_subscribe ... ok
test protocol::lifecycle::tests::closed_accepts_nothing ... ok
test protocol::lifecycle::tests::connect_ack_transitions_authenticating_to_active ... ok
test protocol::lifecycle::tests::connect_transitions_to_authenticating ... ok
test protocol::lifecycle::tests::connecting_rejects_ping_with_state_and_frame_type ... ok
test protocol::lifecycle::tests::connecting_rejects_publish_with_state_and_frame_type ... ok
test protocol::lifecycle::tests::disconnect_ack_in_closing_transitions_to_closed ... ok
test protocol::lifecycle::tests::ping_generates_pong_response_on_stream_zero ... ok
test protocol::lifecycle::tests::ping_in_connecting_returns_invalid_state_transition ... ok
test protocol::lifecycle::tests::ping_on_stream_one_in_active_returns_invalid_stream ... ok
test protocol::lifecycle::tests::ping_on_stream_zero_in_active_is_valid ... ok
test protocol::lifecycle::tests::pong_frames_carry_no_payload_semantically ... ok
test protocol::multiplex::tests::allocator_never_recycles_ids ... ok
test protocol::multiplex::tests::client_allocator_errors_after_final_odd_stream_id ... ok
test protocol::multiplex::tests::client_allocator_produces_odd_ids ... ok
test protocol::multiplex::tests::duplicate_insert_returns_error_and_preserves_state ... ok
test protocol::multiplex::tests::insert_adds_stream_and_counts_it ... ok
test protocol::multiplex::tests::remove_deletes_stream_and_updates_count ... ok
test protocol::multiplex::tests::server_allocator_errors_after_final_even_stream_id ... ok
test protocol::multiplex::tests::server_allocator_produces_even_ids ... ok
test protocol::multiplex::tests::stream_id_trait_bounds_are_available ... ok
test protocol::multiplex::tests::stream_one_is_application_and_not_control ... ok
test protocol::multiplex::tests::stream_state_has_exact_required_variants ... ok
test protocol::multiplex::tests::stream_zero_is_control_and_not_application ... ok
test protocol::multiplex::tests::transition_on_missing_stream_returns_protocol_error ... ok
test protocol::multiplex::tests::transition_updates_existing_stream_state ... ok
test protocol::schema::tests::negotiation_accepts_empty_list_as_opt_out ... ok
test protocol::schema::tests::negotiation_reports_schema_incompatible_with_distinct_reason_code ... ok
test protocol::schema::tests::negotiation_requires_exact_schema_id_equality ... ok
test protocol::schema::tests::negotiation_selects_channel_schema_when_accepted ... ok
test protocol::schema::tests::schema_incompatible_error_builds_subscribe_error_frame ... ok
test protocol::version::tests::deserialize_rejects_wrong_length ... ok
test protocol::version::tests::negotiation_reports_version_mismatch ... ok
test protocol::version::tests::negotiation_selects_exact_single_version ... ok
test protocol::version::tests::negotiation_selects_highest_mutual_version ... ok
test protocol::version::tests::version_round_trips_through_wire_bytes ... ok
test protocol::version::tests::version_serializes_to_exactly_four_bytes ... ok
test protocol::version::tests::version_trait_bounds_are_available ... ok
test protocol::version::tests::versions_order_by_major_then_minor ... ok
test routing::compiler::tests::and_extracts_more_frequent_field_first_among_equal_cost_clauses ... ok
test routing::compiler::tests::and_places_existence_check_before_comparison ... ok
test routing::compiler::tests::compile_borrows_predicate_unchanged ... ok
test routing::compiler::tests::compiled_matches_direct_evaluation_for_all_combinations ... ok
test routing::compiler::tests::reordering_preserves_result_for_existence_and_comparison ... ok
test conversation::actor::tests::boot_wait_is_bounded_and_purges_the_queued_command ... ok
test conversation::patterns::tests::ask_times_out_when_participant_never_replies ... ok
test routing::dispatch::tests::consumer_crash_reroutes_to_backup_with_real_sub_millisecond_latency ... ok
test routing::dispatch::tests::empty_group_yields_no_consumer_available ... ok
test routing::dispatch::tests::no_remaining_consumer_after_crash_is_an_error ... ok
test routing::dispatch::tests::registration_helper_constructs_consumer_state ... ok
test routing::dispatch::tests::dispatch_links_to_selected_consumer_before_completion ... ok
test routing::evaluate::tests::and_short_circuits_at_first_false ... ok
test routing::evaluate::tests::comparison_returns_false_for_missing_field ... ok
test routing::evaluate::tests::empty_boolean_combinators_have_vacuous_values ... ok
test routing::evaluate::tests::exists_returns_false_for_missing_field ... ok
test routing::evaluate::tests::exists_returns_true_for_present_field ... ok
test routing::evaluate::tests::integer_greater_than_comparison_matches ... ok
test routing::evaluate::tests::integer_greater_than_comparison_rejects_lower_value ... ok
test routing::evaluate::tests::not_negates_child_predicate ... ok
test routing::evaluate::tests::or_short_circuits_at_first_true ... ok
test routing::evaluate::tests::range_includes_middle_and_bounds ... ok
test routing::evaluate::tests::range_rejects_missing_field ... ok
test routing::evaluate::tests::range_rejects_type_mismatch ... ok
test routing::evaluate::tests::range_rejects_value_below_lower_bound ... ok
test routing::function::execute::actor::cooperative_smoke::real_routing_actor_replies_to_a_cooperative_call_async ... ok
test routing::function::execute::tests::execution_returns_decision_using_consumer_state_view ... ok
test durability::store::ephemeral_lifecycle_tests::ephemeral_dir_survives_until_last_store_clone_drops ... ok
test routing::function::execute::tests::hot_deploy_does_not_interrupt_in_flight_and_swaps_next_version ... ok
test routing::function::execute::tests::message_fields_are_visible_to_routing_function ... ok
test durability::store::ephemeral_lifecycle_tests::ephemeral_dir_removed_after_last_handle_drops ... ok
test routing::function::execute::tests::panic_in_function_is_contained_and_other_channels_proceed ... ok
test routing::function::loader::tests::content_hash_is_stable_and_distinguishes_bytecode ... ok
test routing::function::loader::tests::load_returns_executable_function_keyed_by_content_hash ... ok
test routing::function::loader::tests::loading_same_content_hash_twice_does_not_duplicate ... ok
test routing::function::loader::tests::slot_deploy_swaps_active_function ... ok
test routing::group::tests::consumer_set_is_ordered_and_deduplicated ... ok
test routing::group::tests::new_group_has_routing_function_and_empty_consumer_set ... ok
test routing::group::tests::remove_consumer_affects_future_snapshots_only ... ok
test routing::predicate::tests::boolean_combinators_construct ... ok
test routing::predicate::tests::comparison_debug_round_trips_all_variants ... ok
test routing::predicate::tests::comparison_predicate_constructs ... ok
test routing::predicate::tests::empty_boolean_combinators_construct ... ok
test routing::predicate::tests::field_path_segments_are_borrowed_dot_parts ... ok
test routing::predicate::tests::range_and_exists_predicates_construct ... ok
test routing::predicate::tests::routing_root_re_exports_predicate_types ... ok
test routing::table::tests::multiple_subscriptions_on_channel_are_evaluated_independently ... ok
test routing::table::tests::new_table_is_empty ... ok
test routing::table::tests::register_does_not_block_active_resolve ... ok
test routing::table::tests::register_during_active_resolve_preserves_state ... ok
test routing::table::tests::remove_does_not_block_active_resolve ... ok
test routing::table::tests::removing_last_subscription_makes_channel_resolve_empty ... ok
test routing::table::tests::resolve_nonexistent_channel_returns_empty_set ... ok
test routing::table::tests::resolve_returns_empty_when_no_subscription_matches ... ok
test routing::table::tests::resolve_returns_matching_subscription ... ok
test routing::table::tests::routing_table_is_send_and_sync ... ok
test routing::table::tests::updater_completion_is_observed_before_resolve_release ... ok
test tracing::context::tests::child_preserves_trace_id_and_changes_span_id ... ok
test tracing::context::tests::from_ids_round_trips ... ok
test tracing::context::tests::invalid_traceparents_return_none ... ok
test tracing::context::tests::new_root_generates_non_zero_ids ... ok
test tracing::context::tests::roots_have_distinct_trace_ids ... ok
test tracing::context::tests::traceparent_round_trips ... ok
test tracing::logging::tests::builder_captures_active_trace_context_at_build_time ... ok
test tracing::logging::tests::builder_constructs_structured_entries ... ok
test tracing::logging::tests::builder_records_no_context_after_span_leaves_scope ... ok
test tracing::logging::tests::global_log_path_is_no_op_until_installed_then_emits_with_trace_context ... ok
test tracing::logging::tests::log_levels_are_ordered_by_severity ... ok
test tracing::logging::tests::minimum_level_filter_discards_lower_severity_entries ... ok
test tracing::logging::tests::noop_emitter_discards_entries ... ok
test tracing::logging::tests::public_logging_types_are_debug ... ok
test tracing::span::tests::conversation_span_creates_root_and_child_contexts ... ok
test tracing::span::tests::finished_span_is_clone_debug ... ok
test tracing::span::tests::noop_collector_discards_spans ... ok
test tracing::span::tests::span_finish_returns_finished_span ... ok
test tracing::span::tests::span_guard_sets_and_restores_current_context ... ok
test tracing::span::tests::span_start_is_now ... ok
test routing::function::execute::tests::repeated_panics_do_not_poison_the_shared_supervisor ... ok
test routing::dispatch::tests::dispatch_selects_consumer_via_routing_function ... ok
test durability::store::ephemeral_lifecycle_tests::rooted_ephemeral_store_lives_and_dies_under_the_given_root ... ok
test routing::function::execute::tests::function_exceeding_timeout_is_terminated_with_error ... ok
test routing::dispatch::tests::reroute_timing_spans_real_exit_to_reroute_via_event_path ... ok
test durability::store::ephemeral_lifecycle_tests::ephemeral_dir_persists_across_unrelated_work_then_goes_on_clean_drop ... ok
test durability::store::ephemeral_lifecycle_tests::repeated_ephemeral_cycles_each_own_distinct_dir_zero_residue ... ok
test durability::store::paged_read_shape_tests::a_bounded_read_never_scans_beyond_its_page ... ok
test durability::store::paged_read_shape_tests::page_size_never_changes_the_answer ... ok

test result: ok. 346 passed; 0 failed; 0 ignored; 0 measured; 0 filtered out; finished in 21.25s

     Running tests/channel_metrics.rs (target/debug/deps/channel_metrics-ef23b48fdae99a1a)

running 5 tests
test subscriber_count_tracks_active_subscribers ... ok
test delivery_latency_records_configured_histogram ... ok
test queue_depth_sets_absolute_value ... ok
test channel_metrics_is_clone_debug ... ok
test record_publish_counts_per_channel ... ok

test result: ok. 5 passed; 0 failed; 0 ignored; 0 measured; 0 filtered out; finished in 0.00s

     Running tests/conversation_metrics.rs (target/debug/deps/conversation_metrics-e540f1c171dbce33)

running 8 tests
test conversation_outcome_has_expected_variants ... ok
test terminal_failures_record_error_duration_and_end ... ok
test terminal_completed_records_completion_duration_and_end ... ok
test active_count_tracks_open_conversations ... ok
test conversation_metrics_is_clone_debug ... ok
test error_count_tracks_failed_terminal_events ... ok
test duration_records_seconds_into_configured_histogram ... ok
test completion_count_tracks_successful_terminal_events ... ok

test result: ok. 8 passed; 0 failed; 0 ignored; 0 measured; 0 filtered out; finished in 0.00s

     Running tests/durability_channel.rs (target/debug/deps/durability_channel-50534095f26d65fd)

running 6 tests
test partition_routing_uses_key_function_and_modulo ... ok
test ephemeral_channel_has_no_store_and_performs_no_store_operations ... ok
test durable_publish_propagates_sequence_conflict_without_retry ... ok
test message_envelope_round_trips_with_deterministic_bytes ... ok
test durable_publish_appends_serialized_envelope_before_returning_ok ... ok
test durable_channel_tracks_per_partition_next_sequences ... ok

test result: ok. 6 passed; 0 failed; 0 ignored; 0 measured; 0 filtered out; finished in 0.00s

     Running tests/durability_foundation.rs (target/debug/deps/durability_foundation-4404c200ac6d0f67)

running 7 tests
test durability_config_validates_fields_and_exposes_values ... ok
test durability_error_variants_carry_required_context_and_error_trait ... ok
test durable_store_trait_is_object_safe_and_has_expected_entry_shape ... ok
test cas_to_offset_zero_does_not_brick_a_cursor_that_later_advances ... ok
test haematite_store_delegates_append_read_scan_and_maps_sequence_conflict ... ok
test haematite_store_delegates_cas_and_maps_mismatch_to_cursor_regression ... ok
test haematite_store_point_read_returns_only_the_exact_physical_event ... ok

test result: ok. 7 passed; 0 failed; 0 ignored; 0 measured; 0 filtered out; finished in 0.39s

     Running tests/durability_real_persistence.rs (target/debug/deps/durability_real_persistence-24e76e50f682d8ec)

running 2 tests
test cursor_checkpoint_round_trip_against_the_real_engine ... ok
test durable_channel_messages_survive_a_real_on_disk_reopen ... ok

test result: ok. 2 passed; 0 failed; 0 ignored; 0 measured; 0 filtered out; finished in 0.28s

     Running tests/metrics_registry.rs (target/debug/deps/metrics_registry-4659cc8497267d77)

running 7 tests
test metrics_registry_is_clone_send_sync ... ok
test metrics_snapshot_is_owned_static_debug ... ok
test histogram_registration_rejects_more_than_fixed_bucket_limit ... ok
test counter_saturates_instead_of_wrapping ... ok
test duplicate_name_with_different_kind_returns_error ... ok
test snapshot_contains_owned_metric_values ... ok
test snapshot_tolerates_concurrent_writes ... ok

test result: ok. 7 passed; 0 failed; 0 ignored; 0 measured; 0 filtered out; finished in 0.00s

     Running tests/pressure_metrics.rs (target/debug/deps/pressure_metrics-0f20f3c5fe35b4bc)

running 9 tests
test delivery_outcome_has_exactly_three_variants ... ok
test record_delivery_outcome_accepted_is_noop ... ok
test record_defer_counts_per_channel ... ok
test record_delivery_outcome_deferred_increments_defer ... ok
test set_capacity_utilization_sets_gauge_per_consumer ... ok
test pressure_metrics_is_clone_debug ... ok
test record_reject_counts_per_channel ... ok
test set_capacity_utilization_does_not_clamp ... ok
test record_delivery_outcome_rejected_increments_reject ... ok

test result: ok. 9 passed; 0 failed; 0 ignored; 0 measured; 0 filtered out; finished in 0.00s

     Running unittests src/lib.rs (target/debug/deps/liminal_sdk-2d09e6ab4550e909)

running 82 tests
test connection::lifecycle::tests::externally_authorized_reconnect_has_no_delay_or_retry_counter ... ok
test connection::lifecycle::tests::disconnect_from_disconnected_is_rejected_without_mutation ... ok
test connection::lifecycle::tests::disconnected_to_connected_is_rejected ... ok
test connection::pool::tests::invalid_pool_size_is_rejected ... ok
test connection::lifecycle::tests::observers_receive_successful_transitions ... ok
test connection::lifecycle::tests::disconnect_from_connecting_is_observable ... ok
test connection::lifecycle::tests::disconnect_from_reconnecting_is_observable ... ok
test connection::pool::tests::multiple_subscriptions_share_configured_connections ... ok
test connection::pool::tests::subscriptions_are_distributed_across_connections ... ok
test connection::pool::tests::non_reconnect_transition_does_not_resume ... ok
test connection::pool::tests::unsubscribe_removes_assignment ... ok
test connection::pool::tests::pooled_recovery_builds_resume_requests_on_reconnect ... ok
test connection::recovery::tests::acknowledged_subscriptions_resume_after_last_sequence ... ok
test connection::recovery::tests::maximum_sequence_does_not_wrap_to_zero ... ok
test connection::recovery::tests::non_recovery_transition_builds_no_resume_requests ... ok
test connection::recovery::tests::reconnect_to_connected_transition_builds_resume_requests ... ok
test connection::recovery::tests::subscriptions_without_acknowledgement_resume_from_zero ... ok
test embedded::tests::embedded_config_does_not_require_server_address ... ok
test embedded::tests::embedded_subscribe_is_local_and_empty ... ok
test embedded::tests::embedded_publish_uses_direct_message_reference ... ok
test connection::recovery::tests::unsubscribe_clears_recovery_state ... ok
test remote::framing::tests::the_pump_window_is_shorter_than_the_reply_owed_deadline ... ok
test remote::framing::tests::the_response_deadline_outlives_a_single_receive_window ... ok
test remote::framing::tests::a_zero_budget_polls_without_arming_a_read ... ok
test remote::participant::tests::replay::a_bricked_handle_carries_its_typed_cause_on_the_state_unavailable_error ... ok
test remote::participant::tests::lpcr_round_trip_recovers_unissued_and_resolves_issued_testimony ... ok
test remote::participant::tests::replay::a_state_unavailable_reports_a_source_exactly_when_a_store_cause_was_retained ... ok
test remote::participant::tests::replay::a_storage_error_exposes_its_store_failure_as_a_typed_source ... ok
test remote::participant::tests::replay::a_store_originated_unavailability_names_its_typed_cause ... ok
test remote::participant::tests::nonmatching_attach_preserves_inflight_then_matching_attach_supersedes ... ok
test remote::participant::tests::committed_delivery_seq_reaches_the_record_admission_return_path ... ok
test remote::participant::tests::replay::failed_checkpoint_withholds_successor_authority ... ok
test remote::participant::tests::contract_c34_ack_values_cross_the_real_receive_path ... ok
test remote::participant::tests::replay::a_refused_detach_authority_checkpoints_and_restores_steerable ... ok
test remote::participant::tests::replay::durable_leave_from_real_receive_supersedes_inflight_detach ... ok
test remote::participant::tests::replay::in_progress_real_reconnect_restores_take_once_testimony ... ok
test remote::participant::tests::replay::issued_tokenless_restore_reports_durable_abandonment ... ok
test remote::participant::tests::restored_issued_reconnect_permit_resolves_take_once_testimony ... ok
test remote::participant::tests::replay::refused_detach_authority_never_destroys_live_participant_state ... ok
test remote::participant::tests::response_loss_reconnects_once_and_replays_exact_detach_token ... ok
test remote::participant::tests::replay::all_detach_terminal_arms_apply_and_survive_lpcr_restore ... ok
test remote::protocol::tests::publish_frame_uses_protocol_header ... ok
test remote::protocol::tests::subscribe_and_resume_use_distinct_frame_types ... ok
test remote::protocol::tests::subscription_connection_slot_zero_maps_to_application_stream_one ... ok
test remote::participant::tests::sent_is_not_receipt_real_receive_releases_exact_d1_slot ... ok
test remote::participant::tests::tokenless_restore_surfaces_durable_abandonment_for_rerecord ... ok
test remote::tcp::flush::tests::concurrent_drains_serialize_without_misattribution ... ok
test remote::tcp::flush::tests::rejections_surface_in_wire_order_verbatim ... ok
test remote::tcp::flush::tests::second_drain_covers_only_its_own_boundary ... ok
test remote::tcp::flush::tests::surplus_verdict_is_a_typed_mechanism_error ... ok
test remote::participant::tests::the_driver_re_presents_the_exact_retained_envelope ... ok
test remote::participant::tests::the_recovery_probe_is_a_first_act_with_no_timer_in_front_of_it ... ok
test remote::tcp::push_client::tests::a_supplied_setup_deadline_is_disarmed_before_the_reader_starts ... ok
test remote::tcp::push_client::tests::publish_frame_round_trips_through_codec ... ok
test remote::tcp::push_client::tests::push_client_source_has_no_retired_reader_poll_family ... ok
test remote::tcp::push_client::tests::pushed_frame_exposes_correlation_and_payload ... ok
test remote::tcp::push_client::tests::reply_frame_round_trips_through_codec ... ok
test remote::tcp::push_client::tests::the_push_reader_carries_no_read_window_in_steady_state ... ok
test remote::tcp::subscription::tests::deliver_frame_round_trips_through_codec ... ok
test remote::tcp::subscription::tests::delivered_message_exposes_seq_and_payload ... ok
test remote::tcp::flush::tests::budget_expiry_counts_unresolved_and_is_not_an_error ... ok
test remote::framing::tests::a_closed_receive_window_is_a_wait_not_a_lost_connection ... ok
test remote::tcp::subscription::tests::subscription_source_has_no_retired_reader_poll_family ... ok
test remote::tcp::subscription::tests::the_subscription_reader_carries_no_read_window_in_steady_state ... ok
test remote::tcp::tests::conversation_ids_are_stable ... ok
test remote::tcp::tests::publish_ack_maps_to_accept ... ok
test remote::tcp::tests::publish_error_maps_to_backpressure ... ok
test remote::tcp::tests::schema_ids_are_deterministic_and_distinct ... ok
test remote::tests::builder_switches_channel_mode_by_config ... ok
test remote::tests::remote_config_requires_server_address ... ok
test remote::tests::remote_handle_uses_lifecycle_and_recovery_on_reconnect ... ok
test remote::websocket::subscription::tests::the_named_setup_deadline_is_the_ratified_five_seconds ... ok
test remote::websocket::subscription::tests::websocket_subscription_source_has_no_retired_reader_poll_family ... ok
test remote::tcp::push_client::tests::a_supplied_setup_deadline_bounds_the_control_frame_reply ... ok
test remote::framing::tests::an_expired_response_deadline_names_the_timeout_and_never_the_errno ... ok
test remote::framing::tests::a_quiet_pump_read_reports_silence_within_the_callers_budget ... ok
test remote::tcp::push_client::tests::connect_survives_a_control_reply_slower_than_the_retired_poll_cadence ... ok
test remote::tcp::subscription::tests::open_preserves_deliveries_coalesced_with_the_subscribe_ack ... ok
test remote::tcp::subscription::tests::open_survives_control_replies_slower_than_the_retired_poll_cadence ... ok
test remote::tcp::push_client::tests::a_peer_that_never_answers_the_handshake_is_refused_at_the_named_deadline ... ok
test remote::framing::tests::a_pump_read_spends_the_callers_budget_not_one_receive_window ... ok
test remote::framing::tests::a_real_socket_survives_a_reply_slower_than_its_receive_window ... ok

test result: ok. 82 passed; 0 failed; 0 ignored; 0 measured; 0 filtered out; finished in 11.01s

     Running tests/conformance.rs (target/debug/deps/conformance-e2dcc9f5259e720e)

running 1 test
test rust_sdk_conformance_scenarios_match_shared_expectations ... ok

test result: ok. 1 passed; 0 failed; 0 ignored; 0 measured; 0 filtered out; finished in 0.00s

     Running tests/deployment_modes.rs (target/debug/deps/deployment_modes-0b4f6647d61b66b1)

running 1 test
test switching_between_embedded_and_remote_changes_only_config ... ok

test result: ok. 1 passed; 0 failed; 0 ignored; 0 measured; 0 filtered out; finished in 0.00s

     Running tests/push_flush.rs (target/debug/deps/push_flush-bbee1993e438ba1a)

running 5 tests
test close_with_live_clone_is_verdict_only_and_keeps_socket_open ... ok
test close_sole_owner_half_closes_and_discloses_mode ... ok
test flush_pairs_verdicts_fifo_and_excludes_observability ... ok
test unsolicited_publish_response_is_a_typed_mechanism_error ... ok
test budget_expiry_reports_unresolved_not_an_error ... ok

test result: ok. 5 passed; 0 failed; 0 ignored; 0 measured; 0 filtered out; finished in 5.00s

     Running tests/ws_authority_binding.rs (target/debug/deps/ws_authority_binding-a6707d043f161e30)

running 10 tests
test fate_injection_before_any_open_is_refused_unchanged ... ok
test explicit_connect_authorizes_exactly_one_open ... ok
test detach_in_flight_socket_loss_parks_replay_via_typed_fate ... ok
test detach_loss_without_in_flight_send_is_refused_unchanged ... ok
test established_loss_retains_permit_for_one_reconnect_open ... ok
test loss_during_open_in_progress_is_refused_unchanged ... ok
test loss_reported_while_parked_is_refused_unchanged ... ok
test open_failure_returns_parked_with_no_retry_authority ... ok
test stale_attempt_from_foreign_aggregate_is_refused_unchanged ... ok
test terminal_diagnostics_never_select_aggregate_transitions ... ok

test result: ok. 10 passed; 0 failed; 0 ignored; 0 measured; 0 filtered out; finished in 0.00s

     Running tests/ws_browser_mirror_trace.rs (target/debug/deps/ws_browser_mirror_trace-9e530862741da7e7)

running 13 tests
test abnormal_close_without_error_is_typed_transport_failure ... ok
test blob_message_is_refused_as_typed_transport_failure ... ok
test array_buffer_message_mirrors_to_binary_with_canonical_bytes ... ok
test clean_close_mirrors_to_closed_peer_fate ... ok
test browser_mirror_and_std_shapes_share_the_decision_trace ... ok
test commanded_close_echo_completes_through_mirror ... ok
test extension_free_open_mirrors_to_opened ... ok
test f3_browser_error_then_close_echo_stays_single_fate ... ok
test mirror_defers_frame_validation_to_core ... ok
test negotiated_extension_open_is_typed_failure_and_closes ... ok
test open_command_is_construction_not_a_runtime_action ... ok
test text_message_mirrors_to_the_cores_unsupported_text_failure ... ok
test unrecognized_message_data_is_refused_as_typed_transport_failure ... ok

test result: ok. 13 passed; 0 failed; 0 ignored; 0 measured; 0 filtered out; finished in 0.00s

     Running tests/ws_driver_trace.rs (target/debug/deps/ws_driver_trace-fa7405878bf256b5)

running 19 tests
test at_most_one_outstanding_correlated_exchange ... ok
test empty_message_is_typed_violation_and_closes ... ok
test deliver_frames_stay_unsolicited_even_mid_exchange ... ok
test correlated_response_resolves_single_outstanding_exchange ... ok
test declared_length_beyond_frame_bound_is_typed_violation ... ok
test every_post_terminal_event_is_a_typed_no_op ... ok
test f3_abnormal_loss_error_then_close_mints_exactly_one_fate ... ok
test f3_clean_close_mints_peer_closed_alone ... ok
test f3_commanded_close_echo_mints_close_completed_once ... ok
test non_deliver_frame_without_exchange_is_unsolicited_frame ... ok
test open_command_then_opened_reaches_established ... ok
test open_is_single_use_and_refused_after_first_command ... ok
test opened_without_open_command_is_typed_refusal ... ok
test send_refused_before_open_and_after_terminal ... ok
test std_and_fake_browser_adapters_share_one_trace ... ok
test text_message_socket_failure_is_typed_terminal ... ok
test trailing_bytes_and_concatenated_frames_are_typed_violations ... ok
test truncated_body_is_typed_violation ... ok
test truncated_header_is_typed_violation ... ok

test result: ok. 19 passed; 0 failed; 0 ignored; 0 measured; 0 filtered out; finished in 0.00s

     Running tests/ws_transport_parity.rs (target/debug/deps/ws_transport_parity-b8a8a16d5b79b464)

running 22 tests
test deliver_discriminant_matches_canonical_registry ... ok
test frame_bound_is_the_named_product_limit ... ok
test non_ws_scheme_is_typed_refusal ... ok
test auth_refusal_parity ... ok
test auth_success_parity ... ok
test malformed_message_parity ... ok
test delivered_ack_parity ... ok
test handle_traverses_trait_object_for_both_transports ... ok
test participant_send_receive_parity ... ok
test resume_parity ... ok
test publish_parity_with_cross_transport_byte_identity ... ok
test subscription_auth_parity ... ok
test subscription_auth_refusal_parity ... ok
test subscription_delivery_parity ... ok
test request_reply_parity ... ok
test f2_oversize_declared_message_fails_at_pinned_bound ... ok
test silent_send_parity ... ok
test participant_reconnect_provenance_parity ... ok
test server_close_parity ... ok
test ws_reconnect_traverses_typed_permit_path ... ok
test a_correlated_reply_slower_than_the_receive_window_survives_on_both_transports ... ok
test a_slow_participant_reply_survives_the_receive_window_on_both_transports ... ok

test result: ok. 22 passed; 0 failed; 0 ignored; 0 measured; 0 filtered out; finished in 11.01s

     Running unittests src/lib.rs (target/debug/deps/liminal_server-f77ec02bb63ba395)

running 767 tests
test cluster::discovery::tests::outcome_is_satisfied_when_no_seeds_or_some_connected ... ok
test cluster::membership::tests::delta_is_empty_by_default ... ok
test cluster::discovery::tests::resolver_learns_real_peer_names ... ok
test cluster::discovery::tests::seed_resolver_maps_each_seed_to_a_synthetic_label ... ok
test cluster::discovery::tests::as_resolver_coerces_to_shared_handle ... ok
test cluster::membership::tests::membership_source_has_no_retired_poll_family ... ok
test cluster::membership::tests::peer_names_resolve_through_the_atom_table ... ok
test cluster::membership::tests::empty_initial_view_yields_no_peers ... ok
test cluster::membership::tests::a_redundant_event_queues_no_effect ... ok
test cluster::sync::tests::remote_targets_empty_without_remote_members ... ok
test cluster::membership::tests::shutdown_wakes_a_consumer_with_nothing_pending ... ok
test cluster::sync::tests::remote_targets_reflect_applied_remote_joins ... ok
test cluster::membership::tests::queued_effects_are_lossless_and_report_their_depth ... ok
test cluster::sync::tests::unsubscribe_leaves_the_channel_pg_group ... ok
test config::env::tests::auth_token_override_creates_missing_auth_section ... ok
test cluster::sync::tests::subscribe_joins_the_channel_pg_group ... ok
test cluster::sync::tests::local_memberships_track_subscriptions_for_backfill ... ok
test config::env::tests::auth_token_override_replaces_existing_token ... ok
test config::env::tests::absent_environment_variables_leave_config_unchanged ... ok
test config::env::tests::cluster_listen_address_and_cookie_overrides_replace_values ... ok
test config::env::tests::cluster_listen_address_override_without_cluster_section_returns_validation_error ... ok
test config::env::tests::cluster_override_without_cluster_section_returns_validation_error ... ok
test config::env::tests::drain_timeout_override_replaces_file_value ... ok
test config::env::tests::health_listen_address_override_replaces_file_value ... ok
test cluster::membership::tests::a_late_arm_sees_a_live_peer_in_its_initial_view ... ok
test cluster::membership::tests::armed_membership_observes_a_join_without_sampling ... ok
test config::env::tests::cluster_overrides_replace_existing_cluster_values ... ok
test config::env::tests::invalid_health_listen_address_override_returns_config_load ... ok
test config::env::tests::invalid_drain_timeout_override_returns_config_load ... ok
test config::env::tests::invalid_listen_address_override_returns_config_load ... ok
test config::env::tests::listen_address_override_replaces_file_value ... ok
test config::env::tests::websocket_empty_origin_list_override_is_fail_closed ... ok
test config::env::tests::persistence_path_override_replaces_file_value ... ok
test config::env::tests::websocket_origin_list_with_empty_entry_is_refused ... ok
test config::env::tests::websocket_override_without_declared_section_is_refused ... ok
test config::env::tests::websocket_overrides_replace_declared_section_values ... ok
test cluster::membership::tests::join_leave_and_rejoin_are_observed_in_order ... ok
test config::validation::tests::absent_auth_section_passes_validation ... ok
test config::file::tests::missing_file_returns_config_load ... ok
test config::validation::tests::default_limits_pass_validation_and_carry_signed_numbers ... ok
test config::validation::tests::default_profile_is_full_and_passes_validation ... ok
test config::validation::tests::duplicate_channel_names_are_listed ... ok
test config::validation::tests::empty_auth_token_is_rejected ... ok
test config::file::tests::shipped_example_config_loads_through_the_real_loader ... ok
test config::validation::tests::invalid_health_listen_address_reports_field_name ... ok
test config::file::tests::absent_limits_section_resolves_the_shipped_delivery_defaults ... ok
test config::file::tests::malformed_toml_returns_config_load_with_parse_details ... ok
test config::file::tests::unknown_fields_return_config_load ... ok
test config::validation::tests::invalid_listen_address_reports_field_name ... ok
test config::validation::tests::matching_health_and_main_listen_addresses_are_rejected ... ok
test config::validation::tests::matching_health_and_main_listen_ports_are_rejected ... ok
test config::validation::tests::present_non_empty_auth_token_passes_validation ... ok
test config::validation::tests::provenance_ttl_shorter_than_receipt_is_a_typed_config_error ... ok
test config::validation::tests::invalid_json_schema_ref_reports_validation_error ... ok
test config::validation::tests::routing_rules_reference_configured_channels ... ok
test config::file::tests::valid_toml_parses_into_server_config ... ok
test config::env::tests::file_then_env_then_validate_pipeline_gives_env_precedence ... ok
test config::validation::tests::file_persistence_path_is_rejected ... ok
test config::validation::tests::undersized_wire_frame_limit_is_a_typed_config_error ... ok
test config::validation::tests::unknown_profile_is_a_validation_error ... ok
test config::validation::tests::valid_config_passes_validation ... ok
test config::validation::tests::valid_websocket_section_passes_validation ... ok
test config::validation::tests::websocket_absent_ping_interval_means_disabled_and_valid ... ok
test config::file::tests::operator_set_delivery_caps_survive_the_whole_load_pipeline ... ok
test config::validation::tests::websocket_duplicate_origin_is_a_typed_config_error ... ok
test config::validation::tests::websocket_address_conflicts_are_typed_config_errors ... ok
test config::validation::tests::unreachable_persistence_path_reports_path ... ok
test config::validation::tests::missing_schema_ref_file_reports_validation_error ... ok
test config::validation::tests::multiple_validation_errors_are_reported_together ... ok
test config::validation::tests::websocket_empty_origin_list_is_valid_fail_closed_configuration ... ok
test config::validation::tests::websocket_path_rules_are_typed_config_errors ... ok
test config::validation::tests::websocket_malformed_origin_entries_are_typed_config_errors ... ok
test config::validation::tests::websocket_zero_ping_interval_is_a_typed_config_error ... ok
test config::validation::tests::websocket_zero_port_is_a_typed_config_error ... ok
test config::validation::tests::worker_front_door_profile_with_empty_topology_passes ... ok
test config::validation::tests::worker_front_door_profile_rejects_channels_persistence_and_cluster ... ok
test config::validation::tests::worker_front_door_rejects_participant_section ... ok
test config::validation::tests::zero_drain_timeout_is_rejected ... ok
test health::checks::tests::health_check_is_always_healthy_liveness ... ok
test config::validation::tests::zero_limits_are_typed_config_errors ... ok
test health::checks::tests::readiness_ignores_cluster_membership_when_not_configured ... ok
test config::validation::tests::zero_participant_values_are_typed_config_errors ... ok
test health::checks::tests::readiness_is_ready_only_when_all_applicable_conditions_are_met ... ok
test health::checks::tests::readiness_reports_missing_config ... ok
test health::checks::tests::readiness_reports_missing_listener ... ok
test health::checks::tests::readiness_requires_cluster_membership_when_configured ... ok
test health::checks::tests::shared_readiness_state_snapshots_updates ... ok
test health::endpoint::tests::a_malformed_reissue_call_is_refused_and_never_reaches_the_authority ... ok
test health::endpoint::tests::health_accept_source_has_no_wouldblock_sleep_poll ... ok
test health::endpoint::tests::cluster_readiness_is_listed_when_configured_but_not_joined ... ok
test health::endpoint::tests::health_endpoint_returns_json_200_regardless_of_readiness ... ok
test health::endpoint::tests::ready_endpoint_returns_200_after_all_startup_gates ... ok
test health::endpoint::tests::clustered_ready_transitions_503_to_200_when_membership_established ... ok
test health::endpoint::tests::ready_endpoint_returns_503_before_main_listener_binds ... ok
test health::endpoint::tests::ready_endpoint_updates_from_shared_readiness_state ... ok
test health::endpoint::tests::the_reissue_route_answers_a_lookup_miss_with_not_found ... ok
test health::endpoint::tests::the_reissue_route_carries_the_three_inputs_and_returns_the_secret_once ... ok
test health::endpoint::tests::the_reissue_route_did_not_move_any_existing_routes_answer ... ok
test health::endpoint::tests::the_reissue_route_refuses_every_other_method ... ok
test health::endpoint::tests::the_reissue_route_reports_an_uninstalled_participant ... ok
test health::endpoint::tests::the_reissue_route_serves_the_normative_generation_pair ... ok
test health::endpoint::tests::unloadable_conversations_route_answers_the_operator_a_json_shape ... ok
test health::endpoint::tests::unsupported_methods_on_health_paths_are_rejected ... ok
test health::endpoint::tests::unsupported_paths_are_not_served ... ok
test health::metrics_route::tests::health_and_ready_are_unaffected_by_the_metrics_route ... ok
test health::metrics_route::tests::metrics_endpoint_serves_prometheus_text_with_200 ... ok
test health::metrics_route::tests::render_body_exposes_the_three_server_families_after_activity ... ok
test health::reissue::tests::an_installed_authority_answers_the_surface ... ok
test health::reissue::tests::an_uninstalled_surface_reports_that_no_participant_is_installed ... ok
test health::reissue::tests::hex_rendering_is_lowercase_and_fixed_width ... ok
test health::reissue::tests::the_generation_mismatch_refusal_serializes_both_generations ... ok
test health::unloadable::tests::an_installed_but_empty_record_is_a_different_zero ... ok
test health::unloadable::tests::an_uninstalled_surface_reports_that_it_is_looking_at_nothing ... ok
test config::validation::tests::valid_participant_section_passes_validation ... ok
test health::unloadable::tests::the_surface_follows_the_record_it_was_given ... ok
test metrics::tests::init_registers_the_three_server_families_on_the_global_registry ... ok
test health::endpoint::tests::shutdown_interrupts_in_flight_silent_request_read ... ok
test health::endpoint::tests::health_idle_grows_unrelated_counters_while_accept_stays_flat ... ok
test config::file::tests::websocket_section_parses_and_absent_section_stays_none ... ok
test server::connection::apply::tests::cap_refused_request_never_reaches_the_participant ... ok
test server::connection::apply::tests::connect_with_absent_token_against_gate_is_rejected_and_closed ... ok
test server::connection::apply::tests::connect_with_matching_token_is_accepted ... ok
test server::connection::apply::tests::connect_with_prefix_but_wrong_length_is_rejected ... ok
test server::connection::apply::tests::connect_with_wrong_token_is_rejected_and_closed ... ok
test server::connection::apply::tests::connect_without_configured_token_accepts_any_token ... ok
test server::connection::apply::tests::connection_cap_refused_request_never_reaches_the_participant ... ok
test server::connection::apply::tests::conversation_cap_refuses_past_the_limit_with_a_typed_error ... ok
test health::endpoint::tests::health_shutdown_interrupts_accept_wait ... ok
test server::connection::apply::tests::conversation_close_sweeps_pending_and_tombstone_entries ... ok
test server::connection::apply::tests::duplicate_open_of_a_live_conversation_is_refused ... ok
test server::connection::apply::tests::failed_forward_rolls_back_its_reservation ... ok
test config::validation::tests::valid_json_invalid_schema_ref_reports_validation_error ... ok
test config::validation::tests::absolute_schema_ref_is_loaded_and_parsed ... ok
test config::validation::tests::relative_schema_ref_resolves_against_base_dir ... ok
test server::connection::apply::tests::open_refusals_preserve_the_request_stream_id ... ok
test server::connection::apply::tests::participant_request_without_capability_responds_with_exact_rejection_then_closes ... ok
test server::connection::apply::tests::pressure_frames_are_auth_gated_when_token_configured ... ok
test server::connection::apply::tests::pressure_frames_remain_no_response_in_full_mode ... ok
test server::connection::apply::tests::publish_after_rejected_connect_is_still_closed ... ok
test server::connection::apply::tests::publish_after_successful_connect_is_honoured ... ok
test server::connection::apply::tests::publish_before_connect_against_gate_is_closed ... ok
test server::connection::apply::tests::publish_frame_delegates_to_liminal_services ... ok
test server::connection::apply::tests::publish_to_tapped_channel_bypasses_fan_out ... ok
test server::connection::apply::tests::publish_to_untapped_channel_still_fans_out ... ok
test server::connection::apply::tests::repeated_supported_connect_fails_closed_without_renegotiation ... ok
test server::connection::apply::tests::subscribe_and_unsubscribe_delegate_to_services ... ok
test server::connection::apply::tests::subscribe_and_worker_register_before_connect_are_closed ... ok
test server::connection::apply::tests::subscription_cap_refuses_past_the_limit_with_a_typed_error ... ok
test server::connection::apply::admission_tests::a_quiesced_channel_is_refused_with_its_own_code_and_carries_the_recorded_reason ... ok
test server::connection::apply::tests::unsupported_version_closes_without_publishing_handshake_state_or_application_work ... ok
test server::connection::apply::tests::worker_front_door_connect_keeps_participant_capability_disabled ... ok
test server::connection::apply::tests::worker_front_door_rejects_accept_pressure_frame_with_subscribe_error ... ok
test server::connection::apply::tests::worker_front_door_rejects_conversation_open_message_and_close ... ok
test server::connection::apply::tests::worker_front_door_rejects_defer_pressure_frame_with_subscribe_error ... ok
test server::connection::apply::tests::worker_front_door_rejects_ordinary_publish_with_publish_error ... ok
test server::connection::apply::tests::worker_front_door_rejects_reject_pressure_frame_with_subscribe_error ... ok
test server::connection::apply::tests::worker_front_door_rejects_subscribe_with_subscribe_error ... ok
test server::connection::apply::tests::worker_front_door_rejects_unsubscribe_with_subscribe_error ... ok
test server::connection::apply::tests::worker_front_door_serves_its_capabilities_across_rejections ... ok
test server::connection::apply::tests::worker_register_invokes_notifier_and_accepts ... ok
test server::connection::apply::tests::worker_register_rejection_surfaces_reason ... ok
test server::connection::apply::tests::worker_register_without_notifier_is_accepted ... ok
test server::connection::channel_registry::channel_registry_tests::access_refusals_carry_their_reserved_reason_codes ... ok
test server::connection::channel_registry::channel_registry_tests::already_registered_names_the_differing_field ... ok
test server::connection::channel_registry::channel_registry_tests::cap_refusals_name_the_config_key ... ok
test server::connection::channel_registry::channel_registry_tests::the_three_access_codes_are_mutually_distinct ... ok
test server::connection::delivery::tests::drains_in_order_with_monotonic_delivery_seq ... ok
test server::connection::delivery::tests::overflowed_subscription_is_shed_with_a_typed_error ... ok
test server::connection::delivery::tests::per_slice_budget_caps_deliveries ... ok
test server::connection::apply::admission_tests::a_healthy_channel_is_admitted_through_the_same_consultation ... ok
test server::connection::delivery::tests::shed_error_frame_defers_under_outbound_pressure ... ok
test server::connection::apply::tests::installed_participant_service_advertises_and_dispatches_with_exact_incarnation ... ok
test server::connection::apply::admission_tests::an_absent_channel_is_refused_with_the_roster_code_and_the_preserved_string ... ok
test server::connection::apply::tests::installed_participant_service_without_process_incarnation_fails_closed ... ok
test server::connection::apply::tests::installed_participant_wire_limit_reaches_negotiated_session ... ok
test server::connection::apply::admission_tests::an_admitted_operation_the_service_then_refuses_stays_undifferentiated ... ok
test server::connection::apply::tests::installed_participant_semantic_failure_closes_without_response ... ok
test server::connection::delivery::tests::pipelined_large_burst_is_delivered_without_teardown ... ok
test health::endpoint::tests::silent_health_listener_has_zero_application_wakes ... ok
test server::connection::apply::tests::the_stamped_mount_reaches_the_handler_context_and_no_frame_can_move_it ... ok
test server::connection::incarnation_tests::connection_ordinal_exhaustion_is_a_typed_admission_failure ... ok
test server::connection::incarnation_tests::ordinary_full_services_do_not_activate_participant_incarnations ... ok
test server::connection::incarnation_tests::startup_flush_failure_prevents_supervisor_construction ... ok
test server::connection::incarnation_tests::worker_front_door_does_not_activate_participant_incarnations ... ok
test server::connection::incarnation_tests::a_pre_durable_write_failure_leaves_admission_working ... ok
test server::connection::loopback::duplex_tests::a_blocked_client_write_learns_its_reader_vanished ... ok
test server::connection::incarnation_tests::a_refused_connection_is_told_why_before_the_socket_closes ... ok
test server::connection::incarnation_tests::supervisor_fsyncs_startup_before_listener_can_bind ... ok
test server::connection::loopback::duplex_tests::a_client_read_timeout_returns_bytes_that_arrive_inside_the_window ... ok
test server::connection::loopback::duplex_tests::a_full_ring_answers_would_block_and_never_zero ... ok
test server::connection::loopback::duplex_tests::a_nearly_full_ring_accepts_a_partial_write_without_desync ... ok
test server::connection::loopback::duplex_tests::a_sequence_larger_than_the_ring_round_trips_across_two_threads ... ok
test server::connection::loopback::duplex_tests::a_write_to_a_dropped_peer_reports_broken_pipe ... ok
test server::connection::loopback::duplex_tests::a_zero_capacity_request_is_floored_so_the_ring_can_progress ... ok
test server::connection::loopback::duplex_tests::either_drop_order_leaves_no_panic_and_no_deadlock ... ok
test server::connection::loopback::duplex_tests::inbound_pending_answers_bytes_silence_and_hangup ... ok
test server::connection::loopback::duplex_tests::reads_drain_to_end_of_file_after_the_peer_end_is_dropped ... ok
test server::connection::loopback::duplex_tests::the_server_end_serves_as_the_outbound_drain_sink ... ok
test server::connection::loopback::duplex_tests::the_waker_fires_once_per_empty_to_nonempty_transition ... ok
test server::connection::loopback::duplex_tests::the_waker_fires_when_the_client_end_is_dropped ... ok
test server::connection::loopback::duplex_tests::a_blocked_client_write_resumes_when_the_reader_frees_space ... ok
test server::connection::incarnation_tests::a_failed_recovery_of_a_torn_predecessor_fails_construction_rather_than_holding_admission ... ok
test server::connection::loopback::duplex_tests::a_blocked_client_write_gives_up_when_its_window_closes ... ok
test server::connection::loopback::duplex_tests::a_client_read_timeout_expires_without_bytes ... ok
test server::connection::incarnation_tests::accepted_connections_receive_distinct_durable_incarnations ... ok
test server::connection::loopback::process::tests::a_loopback_connect_with_a_wrong_token_is_refused_on_its_own_duplex ... ok
test server::connection::incarnation_tests::an_ambiguous_durable_write_holds_admission_and_then_recovers_by_reading ... ok
test server::connection::incarnation_tests::readiness_goes_false_while_admission_is_held_and_true_again_on_recovery ... ok
test server::connection::loopback::process::tests::a_loopback_connect_with_the_configured_token_is_acked_through_the_real_apply_frame_path ... ok
test server::connection::outbound::tests::byte_budget_reports_progress_with_residue ... ok
test server::connection::outbound::tests::drain_of_empty_buffer_is_ok ... ok
test server::connection::outbound::tests::enqueue_beyond_capacity_reports_overflow ... ok
test server::connection::outbound::tests::enqueue_then_drain_delivers_the_frame ... ok
test server::connection::outbound::tests::large_frame_survives_partial_writes ... ok
test server::connection::loopback::process::tests::a_loopback_connection_consumes_an_admission_slot_from_the_one_shared_pool ... ok
test server::connection::loopback::process::tests::a_loopback_connection_at_capacity_is_refused_exactly_like_a_socket_connect ... ok
test server::connection::loopback::process::tests::a_loopback_process_stamps_its_mount_before_any_inbound_byte_is_read ... ok
test server::connection::outbound::tests::would_block_with_residue_is_reported ... ok
test server::connection::loopback::process::tests::the_mount_on_the_record_is_the_door_that_admitted_the_connection ... ok
test server::connection::loopback::process::tests::dropping_the_client_end_tears_the_loopback_connection_down_and_deregisters_it ... ok
test server::connection::loopback::process::tests::the_registry_record_for_a_loopback_connection_carries_no_fd_and_tears_down_without_one ... ok
test server::connection::incarnation_tests::production_connection_fate_authority_opens_and_completes_with_signed_bound ... ok
test server::connection::participant_delivery::tests::held_fresh_encodes_share_the_exact_slice_budget_across_push_classes ... ok
test server::connection::participant_delivery::tests::held_cap::combined_held_heads_refuse_at_signed_cap_without_close_or_loss ... ok
test server::connection::participant_delivery::tests::observer_requeue::budget_requeue_keeps_newer_observer_wake ... ok
test server::connection::participant_delivery::tests::push_slice_budget_and_round_robin_are_exact ... ok
test server::connection::participant_delivery::tests::debt_refusal_and_pressure_holdback_remain_distinct ... ok
test server::connection::pending_reply::tests::cancel_all_drops_every_entry ... ok
test server::connection::pending_reply::tests::capacity_recovers_via_conversation_close ... ok
test server::connection::pending_reply::tests::capacity_recovers_via_late_reply_consume ... ok
test server::connection::pending_reply::tests::connection_cap_counts_pending_only_not_tombstones ... ok
test server::connection::pending_reply::tests::conversations_awaiting_reply_lists_only_pending_conversations ... ok
test server::connection::pending_reply::tests::expire_is_idempotent_across_slices ... ok
test server::connection::pending_reply::tests::multiple_pipelined_replies_on_one_conversation_match_fifo ... ok
test server::connection::pending_reply::tests::replies_are_correlated_per_conversation ... ok
test server::connection::pending_reply::tests::slow_actor_late_reply_never_matches_a_younger_entry ... ok
test server::connection::pending_reply::tests::timeout_then_late_reply_then_new_request ... ok
test server::connection::pending_reply::tests::wedged_conversation_refuses_while_siblings_proceed ... ok
test server::connection::process::teardown_tests::teardown_releases_conversations_through_finalize_not_close ... ok
test server::connection::process::terminal_tests::terminal_participant_rejection_drains_after_more_than_one_slice_budget ... ok
test server::connection::loopback::process::tests::a_parked_loopback_connection_is_woken_by_a_client_write_and_answers ... ok
test server::connection::participant_delivery::tests::slow_recipient_holds_only_its_head ... ok
test server::connection::refusal_tests::a_refused_tcp_client_reads_a_typed_frame_before_the_close ... ok
test server::connection::refusal_tests::a_refused_websocket_client_reads_a_typed_frame_and_a_close_with_reason ... ok
test server::connection::refusal_tests::each_refusal_class_is_distinguishable_on_the_wire ... ok
test server::connection::refusal_tests::every_close_reason_fits_in_a_control_frame ... ok
test server::connection::refusal_tests::the_saturation_refusal_classifies_from_its_own_server_error ... ok
test server::connection::services::durable_store_tests::build_connection_services_rejects_worker_profile_with_full_only_fields ... ok
test server::connection::participant_delivery::tests::tcp_and_websocket_publish_identical_participant_bytes ... ok
test server::connection::process::wake_tests::duplicate_ready_markers_are_harmless ... ok
test server::connection::participant_delivery::tests::oversize_is_config_corruption_not_pressure_policy ... ok
test server::connection::services::durable_store_tests::ephemeral_store_directory_is_owned_through_the_build_seam ... ok
test server::connection::services::durable_store_tests::full_only_constructors_reject_worker_profile ... ok
test server::connection::incarnation_tests::startup_completes_historical_opens_before_returning_authority ... ok
test server::connection::services::durable_store_tests::persistent_store_uses_configured_path_and_creates_no_temp_dir ... ok
test server::connection::services::durable_store_tests::worker_front_door_builds_no_store_and_no_temp_dir ... ok
test server::connection::process::wake_tests::idle_connection_slice_count_is_flat_across_soak ... ok
test server::connection::services::durable_store_tests::worker_profile_census_is_empty_and_full_profile_records_all_schedulers ... ok
test server::connection::services::services_registry_tests::a_rejected_schema_registers_nothing ... ok
test server::connection::services::services_registry_tests::probing_and_enumerating_never_spawn_an_actor ... ok
test server::connection::services::services_registry_tests::quiesce_admits_a_subscribe_that_read_active ... ok
test server::connection::services::services_registry_tests::quiesce_refuses_an_unregistered_name_and_the_probe_reports_it ... ok
test server::connection::participant_runtime_tests::supervisor_allocation_reaches_real_process_handler_as_exact_context ... ok
test server::connection::services::services_registry_tests::registered_idle_channels_spawn_no_actor ... ok
test server::connection::services::services_registry_tests::registering_over_a_boot_channel_never_flips_its_origin ... ok
test server::connection::services::services_registry_tests::registration_is_idempotent_only_for_an_identical_configuration ... ok
test server::connection::services::services_registry_tests::the_channel_cap_refuses_undeclared_and_reached ... ok
test server::connection::services_r5_tests::publish_without_subscriber_reports_not_delivered ... ok
test server::connection::services_r5_tests::persisted_durable_state_survives_fresh_services_over_same_store ... ok
test server::connection::services_schema::tests::loaded_schema_id_derives_from_loaded_bytes ... ok
test server::connection::services_schema::tests::raw_bytes_resolution_matches_the_channel_def_form ... ok
test server::connection::services_schema::tests::raw_bytes_resolution_refuses_bytes_that_are_not_json ... ok
test server::connection::services_schema::tests::schema_ids_are_deterministic_and_content_addressed ... ok
test server::connection::services_schema::tests::schema_less_channel_is_permissive_and_uses_empty_schema_id ... ok
test server::connection::participant_delivery::tests::w2_leg3::deferred_debt_does_not_self_requeue_or_create_debt_wakes ... ok
test server::connection::services::services_registry_tests::runtime_registered_channels_are_absent_after_restart ... ok
test server::connection::supervisor::tests::close_between_insert_and_confirm_publishes_nothing ... ok
test server::connection::supervisor::tests::close_racing_push_registration_never_strands_slot_or_cap ... ok
test server::connection::services_r5_tests::publish_failure_with_failing_release_returns_original_error ... ok
test server::connection::supervisor::tests::closing_connection_wakes_outstanding_push_awaiter_promptly ... ok
test server::connection::supervisor::tests::closing_one_connection_leaves_other_connections_push_intact ... ok
test server::connection::supervisor::tests::concurrent_enumeration_during_polling_does_not_change_outcome ... ok
test server::connection::supervisor::tests::closed_connection_releases_its_admission_slot ... ok
test server::connection::supervisor::tests::concurrent_spawns_at_the_limit_admit_exactly_one ... ok
test server::connection::services_r5_tests::shutdown_flush_persists_durable_channel_state_to_store ... ok
test server::connection::supervisor::tests::connection_cleanup_after_conversation_scheduler_shutdown_is_prompt ... ok
test server::connection::supervisor::tests::connection_churn_greater_than_worker_count_remains_bounded ... ok
test server::connection::supervisor::tests::connection_scheduler_inventory_has_one_readiness_poll_thread ... ok
test server::connection::supervisor::tests::control_consumed_before_failed_wake_reads_ok_then_disconnected ... ok
test server::connection::services_r5_tests::duplicate_idempotency_key_delivers_to_subscriber_exactly_once ... ok
test server::connection::supervisor::tests::crashing_one_connection_process_does_not_affect_others ... ok
test server::connection::services_r5_tests::durable_channel_recovers_sequence_across_restart_over_same_path ... ok
test server::connection::supervisor::tests::dropped_runtime_yields_disconnected_not_timeout ... ok
test server::connection::supervisor::tests::drain_completes_on_last_exit_delivered_by_w1b_fate ... ok
test server::connection::supervisor::fate_tests::post_open_fatal_stops_new_opens_and_admission_and_activates_normal_shutdown ... ok
test server::connection::supervisor::tests::drain_exit_between_predicate_and_park_is_not_lost ... ok
test server::connection::supervisor::fate_tests::complete_flush_failure_latches_fatal_and_activates_normal_shutdown ... ok
test server::connection::services_r5_tests::publish_failure_releases_claim_so_reclaim_is_delivered ... ok
test server::connection::participant_delivery::tests::w2_leg3::held_obligation_revalidates_binding_and_debt_before_offer ... ok
test server::connection::supervisor::tests::duplicate_pid_registration_is_refused_and_prior_record_survives ... ok
test server::connection::supervisor::tests::elapsed_receive_polls_are_benign_rearms ... ok
test server::connection::supervisor::tests::flush_durable_state_propagates_shutdown_flush ... ok
test server::connection::supervisor::tests::explicit_deadline_expires_slot_and_releases_cap ... ok
test server::connection::supervisor::tests::drain_deadline_fires_at_most_once_per_sequence ... ok
test server::connection::supervisor::tests::duration_max_deadline_is_refused_without_slot_leak ... ok
test server::connection::supervisor::tests::externally_terminated_connection_with_open_conversations_returns_to_baseline ... ok
test server::connection::supervisor::tests::force_close_sends_disconnect_and_removes_connection ... ok
test server::connection::supervisor::tests::mark_crashed_wakes_outstanding_push_awaiter_promptly ... ok
test server::connection::supervisor::tests::eof_hup_deregisters_readiness_and_closes_open_conversations ... ok
test server::connection::participant_delivery::tests::w2_leg3::connection_fate_drops_stale_head_and_replays_after_reconciled_cursor ... ok
test server::connection::supervisor::tests::from_config_worker_profile_builds_front_door_with_no_extra_schedulers ... ok
test server::connection::supervisor::tests::late_reply_after_expiry_is_a_harmless_noop ... ok
test server::connection::supervisor::tests::max_connections_refuses_past_the_cap ... ok
test server::connection::supervisor::tests::no_deadline_receive_never_blocks_on_registry_lock ... ok
test server::connection::supervisor::tests::poisoned_registry_still_reclaims_and_expires ... ok
test server::connection::supervisor::tests::poll_quantum_independence_yields_the_same_outcome ... ok
test server::connection::supervisor::tests::overdue_deadlined_receive_returns_expired_promptly ... ok
test server::connection::supervisor::tests::no_final_slice_exit_cannot_leak_admission_slot_across_idle ... ok
test server::connection::supervisor::tests::force_close_settle_uses_exit_notification_not_second_poll ... ok
test server::connection::supervisor::tests::fd_reuse_stale_token_deregister_after_reclamation_is_harmless_no_op ... ok
test server::connection::supervisor::tests::no_final_slice_exit_record_reclaimed_by_delivery_not_scan ... ok
test server::connection::supervisor::tests::last_drain_exit_simultaneous_with_deadline_resolves_one_winner ... ok
test server::connection::supervisor::tests::reclaim_reactor_holds_runtime_weak_so_it_releases_synchronously_at_drop ... ok
test server::connection::supervisor::tests::pre_wait_race_barrier_finds_data_arriving_after_arm ... ok
test server::connection::supervisor::tests::public_deadlined_push_expires_promptly_over_real_connection ... ok
test server::connection::supervisor::tests::reply_delivered_after_deadline_instant_beats_unobserved_expiry ... ok
test server::connection::supervisor::tests::resolved_push_then_close_is_a_noop_with_no_double_send ... ok
test server::connection::supervisor::tests::readable_ping_produces_one_pong_then_reparks ... ok
test server::connection::supervisor::tests::public_deadlined_push_reply_after_deadline_instant_still_wins ... ok
test server::connection::supervisor::tests::quiet_drain_wakes_only_for_exit_or_single_deadline ... ok
test server::connection::supervisor::tests::same_deadlined_schedule_yields_same_outcome_for_any_quantum ... ok
test server::connection::supervisor::tests::reply_availability_wakes_a_parked_connection ... ok
test server::connection::supervisor::tests::registered_connection_exit_reaches_supervisor_cleanup_by_delivery_not_reap ... ok
test server::connection::websocket::handshake_tests::duplicate_origin_headers_are_refused ... ok
test server::connection::websocket::handshake_tests::f6_empty_allow_list_refuses_origin_bearing_upgrades_only ... ok
test server::connection::websocket::handshake_tests::f6_listed_origin_passes ... ok
test server::connection::websocket::handshake_tests::f6_null_opaque_origin_is_refused_unless_listed ... ok
test server::connection::websocket::handshake_tests::f6_unlisted_origin_receives_typed_refusal ... ok
test server::connection::websocket::handshake_tests::offered_subprotocol_is_refused ... ok
test server::connection::websocket::handshake_tests::query_on_the_exact_path_is_refused ... ok
test server::connection::websocket::handshake_tests::refusal_statuses_are_fixed_and_non_success ... ok
test server::connection::websocket::handshake_tests::wrong_path_is_refused_with_not_found ... ok
test server::connection::supervisor::tests::resolver_winning_the_expiry_race_delivers_the_reply ... ok
test server::connection::supervisor::tests::receive_poll_quantum_never_changes_protocol_outcome ... ok
test server::connection::supervisor::tests::spawning_connections_creates_distinct_beamr_processes ... ok
test server::connection::websocket::listener::tests::stop_accepting_refuses_new_sockets ... ok
test server::connection::websocket::listener::tests::websocket_listener_source_has_no_accept_backoff_or_handshake_reap_poll ... ok
test server::connection::websocket::outbound::tests::default_capacity_matches_the_shared_outbound_bound ... ok
test server::connection::websocket::outbound::tests::drain_delivers_each_frame_as_one_byte_exact_binary_message ... ok
test server::connection::websocket::outbound::tests::has_room_accounts_for_queued_bytes ... ok
test server::connection::websocket::outbound::tests::one_enqueued_frame_becomes_one_canonical_message ... ok
test server::connection::websocket::outbound::tests::overflow_is_a_typed_fatal_error ... ok
test server::connection::websocket::listener::tests::websocket_bind_conflict_returns_typed_listener_bind ... ok
test server::connection::supervisor::tests::shutdown_control_wakes_a_parked_subscriber_without_closing_it ... ok
test server::connection::websocket::listener::tests::websocket_listener_binds_to_configured_address ... ok
test server::connection::websocket::process::tests::the_websocket_door_stamps_its_own_mount_on_the_connection_state ... ok
test server::connection::websocket::process::tests::ws_apply_binary_disconnect_closes ... ok
test server::connection::websocket::process::tests::ws_decode_accepts_exact_ten_byte_control_frame ... ok
test server::connection::websocket::process::tests::ws_decode_refuses_declared_body_short_by_one ... ok
test server::connection::websocket::process::tests::ws_decode_refuses_empty_message ... ok
test server::connection::websocket::process::tests::ws_decode_refuses_nine_byte_header ... ok
test server::connection::websocket::process::tests::ws_decode_refuses_trailing_byte ... ok
test server::connection::websocket::process::tests::ws_decode_refuses_two_concatenated_frames ... ok
test server::connection::websocket::process::tests::ws_decode_round_trips_every_frame_category_byte_exact ... ok
test server::connection::websocket::process::tests::ws_apply_binary_refuses_trailing_bytes_as_typed_error ... ok
test server::connection::worker_front_door::tests::construction_is_infallible_and_starts_no_scheduler ... ok
test server::connection::websocket::process::tests::ws_apply_binary_refuses_truncated_body_as_typed_error ... ok
test server::connection::supervisor::tests::server_push_control_wakes_a_parked_process_and_reparks ... ok
test server::connection::websocket::process::tests::ws_apply_binary_runs_the_shared_apply_frame_seam ... ok
test server::listener::tests::fd_exhaustion_sheds_loudly_and_recovers_without_spin ... ok
test server::connection::websocket::supervisor::tests::handshake_worker_completion_delivered_not_reap_scanned ... ok
test server::listener::tests::binding_in_use_port_returns_listener_bind ... ok
test server::listener::tests::accepted_socket_racing_shutdown_is_supervised_or_shed_never_slept ... ok
test server::listener::tests::main_listener_source_has_no_accept_backoff_or_reap_poll ... ok
test server::listener::tests::resource_exhaustion_accept_error_is_transient ... ok
test server::listener::tests::listener_binds_to_configured_address ... ok
test server::listener::tests::accepts_multiple_simultaneous_connections ... ok
test server::connection::websocket::listener::tests::silent_websocket_listener_has_zero_application_wakes ... ok
test server::listener::tests::listener_idle_grows_unrelated_reactor_slices_while_accept_counters_stay_flat ... ok
test server::listener::tests::listener_shutdown_interrupts_accept_wait_without_backoff ... ok
test server::listener::tests::stop_accepting_refuses_new_connections ... ok
test server::participant::aggregate_registry_tests::flush_ambiguous_owner_remains_quarantined_until_a_successful_barrier ... ok
test server::participant::aggregate_registry_tests::concurrent_cold_open_creates_one_cell_and_one_genesis_append ... ok
test server::participant::aggregate_registry_tests::append_conflict_quarantines_then_cold_replays_without_retry ... ok
test server::participant::aggregate_registry_tests::consume_replace_returns_the_same_noncloneable_owner_to_the_registry ... ok
test server::participant::aggregate_registry_tests::process_crash_discards_unflushed_visible_state_before_cold_reopen ... ok
test server::participant::aggregate_registry_tests::recovery_barrier_cold_replays_an_append_hidden_until_flush ... ok
test server::listener::tests::silent_main_listener_has_zero_application_wakes ... ok
test server::participant::aggregate_registry_tests::idle_release_drops_cell_and_later_cold_reopens_without_new_genesis ... ok
test server::participant::aggregate_registry_tests::existing_stream_cold_opens_without_appending ... ok
test server::participant::aggregate_registry_tests::release_refuses_held_operation_then_succeeds_after_operation_exits ... ok
test server::participant::aggregate_registry_tests::malformed_cold_history_returns_error_without_invoking_handler ... ok
test server::participant::aggregate_registry_tests::rejected_append_is_quarantined_and_resumed_only_by_later_explicit_call ... ok
test server::participant::aggregate_tests::append_conflict_aborts_speculation_and_cold_reloads_competing_commit ... ok
test server::participant::aggregate_registry_tests::mismatched_replacement_is_dropped_and_original_cell_cold_reopens ... ok
test server::participant::aggregate_registry_tests::same_conversation_operations_are_exclusive_but_other_conversations_progress ... ok
test server::participant::aggregate_tests::rejected_append_cannot_publish_speculative_protocol_state ... ok
test server::participant::aggregate_tests::flush_failure_aborts_speculation_and_reloads_appended_durable_reality ... ok
test server::participant::aggregate_tests::cold_reopen_replays_exact_event_and_never_appends_second_genesis ... ok
test server::connection::supervisor::tests::drain_idle_grows_unrelated_slices_while_drain_counters_stay_flat ... ok
test server::participant::conversation_stream_tests::append_rejects_unrepresentable_next_sequence_before_storage ... ok
test server::participant::aggregate_tests::malformed_canonical_event_fails_cold_load_before_state_use ... ok
test server::participant::aggregate_tests::stored_sequence_must_equal_canonical_event_ordinal ... ok
test server::participant::conversation_stream_tests::optimistic_conflict_is_returned_without_retry ... ok
test server::participant::dispatch_impact_tests::empty_accumulator_is_unchanged ... ok
test server::participant::dispatch_impact_tests::repeated_and_prefix_effects_union_without_precedence ... ok
test server::participant::dispatch_impact_tests::truthful_effect_with_no_current_target_remains_changed ... ok
test server::participant::dispatch_tests::decoded_request_reaches_handler_and_crate_value_is_framed ... ok
test server::participant::dispatch_tests::every_registered_client_request_reaches_the_same_semantic_seam ... ok
test server::participant::dispatch_tests::gate_rejection_never_calls_semantics ... ok
test server::participant::dispatch_tests::semantic_failure_is_fatal_and_has_no_wire_value ... ok
test server::participant::dispatch_tests::unrelated_generic_frame_bypasses_handler ... ok
test server::connection::supervisor::tests::err_from_public_push_publishes_nothing_after_close ... ok
test server::participant::conversation_stream_tests::pages_are_contiguous_bounded_and_end_on_empty ... ok
test server::participant::detach_repository_tests::failed_first_flush_never_publishes_enrollment_outcome ... ok
test server::participant::crash_repository_tests::pending_crash_replays_private_pending_authority_without_a_terminal_history_entry ... ok
test server::participant::incarnation_stream_tests::allocate_before_first_startup_is_rejected_as_corrupt_history ... ok
test server::participant::detach_repository_tests::cold_reopen_replays_terminalized_detach_with_old_epoch ... ok
test server::connection::supervisor::tests::s8_failed_wake_in_reclamation_window_publishes_nothing_then_funnel_completes ... ok
test server::participant::incarnation_stream_tests::connection_fate_open_codec_refuses_noncanonical_or_overbound_conversations ... ok
test server::participant::incarnation_stream_tests::event_codec_pins_exact_startup_and_allocate_bytes ... ok
test server::participant::incarnation_stream_tests::allocate_count_must_select_exact_fixed_width_suffix ... ok
test server::participant::incarnation_stream_tests::configured_reference_bound_refuses_before_any_append ... ok
test server::participant::cursor_repository_tests::two_participants_ack_same_retained_suffix_and_survive_cold_reopen ... ok
test server::participant::incarnation_stream_tests::cold_start_replays_each_historical_allocation_under_its_stored_bound ... ok
test server::participant::incarnation_stream_tests::max_server_incarnation_refuses_live_startup_without_append ... ok
test server::participant::incarnation_stream_tests::cold_replay_treats_only_an_empty_short_page_as_end_of_stream ... ok
test server::participant::incarnation_stream_tests::max_ordinal_event_replays_then_exhaustion_emits_no_extra_event ... ok
test server::participant::crash_repository_tests::all_crash_causes_survive_a_cold_database_reopen ... ok
test server::participant::incarnation_stream_tests::connection_fate_intent_rows_pin_exact_v2_bytes_and_frozen_v1_decode ... ok
test server::participant::incarnation_stream_tests::old_scalar_header_and_regression_are_not_representable ... ok
test server::participant::incarnation_stream_tests::referenced_max_collision_event_replays_terminal_exhaustion ... ok
test server::participant::incarnation_stream_tests::stored_allocate_after_terminal_exhaustion_is_corrupt ... ok
test server::participant::incarnation_stream_tests::stored_startup_after_server_exhaustion_is_corrupt ... ok
test server::participant::incarnation_stream_tests::stored_declared_reference_bound_is_checked_before_reference_allocation ... ok
test server::participant::incarnation_stream_tests::startup_allocations_cold_replay_preserves_header_and_next_pair ... ok
test server::participant::incarnation_stream_tests::second_startup_replays_history_and_resets_ordinal_namespace ... ok
test server::participant::incarnation_stream_tests::malformed_event_codec_is_rejected_before_protocol_replay ... ok
test server::connection::supervisor::tests::pending_reply_deadline_is_the_only_wake_under_zero_traffic ... ok
test server::participant::incarnation_stream_tests::historical_open_generation_bound_survives_limit_reduction_and_refuses_overbound_history ... ok
test server::participant::production::e2e_cold_tests::restart_between_delivery_and_ack_accepts ... ok
test server::participant::production::e2e_tests::amplify_leave_regression_response_push_interleave ... ok
test server::participant::production::e2e_cold_tests::records_and_leave_survive_real_socket_cold_reopen ... ok
test server::participant::production::e2e_leave_regression::leave_after_detach_reattach_supersession_discharges_unacked_obligation_and_reopens ... ok
test server::participant::production::e2e_terminal_drain::live_socket_publish_drains_pending_terminal_then_unclean_restart_serves ... ok
test server::participant::production::e2e_tests::ack_after_reattach_before_replay_accepts_after_reconciliation ... ok
test server::participant::production::e2e_tests::e2e_p195_orphan_recovery::a_client_killed_mid_attach_cannot_re_attach_from_its_retained_credential ... ok
test server::participant::production::e2e_tests::e2e_p195_orphan_recovery::a_healed_client_round_trips_through_one_more_restart ... ok
test server::participant::production::e2e_leave_commit_boundary::leave_discharge_replays_deterministically_across_the_commit_boundary ... ok
test server::participant::production::e2e_tests::e2e_p195_orphan_recovery::a_lost_credential_attach_heals_from_the_servers_receipt_replay ... ok
test server::participant::production::e2e_tests::e2e_p195_orphan_recovery::the_driver_leaves_a_detachs_testimony_untouched ... ok
test server::participant::production::e2e_tests::e2e_p195_orphan_recovery::a_stale_or_unknown_receipt_surfaces_the_same_terminal_without_a_commit_claim ... ok
test server::participant::production::e2e_tests::e2e_p195_orphan_recovery::a_never_committed_credential_attach_commits_fresh_on_re_presentation ... ok
test server::participant::production::e2e_tests::e2e_p195_orphan_recovery::an_expired_receipt_surfaces_the_typed_reissue_terminal ... ok
test server::participant::production::e2e_tests::full_lifecycle_e2e_over_real_socket_replays_old_epoch ... ok
test server::participant::production::e2e_terminal_drain_detached::live_socket_publish_drains_pending_detached_then_victim_resumes_and_restart_serves ... ok
test server::participant::production::tests::connection_fate_intent_incomplete_latches_first_fatal_before_semantic_or_publication_entry ... ok
test server::participant::production::e2e_tests::tests_w2_leg3_idle::obligation_debt_dispatch_idle_has_zero_debt_attributable_work ... ok
test server::participant::production::tests::marker_ack_refuses_through_crate_selector ... ok
test server::participant::production::e2e_tests::tests_loopback_idle::a_parked_loopback_connection_costs_no_slices_while_another_one_works ... ok
test server::participant::production::tests::observer_recovery_classifies_exact_rows_over_durable_tracking ... ok
test server::participant::production::e2e_tests::tests_endpoint_ack::endpoint_with_no_committed_obligation_refuses ... ok
test server::participant::production::e2e_tests::parked_tcp_and_websocket_processes_wake_on_outbox_without_polling ... ok
test server::participant::production::e2e_leave_regression::leave_discharges_the_left_identitys_obligations_and_bounds_live_payload ... ok
test server::participant::production::tests::terminalized_detach_cold_reopen_carries_old_epoch_through_dispatch ... ok
test server::participant::production::e2e_tests::e2e_sdk_tests::terminal_answer_precedes_independent_push_work ... ok
test server::participant::production::tests::two_participant_same_suffix_acks_and_regression_refusal_survive_cold_reopen ... ok
test server::participant::production::tests_14_attach_presentation::live_path_stale_generation_is_answered_by_lookup_with_the_current_generation ... ok
test server::participant::production::tests_14_attach_presentation::attach_against_pending_finalization_must_not_answer_with_silence ... ok
test server::participant::production::tests_14_attach_presentation::the_pending_finalization_refusal_carries_the_observer_backpressure_row ... ok
test server::participant::production::e2e_cold_all_shapes::cold_reopen_reconciles_and_replays_all_record_shapes ... ok
test server::participant::production::tests_14_attach_presentation::the_presented_refusal_commits_nothing_and_leaves_a_usable_authority ... ok
test server::participant::production::tests_a4_body_conflict::a4_cross_participant_collision_is_not_observable_in_response_time ... ignored, latency measurement for §0.15 obligation 2; run explicitly with --ignored
test server::participant::production::tests_a4_body_conflict::a4_presenter_scoped_versus_wide_lookup_latency ... ignored, latency measurement for §0.15 obligation 2; run explicitly with --ignored
test server::participant::production::tests_37_observed_provenance::r_c0_token_phase_classification_is_unchanged_by_observed_provenance_retention ... ok
test server::participant::production::tests_14_attach_presentation::stale_generation_attach_is_already_refused_with_a_frame ... ok
test server::participant::production::tests_12_attach_marker_census::a_cold_replay_answers_the_marker_bearing_attach_identically ... ok
test server::participant::production::tests_37_observed_provenance::the_just_minted_attach_receipt_holds_no_provenance_slot ... ok
test server::participant::production::tests_12_attach_marker_census::the_attach_marker_proof_state_reports_the_retained_marker_at_the_cursor ... ok
test server::participant::production::tests_12_attach_marker_census::the_truthful_flag_cannot_change_the_credential_attach_outcome ... ok
test server::participant::production::tests_a4_body_conflict::identical_bytes_re_present_still_dedups_after_the_conflict_arm ... ok
test server::participant::production::tests_a4_body_conflict::a_stale_presenter_is_answered_by_authority_never_by_the_token_arm ... ok
test server::participant::production::tests_37_observed_provenance::unproven_receipts_occupy_no_provenance_slot_and_proof_promotes_exactly_one ... ok
test server::participant::production::tests_a4_body_conflict::same_participant_same_token_different_body_refuses_and_commits_nothing ... ok
test server::participant::production::tests_a4_body_conflict::a_cross_participant_token_hit_still_commits_with_no_refusal ... ok
test server::participant::production::tests_a5_settlement::the_settlement_registry_wakes_only_the_refused_connection ... ok
test server::participant::production::tests_a5_settlement::a_detach_inside_the_settlement_window_hears_the_labelled_row ... ok
test server::participant::production::tests_a5_settlement::a_presented_settlement_refusal_restores_every_consumed_authority ... ok
test server::participant::production::tests_a5_settlement::a_settlement_refusal_returns_the_position_allocators_in_step_with_the_frontier ... ok
test server::participant::production::tests_a5_settlement::a_subsequent_enrollment_inside_the_window_hears_the_unlabelled_row ... ok
test server::participant::production::tests_a5_settlement::an_attach_inside_the_settlement_window_hears_the_labelled_row ... ok
test server::participant::production::tests_a7_operator_reissue::a_live_binding_refuses_with_no_state_delta ... ok
test server::participant::production::tests_a5_settlement::earlier_stages_still_win_inside_the_settlement_window ... ok
test server::participant::production::tests_a5_settlement::the_fixture_opens_a_real_condition_two_settlement_window ... ok
test server::participant::production::tests_a7_operator_reissue::a_live_enrollment_receipt_refuses_with_no_state_delta ... ok
test server::participant::production::tests_a7_operator_reissue::a_live_attach_receipt_refuses_with_no_state_delta ... ok
test server::participant::production::tests_a7_operator_reissue::a_retired_identity_refuses_retired_with_no_state_delta ... ok
test server::participant::production::tests_a7_operator_reissue::the_reissue_operation_introduces_no_timer_sweep_or_retry_loop ... ok
test server::participant::production::tests_a7_operator_reissue::the_reissue_operation_still_declares_its_no_polling_property ... ok
test server::participant::production::tests_a7_operator_reissue::a_generation_mismatch_refuses_carrying_the_repair_loops_read_path ... ok
test server::participant::production::tests_a7_operator_reissue::an_open_detach_replay_cell_refuses_rather_than_minting_a_trapped_credential ... ok
test server::participant::production::tests_a7_operator_reissue::a_repeated_reissue_serializes_on_the_compare_and_set ... ok
test server::participant::production::tests_a7_operator_reissue::an_unknown_conversation_refuses_typed_and_leaves_no_residue ... ok
test server::participant::production::tests_a7_operator_reissue::an_unknown_participant_refuses_typed_with_no_state_delta ... ok
test server::participant::production::tests_a7_operator_reissue::the_reissue_appends_exactly_one_row_and_no_lifecycle_record ... ok
test server::participant::production::tests_a7_operator_reissue::the_fossil_shape_is_reclaimed_by_one_operator_reissue ... ok
test server::participant::production::tests_binding::attach_while_bound_from_new_incarnation_recovers_crashed_binding ... ok
test server::participant::production::tests_a7_operator_reissue::without_a_reissue_the_fossil_stays_refused_forever ... ok
test server::participant::production::tests_binding::marker_bearing_attach_refuses_no_marker_expected ... ok
test server::participant::production::tests_a7_operator_reissue::the_reissue_row_replays_identically_across_both_crash_boundaries ... ok
test server::participant::production::tests_binding::attach_while_bound_same_connection_supersedes_and_survives_cold_reopen ... ok
test server::participant::incarnation_stream_tests::cold_replay_crosses_bounded_pages_without_polling ... ok
test server::participant::production::tests_binding::enrollment_at_identity_limit_returns_typed_capacity_refusal_without_minting ... ok
test server::participant::production::tests_binding::record_admission_lookup_rows_classify_typed_over_production_dispatch ... ok
test server::participant::production::tests_boot_containment::control_a_deferred_fault_is_inert_when_boot_appends_nothing ... ok
test server::participant::production::tests_boot_containment::control_uncorrupted_store_boots_and_serves_both_conversations ... ok
test server::participant::production::tests_boot_containment::one_unloadable_conversation_must_not_take_down_the_others ... ok
test server::participant::production::tests_boot_containment::one_unloadable_record_must_not_prevent_the_node_from_starting ... ok
test server::participant::production::tests_binding::tests_binding_capacity::semantic_conversations_beyond_connection_limit_refuse_with_exact_envelope ... ok
test server::participant::production::tests_boot_containment::the_refusal_must_name_the_conversation_it_refused ... ok
test server::participant::production::tests_boot_containment::a_refused_boot_drain_must_not_take_down_the_node ... ok
test server::participant::production::tests_capacity::enrollment_first_full_identity_scope_answers_before_the_later_one ... ok
test server::participant::production::tests_boot_containment::a_post_drain_replay_failure_must_not_take_down_the_node ... ok
test server::participant::production::tests_capacity::enrollment_identity_server_scope_refuses_and_survives_restart ... ok
test server::participant::production::tests_boot_containment::control_pending_terminal_lane_and_neighbour_boot_clean ... ok
test server::participant::production::tests_capacity::enrollment_over_limit_identity_scope_refuses_with_true_numbers ... ok
test server::participant::production::tests_capacity::shared_server_provenance_pool_never_refuses_an_enrollment ... ok
test server::participant::production::tests_capacity::shared_conversation_provenance_pool_never_refuses_either_participant ... ok
test server::participant::production::tests_config_d2::canonical_v2_marker_attached_and_recovery_rows_fit_signed_caps ... ok
test server::participant::production::tests_config_d2::canonical_v2_marker_bytes_exclude_unit2_projection_fields ... ok
test server::participant::production::tests_config_d2::d2_validation_accumulates_every_field_specific_failure ... ok
test server::participant::production::tests_capacity_attach::full_participant_live_receipt_window_displaces_and_rotations_keep_landing ... ok
test server::participant::production::tests_capacity::shared_live_receipt_pool_never_refuses_before_or_after_a_restart ... ok
test server::participant::production::tests_capacity_attach::full_participant_window_displaces_and_in_window_unknown_is_still_stale_authority ... ok
test server::participant::production::tests_capacity_attach::expired_provenance_prunes_and_degrades_exact_old_tokens ... ok
test server::participant::production::tests_capacity_attach::shared_live_receipt_pool_never_refuses_a_rotation ... ok
test server::participant::production::tests_capacity_attach::numbers_lowered_beneath_durable_state_displace_instead_of_refusing ... ok
test server::participant::production::tests_capacity_attach::several_shared_pools_past_their_thresholds_at_once_still_refuse_nothing ... ok
test server::participant::production::tests_f8b_seal::a_genesis_only_conversation_still_enrolls_as_ordinary_flow ... ok
test server::participant::production::tests_delivery_acceptance::socket_offer_and_write_never_reclaim ... ok
test server::participant::production::tests_delivery_acceptance::reattach_replays_unacked_in_order_after_acked_frontier ... ok
test server::participant::production::tests_f8b_boot_drain::boot_empties_a_two_marker_lane_in_two_drains ... ok
test server::participant::production::tests_f8b_boot_drain::boot_drains_a_pending_terminal_lane_and_reaches_listening ... ok
test server::participant::production::tests_f8b_typed_refusal::a_non_precedence_admission_refusal_keeps_its_own_reason ... ok
test server::participant::production::tests_f8b_typed_refusal::a_durable_append_failure_stays_outside_the_refusal_carrier ... ok
test server::participant::production::tests_capacity_attach::no_provenance_scope_refuses_a_rotation_at_its_old_cap ... ok
test server::participant::production::tests_f8b_seal::boot_draining_the_last_identity_seals_the_conversation ... ok
test server::participant::production::tests_f8b_seal::a_sealed_conversation_does_not_refuse_its_neighbours ... ok
test server::participant::production::tests_f8b_seal::enrollment_into_a_sealed_conversation_is_refused_by_type ... ok
test server::participant::production::tests_f8b_seal::the_boot_drain_verdict_names_the_seal ... ok
test server::participant::production::tests_layer2::production_dispatch_refusal_matrix_is_typed_tokened_and_respond_only ... ok
test server::participant::production::tests_f8_marker_poison::a_refused_connection_fate_leaves_no_durable_residue ... FAILED
test server::participant::production::tests_layer2::drain_first_row_is_one_complete_poststate_and_contains_no_push ... ok
test server::participant::production::tests_f8_marker_poison::the_incident_sequence_reboots_into_a_discharged_fate_and_a_live_server ... FAILED
test server::participant::production::tests_layer2::literal_same_stream_v1_five_kind_rows_are_schema_version_one ... ok
test server::participant::production::tests_log_v2::empty_stream_and_all_v2_stream_restore ... ok
test server::participant::production::tests_layer2::encode_dispatch_decode_assigns_sequence_and_one_exact_payload_row ... ok
test server::participant::production::tests_log_v2::literal_v1_row_is_rejected_as_schema_version_one ... ok
test server::participant::production::tests_leave::bound_leave_commits_retries_conflicts_and_survives_cold_reopen ... ok
test server::participant::production::tests_f8b_typed_refusal::an_occupied_lane_refusal_reaches_the_recovery_consumer_typed ... ok
test server::participant::production::tests_log_v2::leave_append_failure_publishes_no_response_or_tombstone ... ok
test server::participant::production::tests_leave::detached_leave_commits_prior_terminal_and_retries_after_cold_reopen ... ok
test server::participant::production::tests_log_v2::mixed_v2_then_v1_page_is_rejected_before_returning_any_rows ... ok
test server::participant::production::tests_leave::authorized_leave_refuses_stage_six_capacity_before_commit ... ok
test server::participant::production::tests_log_v2::leave_flush_failure_replays_only_a_complete_tombstone ... ok
test server::participant::production::tests_log_v2::mixed_stream_fails_startup_without_publishing_an_authority ... ok
test server::participant::production::tests_log_v2::record_append_failure_publishes_no_response_or_poststate ... ok
test server::participant::production::tests_history::every_transition_history_matches_live_state_after_cold_restore ... ok
test server::participant::production::tests_log_v2::record_flush_failure_replays_only_a_complete_row ... ok
test server::participant::production::tests_f8b_typed_refusal::partly_applied_connection_fate_reruns_its_committed_prefix_as_a_noop ... ok
test server::participant::production::tests_observer::capacity_check_counts_tracked_conversation_after_owner_discard ... ok
test server::participant::production::tests_observer::enrolled_conversation_without_track_row_recovers_classification ... ok
test server::participant::production::tests_observer_wake::coalescing::stale_arm_reaches_progressed_after_wake_coalesced ... ok
test server::participant::production::tests_marker_ack::marker_covered_outbox_accounting_stays_bounded_until_real_discharge ... ok
test server::participant::production::tests_marker_fate_repro::a_cold_replayed_marker_ack_must_leave_the_sealed_token_in_step ... ok
test server::participant::production::tests_outbox_log::canonical_outbox_encoder_prints_checked_q4_measurements ... ok
test server::participant::production::tests_outbox_log::extension_schema_version_refuses_before_projection ... ok
test server::participant::production::tests_marker_fate_repro::a_redundant_marker_ack_at_the_cursor_must_answer_ack_noop ... ok
test server::participant::production::tests_outbox_log::outbox_bound_domination_inequalities_hold_at_the_codec ... ok
test server::participant::production::tests_outbox_log::schema_v1_codec_round_trips_every_row_and_record_kind ... ok
test server::participant::production::tests_outbox_log::unit2_outbox_restore_batch_rows_has_the_signed_name_and_value ... ok
test server::participant::production::tests_outbox_owner::cumulative_ack_reclaims_only_the_recipient_prefix ... ok
test server::participant::production::tests_outbox_owner::leave_atomically_discharges_retired_obligations_and_replays ... ok
test server::participant::production::tests_outbox_owner::literal_v2_nonobligation_ack_restores_while_regression_refuses ... ok
test server::participant::production::tests_outbox_owner::live_recipient_obligation_bound_holds_without_mutation_and_owner_continues ... ok
test server::participant::production::tests_outbox_owner::live_recipient_obligation_bound_rejects_checked_product_overflow ... ok
test server::participant::production::tests_outbox_owner::marker_cursor_provenance_reconciles_without_consuming_outbox_state ... ok
test server::participant::production::tests_outbox_owner::participant_ack_only_advances_receipt_frontier ... ok
test server::participant::production::tests_outbox_owner::participant_outbox_owner_is_move_only ... ok
test server::participant::production::tests_outbox_owner::uncertain_duplicate_source_batch_is_idempotent_only_by_exact_bytes ... ok
test server::participant::production::tests_outbox_log::mixed_extension_stream_refuses_without_returning_rows ... ok
test server::participant::production::tests_marker_fate_repro::a_marker_ack_must_not_wedge_the_cached_authority_for_the_next_ordinary_ack ... ok
test server::participant::production::tests_outbox_barrier::published_obligation_tells_exact_live_dispatch_once ... ok
test server::participant::production::tests_outbox_replay::impossible_extension_boundary_refuses_before_publication ... ok
test server::participant::production::tests_marker_fate_repro::an_ordinary_ack_after_a_marker_ack_must_still_commit ... ok
test server::participant::production::tests_outbox_replay::postcommit_outbox_append_failure_repairs_before_publication ... ok
test server::participant::production::e2e_tests::e2e_sdk_tests::serverpush_sent_is_not_receipt_real_socket has been running for over 60 seconds
test server::participant::production::tests_outbox_replay::malformed_unknown_and_mixed_extension_refuses_before_publication ... ok
test server::participant::production::tests_marker_fate_repro::an_ordinary_ack_crossing_a_marker_must_not_wedge_the_conversation ... ok
test server::participant::production::tests_outbox_replay::uncertain_outbox_flush_accepts_exact_existing_without_duplicate ... ok
test server::participant::production::tests_marker_ack::marker_ack_requires_exact_offered_binding_testimony ... ok
test server::participant::production::tests_p0_39_capacity_hybrid::full_participant_live_receipt_window_never_wedges_its_own_rotation ... ok
test server::participant::production::tests_p0_39_capacity_hybrid::a_displaced_fingerprint_degrades_to_the_coarser_answer_never_to_a_false_proof ... ok
test server::participant::production::tests_p0_39_capacity_hybrid::a_full_window_displaces_its_oldest_member_and_only_that_one ... ok
test server::participant::production::tests_p0_39_capacity_hybrid::full_participant_provenance_window_displaces_and_the_next_rotation_lands ... ok
test server::participant::production::tests_outbox_replay::postcommit_outbox_failure_is_repaired_not_rolled_back ... ok
test server::participant::production::tests_p0_39_capacity_hybrid::full_participant_provenance_window_lands_on_cold_replay ... ok
test server::participant::production::tests_marker_ack::marker_ack_preserves_owner_variant_and_reconciles_dispatch_cursor ... ok
test server::participant::production::tests_p0_39_capacity_hybrid::a_cold_replay_retains_the_identical_window ... ok
test server::participant::production::tests_p0_39_capacity_hybrid::shared_server_live_receipt_churn_never_refuses_a_third_party_enrollment ... ok
test server::participant::production::tests_p0_39_capacity_hybrid::shared_conversation_provenance_churn_never_refuses_a_second_participant ... ok
test server::participant::production::tests_p0_39_capacity_hybrid::shared_server_provenance_churn_never_refuses_a_third_party_enrollment ... ok
test server::participant::production::tests_p0_39_capacity_hybrid::repeated_restarts_over_a_hot_shared_pool_keep_admitting ... ok
test server::participant::production::tests_p0_39_visibility::a_displacement_counts_into_the_labelled_displacement_counter ... ok
test server::participant::production::tests_p0_39_capacity_hybrid::shared_server_provenance_churn_never_refuses_a_third_party_attach ... ok
test server::participant::production::tests_p0_39_visibility::a_pool_below_its_threshold_reports_nothing ... ok
test server::participant::production::tests_observer_wake::dead_or_missing_weak_observer_handle_drops_only_targeted_wake ... ok
test server::participant::production::tests_p0_39_capacity_hybrid::the_window_retains_exactly_its_configured_size ... ok
test server::participant::production::tests_p0_39_visibility::a_shared_pool_past_its_threshold_counts_and_warns_without_refusing ... ok
test server::participant::production::tests_p0_64_live_extension::a_drain_prefixed_admission_writes_both_extension_rows_in_base_log_order ... ok
test server::participant::production::tests_p0_39_visibility::a_sustained_storm_warns_once_but_keeps_counting ... ok
test server::participant::production::tests_p0_76_marker_ownership::a_non_owner_history_compacted_delivery_mints_no_marker_offer ... ok
test server::participant::production::tests_p0_76_marker_ownership::a_non_owner_history_compacted_offer_is_ordinary_not_an_internal_error ... ok
test server::participant::production::tests_p0_64_live_extension::every_live_commit_path_matches_a_cold_replay_of_its_own_bytes ... ok
test server::participant::production::tests_p0_76_marker_ownership::a_non_owner_marker_ack_never_reaches_the_delivery_authority_invariant ... ok
test server::participant::production::tests_p0_76_marker_ownership::a_legacy_non_owner_marker_ack_is_answered_benignly_over_a_real_socket ... ok
test server::participant::production::tests_pending_died_live_reachability::live_connection_loss_rests_the_binding_at_pending_finalization_died ... ok
test server::participant::production::tests_pending_died_live_reachability::peer_record_drains_the_live_residence_and_erases_the_victim_identity ... ok
test server::participant::production::tests_p0_76_marker_ownership::a_restarted_store_never_marker_flags_a_non_owner_on_the_replay_path ... ok
test server::participant::production::tests_p0_76_marker_ownership::the_owner_still_holds_its_marker_offer_and_its_ack_still_commits ... ok
test server::participant::production::tests_pending_died_live_reachability::attach_invariant_and_retention_wall_are_inseparable_at_this_configuration ... ok
test server::participant::production::tests_pending_died_live_reachability::post_drain_reenrollment_is_walled_by_retention_not_by_identity ... ok
test server::participant::production::tests_p0_76_marker_ownership::the_on_disk_restart_arm_never_marker_flags_a_non_owner_with_the_store_engaged ... ok
test server::participant::production::tests_receipts::live_receipt_replays_with_invalidated_old_secret ... ok
test server::participant::production::tests_receipts::attach_deadline_provenance_replay_carries_result_generation ... ok
test server::participant::production::tests_pending_died_live_reachability::reattach_against_the_live_pending_died_residence_is_refused_on_the_wire ... ok
test server::participant::production::tests_receipts_enrollment::attach_inside_enrollment_receipt_window_supersedes_the_receipt ... ok
test server::participant::production::tests_record_admission::authorized_record_at_static_capacity_refuses_with_exact_token ... ok
test server::participant::production::tests_receipts_enrollment::enrollment_token_replay_inside_provenance_window_is_receipt_expired ... ok
test server::participant::production::tests_receipts_enrollment::enrollment_token_replay_after_provenance_window_is_enrollment_known ... ok
test server::participant::production::tests_receipts::superseded_receipt_keeps_provenance_then_degrades_to_stale_or_unknown ... ok
test server::participant::production::tests_residue::refused_probes_of_fresh_conversations_leave_no_durable_or_registry_residue ... ok
test server::participant::production::tests_record_admission_dedup::different_participant_same_token_and_bytes_commits_anew_and_evicts_nothing ... ok
test server::participant::production::tests_receipts_enrollment::superseded_enrollment_token_maps_to_enrollment_known_after_provenance ... ok
test server::participant::production::tests_record_admission_dedup::same_token_different_body_is_refused_and_never_answers_first ... ok
test server::participant::production::tests_record_admission_dedup::distinct_tokens_identical_bodies_commit_twice ... ok
test server::participant::production::tests_record_admission_dedup::same_token_same_bytes_across_cold_replay_and_rotation_answers_first_commit ... ok
test server::participant::production::tests_restore_window::second_pending_terminal_cannot_join_the_candidate_lane ... ok
test server::participant::production::tests_restore_window::residence_frontier_census_sole_terminal_candidate_closure_clear ... ok
test server::participant::production::tests_restore_window_detached::detached_residence_census_sole_terminal_candidate_closure_clear ... ok
test server::participant::production::tests_restore_window_detached::detached_drain_appends_detach_shaped_finalizer_transaction ... ok
test server::participant::production::tests_restore_window::terminal_drain_appends_leave_shaped_finalizer_transaction ... ok
test server::participant::production::tests_restore_window::valid_publish_during_pending_finalization_residence_commits_after_drain ... ok
test server::participant::production::tests_restore_window_detached::valid_publish_during_pending_detached_residence_commits_after_drain ... ok
test server::participant::production::tests_unloadable_surface::a_clean_store_reports_an_installed_but_empty_surface ... ok
test server::participant::production::tests_restore_window_detached::died_then_detached_candidates_drain_strictly_by_admission_order ... ok
test server::participant::production::tests_restore_window_detached::drained_detached_victim_resumes_with_exact_secret ... ok
test server::participant::production::tests_w1a::same_participant_ack_lineage_regression_refuses_before_observer_mutation ... ok
test server::participant::production::tests_w1a::two_participant_high_then_lower_ack_replay_preserves_observer_maximum ... ok
test server::participant::production::tests_w1a::leave_projection_has_one_surviving_producer_and_duplicate_injection_refuses ... ok
test server::participant::production::tests_unloadable_surface::the_health_surface_names_the_conversation_the_node_refused_to_load ... ok
test server::participant::production::tests_w1b_census::standalone_pending_finalizer_has_no_production_entry_point ... ok
test server::participant::production::tests_w1b_census::w1b_tear_rider_removes_tautological_four_counter_tuple ... ok
test server::participant::production::tests_w1a::unsupported_ahead_or_nonwitness_observer_advance_refuses_loudly ... ok
test server::participant::production::tests_w1a::observer_recovery_first_touch_repairs_missing_advance_before_classification ... ok
test server::participant::production::tests_w1b_connection_fate::participant_service_fatal_blocks_obligation_dispatch ... ok
test server::participant::production::tests_w1b_connection_fate::production_connection_fate_handler_completes_listed_conversation_without_matching_slot ... ok
test server::participant::production::tests_w1b_connection_fate::clean_disconnect_appends_detached_source_before_transport_teardown ... ok
test server::participant::production::tests_w1b_connection_fate::connection_lost_appends_died_source_before_transport_teardown ... ok
test server::participant::production::tests_w1a::live_leave_commit_projects_left_sequence_for_settled_and_pending_paths ... ok
test server::participant::production::tests_w1b_connection_fate::protocol_error_appends_died_source_only_for_bound_terminal_refusal ... ok
test server::participant::production::tests_w1a_leave_barrier::leave_source_flush_precedes_observer_advance_flush ... ok
test server::participant::production::tests_w1b_connection_fate::protocol_fate_classification_requires_current_bound_authority ... ok
test server::participant::production::tests_w1b_connection_fate::server_force_close_appends_shutdown_detached_source_before_release ... ok
test server::participant::production::tests_w1b_connection_fate::unclean_restart_appends_prior_incarnation_died_before_owner_publication ... ok
test server::participant::production::tests_w1b_fate_completion::pending_detached_restart_restores_disconnect_or_shutdown_without_refinish ... ok
test server::participant::production::tests_w1b_fenced_codec::attached_v3_closed_modes_round_trip_complete_fenced_proof ... ok
test server::participant::production::tests_w1b_fenced_codec::composed_terminal_decode_validates_kind_cause_order_source_and_presentation ... ok
test server::participant::production::tests_w1b_fenced_codec::fenced_attach_proof_refuses_every_redundant_field_mismatch ... ok
test server::participant::production::tests_w1b_fenced_codec::fenced_attach_proof_refuses_noncanonical_malformed_debt_and_successor_bytes ... ok
test server::participant::production::tests_w1b_fate_completion::ordinary_completion_uses_protocol_floor_and_exact_production_caller ... ok
test server::participant::production::tests_w1b_fate_completion::recovered_completion_uses_protocol_floor_and_exact_production_caller ... ok
test server::participant::production::tests_w1b_fate_completion::ordinary_source_flush_precedes_observer_advance_and_cold_repair ... ok
test server::participant::production::tests_w1b_fate_completion::recovered_source_flush_precedes_observer_advance_and_cold_repair ... ok
test server::participant::production::tests_w1b_fenced_finalizer::pending_died_recovered_reservation_makes_fenced_attach_finalizer_non_presenting ... ok
test server::participant::production::tests_w1b_occurrence::died_then_recovered_same_epoch_presents_died_once ... ok
test server::participant::production::tests_w1b_occurrence::fate_occurrence_key_presents_each_new_arm_at_most_once ... ok
test server::participant::production::tests_w1b_occurrence::recovered_after_pending_died_presents_measured_floor_once ... ok
test server::participant::production::tests_w1b_occurrence::recovered_then_died_same_epoch_after_advance_flush_refuses_without_second_presentation ... ok
test server::participant::production::tests_w1b_occurrence::recovered_then_died_same_epoch_refuses_before_observer_mutation ... ok
test server::participant::production::tests_unit2_layer1::every_v2_source_maps_exhaustively_in_sequence_order ... ok
test server::participant::production::tests_w1b_fenced_presenting::pending_terminal_composed_by_attach_presents_only_attached_source ... ok
test server::participant::production::tests_unit2_layer1::recipient_snapshot::recipient_snapshot_is_postcommit_bound_and_resumable_detached_minus_sender ... ok
test server::participant::production::tests_w1b_marker_source::marker_source_validation_refuses_typed_before_authority_construction ... ok
test server::participant::production::tests_w1b_pending_detached_leave::leave_finalizer_resolves_pending_source_without_claiming_stored_cause ... ok
test server::participant::production::tests_w1b_pending_detached_leave::pending_detached_finalized_by_leave_presents_only_live_leave_commit ... ok
test server::participant::production::tests_w1b_projection::fenced_attached_projects_exact_presenting_terminal_then_attached ... ok
test server::participant::production::tests_w1b_projection::recovered_reservation_consumer_projects_attached_without_terminal_witness ... ok
test server::participant::production::tests_w1b_oracle26::attach_commit_splits_operational_state_and_one_noncloneable_fate_token ... ok
test server::participant::production::tests_w1b_pending_died_restart::pending_died_restart_restores_cause_epoch_order_without_refinish ... ok
test server::participant::production::tests_w1b_pending_died_restart::pending_died_finalized_by_leave_presents_only_live_leave_commit ... ok
test server::participant::production::tests_w1b_substrate::attached_v2_mapping_is_lossless_and_marker_rows_refuse_without_proof ... ok
test server::participant::production::tests_w1b_substrate::detached_stored_operation_round_trips_request_disconnect_and_shutdown ... ok
test server::participant::production::tests_w1b_substrate::died_stored_operation_round_trips_and_replays_committed_and_pending ... ok
test server::participant::production::tests_w1b_intent_recovery::post_open_middle_failure_latches_service_fatal_and_startup_completes_tail ... ok
test server::participant::production::tests_w1b_intent_recovery::connection_fate_intent_failure_on_middle_conversation_completes_every_tail_binding ... ok
test server::participant::production::tests_w1b_substrate::ordinary_stored_operation_round_trips_and_replays_measured_fate ... ok
test server::participant::production::tests_w1b_substrate::recovered_stored_operation_round_trips_without_died_terminal ... ok
test server::participant::production::tests_w1b_substrate::old_v2_reader_refuses_v3_fate_row_with_typed_schema_version ... ok
test server::participant::production::tests_w1b_pending_finalizer::pending_died_recovered_reservation_makes_leave_finalizer_non_presenting ... ok
test server::participant::production::tests_w1b_source_flush::detached_source_flush_precedes_observer_advance_and_cold_repair ... ok
test server::participant::production::tests_w1b_source_flush::died_source_flush_precedes_observer_advance_and_cold_repair ... ok
test server::participant::production::tests_w1b_substrate::v3_reader_accepts_v2_prefix_and_refuses_v2_after_v3 ... ok
test server::participant::production::tests_w1b_substrate::missing_unknown_malformed_and_mixed_operation_versions_refuse_before_publication ... ok
test server::participant::production::tests_w1b_source_flush::died_specific_fate_intent_completes_after_source_only_crash ... ok
test server::participant::production::tests_w2_impacts::debt_zero_transition_releases_deferred_obligation ... ok
test server::participant::production::tests_w2_impacts::dispatch_impact_covers_state_preserving_marker_and_w1b_changes ... ok
test server::participant::production::tests_w2_impacts::dispatch_impact_unions_multi_effect_targets ... ok
test server::participant::production::tests_w2_impacts::registration_is_passive_and_committed_bind_tells_without_sweep ... ok
test server::participant::production::tests_w2_impacts::semantic_noop_refusal_and_unchanged_commit_emit_no_dispatch_tell ... ok
test server::participant::production::tests_w2_leg1_census::debt_tell_between_drain_and_wait_is_seen_by_final_probe ... ok
test server::participant::production::tests_w2_leg1_census::dispatch_source_has_no_timer_sweep_or_periodic_probe ... ok
test server::participant::production::tests_p0_60_admission_cost::admission_cost_does_not_grow_with_history has been running for over 60 seconds
test server::participant::production::tests_p0_60_admission_cost::one_admission_does_not_reread_the_conversation has been running for over 60 seconds
test server::participant::production::tests_w1b_while_dead_replay::clean_leave_departed_mints_no_obligation ... ok
test server::participant::production::tests_w2_leg1_census::obligation_debt_dispatch_never_unlocks_between_debt_and_obligation_selection ... ok
test server::participant::production::tests_w2_leg1_census::obligation_debt_dispatch_preserves_pump_order_on_both_transports ... ok
test server::participant::production::tests_w2_leg1_census::obligation_debt_dispatch_seams_before_delivery_after_under_one_owner ... ok
test server::participant::production::e2e_tests::e2e_sdk_tests::serverpush_sent_is_not_receipt_real_socket ... ok
test server::participant::production::tests_w2_leg2_census::enrollment_clear_or_owed_and_no_obligation_are_total ... ok
test server::participant::production::tests_w1b_substrate::v2_after_v3_across_operation_page_boundary_refuses_before_apply ... ok
test server::participant::production::tests_w2_leg1_census::temporary_fate_preserves_cursor_facts_and_rebinds_exact_epoch ... ok
test server::participant::production::tests_w2_leg2_census::nonzero_debt_ack_row_replays_obligation_aware_commit ... ok
test server::participant::production::tests_w2_leg3_crash_early::crash_after_debt_flush_before_tell_rebind_replays_ready_work ... ok
test server::participant::production::tests_w1b_validation_memory::validate_pass_memory_is_page_and_active_state_bounded ... ok
test server::participant::production::tests_w2_leg3_crash_early::crash_before_debt_flush_restores_prior_dispatch_state ... ok
test server::participant::production::tests_w2_leg3_crash_late::crash_after_tell_before_enqueue_rebind_replays_same_obligation ... ok
test server::participant::production::tests_w2_leg3_crash_late::crash_after_enqueue_before_ack_reoffers_and_accepts_endpoint ... ok
test server::participant::production::tests_w2_leg3_crash_late::w1b_fate_replay_precedes_bind_triggered_dispatch ... ok
test server::participant::production::tests_w1b_while_dead_replay::while_dead_publish_reaches_resumed_replay ... ok
test server::participant::production::tests_w3_restore::missing_tail_repair_persists_before_later_base_failure_byte_identically ... ok
test server::participant::production::tests_w2_leg3_crash_late::crash_between_nonzero_ack_barriers_reconciles_one_coupled_commit ... ok
test server::participant::production::tests_w3_restore::pass_two_cursor_failure_maps_through_extension_log_error_and_drops_staged_state ... ok
test server::participant::production::tests_w3_restore::restore_retained_authority_counts_are_measured_and_ledgered ... ok
test server::participant::production::tests_w3_restore::later_page_decode_failure_takes_precedence_over_earlier_semantic_conflict ... ok
test server::participant::production::tests_w3_restore::midstream_outbox_decode_failure_preserves_typed_error_and_publishes_no_state ... ok
test server::participant::publication::tests::parked_connection_wakes_on_outbox_and_no_polling_occurs ... ok
test server::participant::transport_tests::authenticated_request_without_advertised_capability_is_rejected ... ok
test server::participant::transport_tests::configured_wire_frame_limit_normalizes_to_generic_ceiling ... ok
test server::participant::transport_tests::crate_server_value_survives_generic_transport_round_trip ... ok
test server::participant::transport_tests::encode_server_push_is_byte_identical_to_direct_participant_encoding ... ok
test server::participant::transport_tests::incomplete_frame_within_limit_remains_in_incremental_decoder ... ok
test server::participant::transport_tests::negotiated_limit_rejects_from_header_before_body_arrives ... ok
test server::participant::transport_tests::negotiated_unknown_outer_frame_uses_shared_request_decoder ... ok
test server::participant::transport_tests::unauthenticated_participant_request_returns_shared_rejection ... ok
test server::participant::transport_tests::unrelated_unknown_frame_remains_outside_participant_protocol ... ok
test server::runtime::tests::failed_cluster_start_leaves_membership_unestablished ... ok
test server::shutdown::tests::drain_returns_immediately_when_no_connections_are_active ... ok
test server::shutdown::tests::drain_source_has_no_reap_count_sleep_loop ... ok
test server::shutdown::tests::shutdown_handle_initiates_once ... ok
test server::shutdown::tests::shutdown_handle_wait_unblocks_on_initiate ... ok
test server::participant::production::tests_w2_leg1_census::marker_drain_retry_accumulates_all_prefix_effects ... ok
test server::participant::production::tests_w3_restore::same_base_head_group_straddling_page_cut_replays_without_repair ... ok
test server::participant::production::tests_w3_restore::outbox_restore_peak_decoded_rows_never_exceeds_one_page ... ok
test server::participant::production::tests_w1b_umbrella::fate_live_and_cold_replay_produce_identical_witnesses_and_state ... ok
test server::participant::production::tests_w3_restore::short_nonempty_pages_with_remaining_rows_do_not_terminate_restore ... ok
test server::participant::production::tests_w3_restore::observer_recovery_restores_absent_owner_page_wise_with_exact_errors ... ok
test server::participant::production::tests_w2_leg1_census::coupled_debt_owner_covers_every_w1b_fate_and_finalizer_route ... ok
test server::participant::production::tests_p0_60_admission_cost::one_admission_does_not_reread_the_conversation ... ok
test server::participant::production::tests_p0_60_admission_cost::admission_cost_does_not_grow_with_history ... ok

failures:

---- server::participant::production::tests_f8_marker_poison::a_refused_connection_fate_leaves_no_durable_residue stdout ----
Error: "the peer's ack through 13 did not commit, so hard observer progress was never lifted over the marker at 12 and the incident is not armed: StaleAuthority(Live { request: ParticipantAck(ParticipantAckEnvelope { conversation_id: 167, participant_id: 1, capability_generation: Generation(1), through_seq: 13 }), current_generation: Generation(2) })"

---- server::participant::production::tests_f8_marker_poison::the_incident_sequence_reboots_into_a_discharged_fate_and_a_live_server stdout ----
Error: "the peer's ack through 13 did not commit, so hard observer progress was never lifted over the marker at 12 and the incident is not armed: StaleAuthority(Live { request: ParticipantAck(ParticipantAckEnvelope { conversation_id: 167, participant_id: 1, capability_generation: Generation(1), through_seq: 13 }), current_generation: Generation(2) })"


failures:
    server::participant::production::tests_f8_marker_poison::a_refused_connection_fate_leaves_no_durable_residue
    server::participant::production::tests_f8_marker_poison::the_incident_sequence_reboots_into_a_discharged_fate_and_a_live_server

test result: FAILED. 763 passed; 2 failed; 2 ignored; 0 measured; 0 filtered out; finished in 207.34s

error: test failed, to rerun pass `-p liminal-server --lib`
     Running unittests src/main.rs (target/debug/deps/liminal_server-035d312ffe1c5467)

running 0 tests

test result: ok. 0 passed; 0 failed; 0 ignored; 0 measured; 0 filtered out; finished in 0.00s

     Running tests/a5_settlement_wake_e2e.rs (target/debug/deps/a5_settlement_wake_e2e-b9418e3c8ccc0046)

running 3 tests
test the_refused_attach_binds_when_retried_after_its_matching_wake ... ok
test the_settlement_wake_reaches_the_refused_connection_and_no_other ... ok
test the_settlement_wake_reaches_the_refused_connection_and_no_other_on_disk ... ok

test result: ok. 3 passed; 0 failed; 0 ignored; 0 measured; 0 filtered out; finished in 24.80s

     Running tests/admission_refusal_visibility.rs (target/debug/deps/admission_refusal_visibility-cbc592975c60bb1e)

running 1 test
test a_saturation_refusal_increments_a_labelled_admission_counter ... ok

test result: ok. 1 passed; 0 failed; 0 ignored; 0 measured; 0 filtered out; finished in 0.05s

     Running tests/cluster_two_node.rs (target/debug/deps/cluster_two_node-d2ad1d574296780e)

running 6 tests
test cluster_start_flips_node_readiness_to_established ... ok
test subscription_on_a_is_visible_as_remote_member_on_b ... ok
test late_joiner_is_backfilled_with_existing_subscriptions ... ok
test dropping_a_node_purges_its_remote_members_and_survivors_still_deliver ... ok
test publish_on_b_reaches_subscriber_on_a ... ok
test stable_membership_source_has_zero_consumer_wakes ... ok

test result: ok. 6 passed; 0 failed; 0 ignored; 0 measured; 0 filtered out; finished in 3.09s

     Running tests/embedded_metrics_are_live.rs (target/debug/deps/embedded_metrics_are_live-8d0025981da18fe6)

running 1 test
test an_embedded_server_arms_the_process_metrics_surface ... ok

test result: ok. 1 passed; 0 failed; 0 ignored; 0 measured; 0 filtered out; finished in 0.12s

     Running tests/golden_trace_participant_wire.rs (target/debug/deps/golden_trace_participant_wire-8d218c16ab0d0e99)

running 1 test
test the_canonical_participant_session_matches_the_committed_golden_trace ... ok

test result: ok. 1 passed; 0 failed; 0 ignored; 0 measured; 0 filtered out; finished in 1.74s

     Running tests/loopback_parity_e2e.rs (target/debug/deps/loopback_parity_e2e-71f35c0591cb6807)

running 3 tests
test the_exempt_attach_secret_is_thirty_two_bytes_wide ... ok
test the_parity_substitution_does_not_absorb_an_unrelated_difference ... ok
test a_loopback_drive_and_a_socket_drive_leave_byte_identical_records ... ok

test result: ok. 3 passed; 0 failed; 0 ignored; 0 measured; 0 filtered out; finished in 3.17s

     Running tests/loopback_sdk_e2e.rs (target/debug/deps/loopback_sdk_e2e-5247af2616379116)

running 5 tests
test an_embedded_server_at_admission_capacity_refuses_a_loopback_connect ... ok
test dropping_the_loopback_transport_tears_the_server_connection_down ... ok
test a_wrong_token_is_refused_on_its_own_loopback_exactly_as_on_a_socket ... ok
test an_sdk_client_handshakes_over_the_loopback_against_a_real_embedded_server ... ok
test a_participant_enrolls_and_commits_a_record_over_the_loopback ... ok

test result: ok. 5 passed; 0 failed; 0 ignored; 0 measured; 0 filtered out; finished in 1.69s

     Running tests/participant_churn_convergence_e2e.rs (target/debug/deps/participant_churn_convergence_e2e-cc1989441bcad321)

running 1 test
test a_conversation_converges_after_attach_exchanges_torn_mid_flight ... ok

test result: ok. 1 passed; 0 failed; 0 ignored; 0 measured; 0 filtered out; finished in 3.00s

     Running tests/participant_quiet_pump_e2e.rs (target/debug/deps/participant_quiet_pump_e2e-032461ad90a2097f)

running 4 tests
test the_pump_window_fits_inside_the_boot_budget ... ok
test a_seat_boots_within_its_gate_after_a_quiet_loopback_drain ... ok
test a_seat_boots_within_its_gate_after_a_quiet_tcp_drain ... ok
test a_seat_boots_within_its_gate_after_a_quiet_websocket_drain ... ok

test result: ok. 4 passed; 0 failed; 0 ignored; 0 measured; 0 filtered out; finished in 7.13s

     Running tests/participant_record_rtt_probe.rs (target/debug/deps/participant_record_rtt_probe-a2ede802fc4fcb87)

running 3 tests
test per_record_rtt_on_both_consumption_profiles ... ignored, measurement: commits 2,200 durable records; run explicitly with --ignored
test the_percentile_is_nearest_rank ... ok
test the_rtt_probe_harness_runs ... ok

test result: ok. 2 passed; 0 failed; 1 ignored; 0 measured; 0 filtered out; finished in 6.15s

     Running tests/participant_strand_recovery_e2e.rs (target/debug/deps/participant_strand_recovery_e2e-62458fdf512f09e3)

running 1 test
test a_torn_but_bound_attach_recovers_instead_of_stranding_the_client ... ok

test result: ok. 1 passed; 0 failed; 0 ignored; 0 measured; 0 filtered out; finished in 1.29s

     Running tests/pipelined_close.rs (target/debug/deps/pipelined_close-43d503fc75934cfc)

running 1 test
test pipelined_ping_then_disconnect_still_gets_the_pong ... ok

test result: ok. 1 passed; 0 failed; 0 ignored; 0 measured; 0 filtered out; finished in 0.08s

     Running tests/push_flush_e2e.rs (target/debug/deps/push_flush_e2e-7097d190de913327)

running 2 tests
test schema_rejection_surfaces_through_flush_with_raw_reason ... ok
test close_reports_clean_acceptance_and_half_close ... ok

test result: ok. 2 passed; 0 failed; 0 ignored; 0 measured; 0 filtered out; finished in 0.08s

     Running tests/sdk_tcp_e2e.rs (target/debug/deps/sdk_tcp_e2e-56d6196d1680d197)

running 18 tests
test sdk_tcp_connect_to_closed_port_fails ... ok
test sdk_tcp_missing_token_is_rejected ... ok
test sdk_tcp_correct_token_connects_and_publishes ... ok
test sdk_tcp_client_publishes_over_real_socket ... ok
test sdk_tcp_client_subscribes_over_real_socket ... ok
test sdk_tcp_no_auth_section_behaves_as_before ... ok
test sdk_tcp_wrong_token_is_rejected ... ok
test worker_registration_rejected_returns_typed_error ... ok
test server_push_to_client_returns_correlated_reply ... ok
test worker_registration_round_trips_and_deregisters_on_close ... ok
test sdk_tcp_publish_with_no_subscriber_reports_non_delivery ... ok
test sdk_tcp_publish_with_idempotency_key_reports_genuine_delivery_ack ... ok
test sdk_tcp_conversation_request_then_receive_correlates ... ok
test worker_registration_without_notifier_is_accepted ... ok
test sdk_tcp_real_schema_rejects_invalid_and_delivers_valid ... ok
test server_push_does_not_regress_request_reply ... ok
test sdk_tcp_request_reply_returns_correlated_response ... ok
test sdk_tcp_conversation_send_then_publish_stays_in_sync ... ok

test result: ok. 18 passed; 0 failed; 0 ignored; 0 measured; 0 filtered out; finished in 0.89s

     Running tests/sdk_ws_e2e.rs (target/debug/deps/sdk_ws_e2e-3450b0fc0d48d03f)

running 4 tests
test sdk_ws_wrong_path_is_typed_refusal ... ok
test sdk_publish_parity_over_real_acceptor ... ok
test sdk_subscription_delivery_parity_over_real_acceptor ... ok
test sdk_auth_parity_over_real_acceptor ... ok

test result: ok. 4 passed; 0 failed; 0 ignored; 0 measured; 0 filtered out; finished in 10.10s

     Running tests/server_conversation_supervisor.rs (target/debug/deps/server_conversation_supervisor-80a9cbbc3a222396)

running 6 tests
test unregistered_subject_still_echoes ... ok
test conversation_message_drives_real_actor ... ok
test participant_crash_is_detected_via_structural_linked_exit ... ok
test request_reply_message_is_really_processed_by_the_participant ... ok
test registered_responder_handles_its_subject_instead_of_echo ... ok
test open_conversation_spawns_real_supervised_actor_with_participant ... ok

test result: ok. 6 passed; 0 failed; 0 ignored; 0 measured; 0 filtered out; finished in 0.07s

     Running tests/subscription_e2e.rs (target/debug/deps/subscription_e2e-6baad89180def998)

running 5 tests
test subscription_publish_wakes_parked_connection_in_order ... ok
test large_payload_is_delivered_intact ... ok
test slow_reader_does_not_wedge_other_connections ... ok
test oversize_frame_survives_wouldblock_boundary_and_no_desync ... ok
test inbox_overflow_sheds_the_offending_subscription_without_tearing_down_the_connection ... ok

test result: ok. 5 passed; 0 failed; 0 ignored; 0 measured; 0 filtered out; finished in 0.42s

     Running tests/subscription_shed_visibility_e2e.rs (target/debug/deps/subscription_shed_visibility_e2e-1412851bee740136)

running 4 tests
test a_forced_shed_is_counted_and_logged ... ok
test c_a_shed_websocket_subscription_surfaces_a_typed_error ... ok
test b_deliveries_are_counted_per_transport_without_disturbing_the_aggregate ... ok
test d_a_shed_tcp_subscription_surfaces_a_typed_error ... ok

test result: ok. 4 passed; 0 failed; 0 ignored; 0 measured; 0 filtered out; finished in 0.29s

     Running tests/subscription_starvation_e2e.rs (target/debug/deps/subscription_starvation_e2e-7e4c0067e25a8073)

running 3 tests
test b_two_websocket_subscribers_on_one_boot_share_the_same_fate ... ok
test a_burst_larger_than_the_delivery_slice_never_starves_a_subscriber ... ok
test c_the_smallest_configurable_slice_budget_still_delivers_everything ... ok

test result: ok. 3 passed; 0 failed; 0 ignored; 0 measured; 0 filtered out; finished in 1.22s

     Running tests/teardown_delivery_e2e.rs (target/debug/deps/teardown_delivery_e2e-7c347765a7807698)

running 2 tests
test pin_a2_parked_subscriber_receives_burst_after_publisher_drop ... ok
test pin_a1_shutdown_flushes_accepted_publishes_before_disconnect ... ok

test result: ok. 2 passed; 0 failed; 0 ignored; 0 measured; 0 filtered out; finished in 7.69s

     Running tests/tracing_output_e2e.rs (target/debug/deps/tracing_output_e2e-1dadbe45f7d5cc10)

running 1 test
test spawned_server_reports_startup_on_stderr ... ok

test result: ok. 1 passed; 0 failed; 0 ignored; 0 measured; 0 filtered out; finished in 2.92s

     Running tests/trybuild_gate.rs (target/debug/deps/trybuild_gate-de0efd67994af0b0)

running 3 tests
   Compiling libc v0.2.186
   Compiling proc-macro2 v1.0.106
   Compiling unicode-ident v1.0.24
   Compiling quote v1.0.45
    Checking cfg-if v1.0.4
    Checking equivalent v1.0.2
    Checking allocator-api2 v0.2.21
   Compiling find-msvc-tools v0.1.9
   Compiling shlex v2.0.1
    Checking smallvec v1.15.2
    Checking foldhash v0.2.0
   Compiling serde_core v1.0.228
   Compiling pkg-config v0.3.33
   Compiling cranelift-srcgen v0.131.2
   Compiling libm v0.2.16
    Checking log v0.4.32
   Compiling cranelift-assembler-x64-meta v0.131.2
   Compiling wasmtime-internal-core v44.0.2
    Checking hashbrown v0.16.1
    Checking stable_deref_trait v1.2.1
   Compiling heck v0.5.0
   Compiling serde v1.0.228
   Compiling autocfg v1.5.1
    Checking hashbrown v0.17.1
   Compiling syn v2.0.117
   Compiling num-traits v0.2.19
   Compiling cranelift-isle v0.131.2
    Checking memchr v2.8.2
    Checking once_cell v1.21.4
    Checking indexmap v2.14.0
   Compiling jobserver v0.1.34
   Compiling zstd-safe v7.2.4
   Compiling cranelift-codegen-shared v0.131.2
   Compiling cranelift-codegen-meta v0.131.2
   Compiling cc v1.2.64
   Compiling cranelift-assembler-x64 v0.131.2
   Compiling crossbeam-utils v0.8.21
   Compiling target-lexicon v0.13.5
    Checking bumpalo v3.20.3
    Checking fnv v1.0.7
    Checking cranelift-bitset v0.131.2
    Checking arbitrary v1.4.2
    Checking cranelift-entity v0.131.2
    Checking rustc-hash v2.1.2
    Checking rand_core v0.10.1
   Compiling getrandom v0.4.2
   Compiling parking_lot_core v0.9.12
    Checking regalloc2 v0.15.1
    Checking cranelift-control v0.131.2
    Checking cranelift-bforest v0.131.2
    Checking gimli v0.33.0
   Compiling zmij v1.0.21
   Compiling zstd-sys v2.0.16+zstd.1.5.7
    Checking writeable v0.6.3
    Checking scopeguard v1.2.0
    Checking itoa v1.0.18
    Checking litemap v0.8.2
    Checking lock_api v0.4.14
    Checking num-integer v0.1.46
    Checking aho-corasick v1.1.4
    Checking errno v0.3.14
   Compiling icu_normalizer_data v2.2.0
    Checking regex-syntax v0.8.11
    Checking utf8_iter v1.0.4
   Compiling anyhow v1.0.102
   Compiling icu_properties_data v2.2.0
   Compiling serde_json v1.0.150
   Compiling synstructure v0.13.2
   Compiling cranelift-codegen v0.131.2
   Compiling getrandom v0.3.4
    Checking regex-automata v0.4.14
   Compiling rustix v1.1.4
   Compiling zerocopy v0.8.52
   Compiling version_check v0.9.5
    Checking bytes v1.11.1
   Compiling camino v1.2.2
    Checking typenum v1.20.1
    Checking pin-project-lite v0.2.17
   Compiling crc32fast v1.5.0
   Compiling ref-cast v1.0.25
   Compiling ahash v0.8.12
    Checking hybrid-array v0.4.13
   Compiling zerofrom-derive v0.1.7
   Compiling yoke-derive v0.8.2
   Compiling serde_derive v1.0.228
   Compiling zerovec-derive v0.11.3
   Compiling displaydoc v0.2.6
   Compiling ref-cast-impl v1.0.25
    Checking num-bigint v0.4.6
    Checking chacha20 v0.10.0
    Checking mach2 v0.4.3
    Checking zerofrom v0.1.8
    Checking bitflags v1.3.2
    Checking adler2 v2.0.1
    Checking bitflags v2.13.0
    Checking lazy_static v1.5.0
    Checking simd-adler32 v0.3.9
    Checking region v3.0.2
    Checking miniz_oxide v0.8.9
    Checking yoke v0.8.3
    Checking rand v0.10.2
    Checking zerovec v0.11.6
    Checking zerotrie v0.2.4
    Checking num-rational v0.4.2
   Compiling tokio-macros v2.7.0
    Checking tinystr v0.8.3
    Checking potential_utf v0.1.5
    Checking icu_collections v2.2.0
    Checking icu_locale_core v2.2.0
    Checking num-iter v0.1.45
    Checking crossbeam-epoch v0.9.18
   Compiling blake3 v1.8.5
    Checking num-complex v0.4.6
    Checking wasmtime-internal-jit-icache-coherence v44.0.2
    Checking mio v1.2.1
    Checking socket2 v0.6.4
    Checking tracing-core v0.1.36
    Checking foldhash v0.1.5
    Checking utf8parse v0.2.2
    Checking borrow-or-share v0.2.4
    Checking bit-vec v0.8.0
    Checking hashbrown v0.14.5
   Compiling thiserror v2.0.18
    Checking icu_provider v2.2.0
    Checking ecow v0.2.6
   Compiling unicode-general-category v1.1.0
    Checking icu_properties v2.2.0
    Checking icu_normalizer v2.2.0
    Checking fluent-uri v0.4.1
    Checking dashmap v6.2.1
    Checking gleam-types v0.4.3
    Checking bit-set v0.8.0
    Checking anstyle-parse v1.0.0
    Checking tokio v1.52.3
    Checking hashbrown v0.15.5
    Checking num v0.4.3
    Checking crossbeam-deque v0.8.6
    Checking idna_adapter v1.2.2
    Checking flate2 v1.1.9
    Checking block-buffer v0.12.1
    Checking crypto-common v0.2.2
   Compiling thiserror-impl v2.0.18
   Compiling tracing-attributes v0.1.31
    Checking parking_lot v0.12.5
    Checking crossbeam-queue v0.3.12
    Checking crossbeam-channel v0.5.15
    Checking num_cpus v1.17.0
    Checking vsimd v0.8.0
    Checking is_terminal_polyfill v1.70.2
    Checking data-encoding v2.11.0
    Checking fastrand v2.4.1
    Checking base64 v0.22.1
    Checking arrayvec v0.7.7
    Checking arrayref v0.3.9
    Checking micromap v0.3.0
   Compiling httparse v1.10.1
    Checking colorchoice v1.0.5
    Checking constant_time_eq v0.4.2
    Checking percent-encoding v2.3.2
    Checking const-oid v0.10.2
    Checking web-time v1.1.0
    Checking anstyle v1.0.14
    Checking anstyle-query v1.1.5
    Checking md5 v0.8.0
    Checking unicode-segmentation v1.13.3
    Checking core-foundation-sys v0.8.7
    Checking outref v0.5.2
    Checking uuid-simd v0.8.0
    Checking tracing v0.1.44
    Checking anstream v1.0.0
    Checking referencing v0.46.5
    Checking iana-time-zone v0.1.65
    Checking digest v0.11.3
    Checking tempfile v3.27.0
    Checking idna v1.1.0
    Checking lru v0.12.5
    Checking fraction v0.15.4
    Checking fancy-regex v0.18.0
    Checking serde_spanned v0.6.9
    Checking toml_datetime v0.6.11
    Checking email_address v0.2.9
    Checking regex v1.12.4
    Checking cpufeatures v0.3.0
    Checking winnow v0.7.15
    Checking strsim v0.11.1
    Checking toml_write v0.1.2
   Compiling signal-hook v0.3.18
    Checking bytecount v0.6.9
    Checking num-cmp v0.1.0
    Checking clap_lex v1.1.0
    Checking sha1 v0.11.0
    Checking clap_builder v4.6.0
    Checking chrono v0.4.45
    Checking jsonschema v0.46.5
    Checking tracing-log v0.2.0
    Checking sharded-slab v0.1.7
    Checking matchers v0.2.0
   Compiling async-trait v0.1.89
   Compiling clap_derive v4.6.1
    Checking http v1.4.2
    Checking signal-hook-registry v1.4.8
    Checking uuid v1.23.3
    Checking toml_edit v0.22.27
    Checking thread_local v1.1.10
    Checking nu-ansi-term v0.50.3
    Checking liminal-protocol v0.7.0 (/Users/tom/Developer/ablative/stack/liminal/crates/liminal-protocol)
    Checking tracing-subscriber v0.3.23
    Checking futures-core v0.3.32
    Checking spin v0.9.8
    Checking tungstenite v0.30.0
    Checking clap v4.6.1
    Checking toml v0.8.23
    Checking zstd v0.13.3
   Compiling beamr v0.16.3
    Checking cranelift-module v0.131.2
    Checking cranelift-native v0.131.2
    Checking cranelift-frontend v0.131.2
    Checking cranelift-jit v0.131.2
    Checking haematite v0.8.1
    Checking liminal-rs v0.5.5 (/Users/tom/Developer/ablative/stack/liminal/crates/liminal)
    Checking liminal-server v0.8.2 (/Users/tom/Developer/ablative/stack/liminal/crates/liminal-server)
test fenced_attach_linearity_ui_contract has been running for over 60 seconds
test leave_projection_removal_stays_a_compile_error has been running for over 60 seconds
test process_killed_has_no_production_participant_binding_emitter has been running for over 60 seconds
    Checking liminal-sdk v0.7.0 (/Users/tom/Developer/ablative/stack/liminal/crates/liminal-sdk)
    Checking liminal-server-tests v0.0.0 (/Users/tom/Developer/ablative/stack/liminal/target/tests/trybuild/liminal-server)
    Finished `dev` profile [unoptimized + debuginfo] target(s) in 1m 04s


test [0m[1mtests/trybuild/production_connection_fate_cannot_select_process_killed.rs[0m ... [0m[32mok
[0m

test process_killed_has_no_production_participant_binding_emitter ... ok
   Compiling cfg-if v1.0.4
   Compiling equivalent v1.0.2
   Compiling allocator-api2 v0.2.21
   Compiling libc v0.2.186
   Compiling smallvec v1.15.2
   Compiling foldhash v0.2.0
   Compiling serde_core v1.0.228
   Compiling log v0.4.32
   Compiling zerofrom v0.1.8
   Compiling stable_deref_trait v1.2.1
   Compiling libm v0.2.16
   Compiling hashbrown v0.17.1
   Compiling memchr v2.8.2
   Compiling yoke v0.8.3
   Compiling once_cell v1.21.4
   Compiling zerovec v0.11.6
   Compiling num-traits v0.2.19
   Compiling fnv v1.0.7
   Compiling arbitrary v1.4.2
   Compiling rustc-hash v2.1.2
   Compiling rand_core v0.10.1
   Compiling hashbrown v0.16.1
   Compiling bumpalo v3.20.3
   Compiling cranelift-assembler-x64 v0.131.2
   Compiling target-lexicon v0.13.5
   Compiling crossbeam-utils v0.8.21
   Compiling indexmap v2.14.0
   Compiling regalloc2 v0.15.1
   Compiling tinystr v0.8.3
   Compiling writeable v0.6.3
   Compiling cranelift-codegen-shared v0.131.2
   Compiling scopeguard v1.2.0
   Compiling itoa v1.0.18
   Compiling litemap v0.8.2
   Compiling lock_api v0.4.14
   Compiling cranelift-control v0.131.2
   Compiling icu_locale_core v2.2.0
   Compiling num-integer v0.1.46
   Compiling wasmtime-internal-core v44.0.2
   Compiling potential_utf v0.1.5
   Compiling getrandom v0.4.2
   Compiling errno v0.3.14
   Compiling parking_lot_core v0.9.12
   Compiling aho-corasick v1.1.4
   Compiling gimli v0.33.0
   Compiling zerotrie v0.2.4
   Compiling regex-syntax v0.8.11
   Compiling utf8_iter v1.0.4
   Compiling icu_collections v2.2.0
   Compiling cranelift-bitset v0.131.2
   Compiling cranelift-entity v0.131.2
   Compiling zmij v1.0.21
   Compiling cranelift-bforest v0.131.2
   Compiling pin-project-lite v0.2.17
   Compiling typenum v1.20.1
   Compiling bytes v1.11.1
   Compiling anyhow v1.0.102
   Compiling icu_provider v2.2.0
   Compiling icu_normalizer_data v2.2.0
   Compiling icu_properties_data v2.2.0
   Compiling zstd-sys v2.0.16+zstd.1.5.7
   Compiling num-bigint v0.4.6
   Compiling mach2 v0.4.3
   Compiling chacha20 v0.10.0
   Compiling serde v1.0.228
   Compiling serde_json v1.0.150
   Compiling adler2 v2.0.1
   Compiling lazy_static v1.5.0
   Compiling bitflags v1.3.2
   Compiling simd-adler32 v0.3.9
   Compiling bitflags v2.13.0
   Compiling hybrid-array v0.4.13
   Compiling miniz_oxide v0.8.9
   Compiling rustix v1.1.4
   Compiling region v3.0.2
   Compiling ref-cast v1.0.25
   Compiling rand v0.10.2
   Compiling regex-automata v0.4.14
   Compiling zstd-safe v7.2.4
   Compiling icu_properties v2.2.0
   Compiling icu_normalizer v2.2.0
   Compiling num-rational v0.4.2
   Compiling crc32fast v1.5.0
   Compiling zerocopy v0.8.52
   Compiling getrandom v0.3.4
   Compiling camino v1.2.2
   Compiling wasmtime-internal-jit-icache-coherence v44.0.2
   Compiling num-iter v0.1.45
   Compiling crossbeam-epoch v0.9.18
   Compiling num-complex v0.4.6
   Compiling mio v1.2.1
   Compiling socket2 v0.6.4
   Compiling tracing-core v0.1.36
   Compiling hashbrown v0.14.5
   Compiling bit-vec v0.8.0
   Compiling utf8parse v0.2.2
   Compiling borrow-or-share v0.2.4
   Compiling foldhash v0.1.5
   Compiling ecow v0.2.6
   Compiling hashbrown v0.15.5
   Compiling fluent-uri v0.4.1
   Compiling anstyle-parse v1.0.0
   Compiling gleam-types v0.4.3
   Compiling bit-set v0.8.0
   Compiling idna_adapter v1.2.2
   Compiling tokio v1.52.3
   Compiling num v0.4.3
   Compiling crossbeam-deque v0.8.6
   Compiling dashmap v6.2.1
   Compiling flate2 v1.1.9
   Compiling zstd v0.13.3
   Compiling crypto-common v0.2.2
   Compiling block-buffer v0.12.1
   Compiling parking_lot v0.12.5
   Compiling crossbeam-queue v0.3.12
   Compiling crossbeam-channel v0.5.15
   Compiling num_cpus v1.17.0
   Compiling anstyle-query v1.1.5
   Compiling arrayref v0.3.9
   Compiling core-foundation-sys v0.8.7
   Compiling outref v0.5.2
   Compiling vsimd v0.8.0
   Compiling percent-encoding v2.3.2
   Compiling data-encoding v2.11.0
   Compiling const-oid v0.10.2
   Compiling anstyle v1.0.14
   Compiling md5 v0.8.0
   Compiling is_terminal_polyfill v1.70.2
   Compiling constant_time_eq v0.4.2
   Compiling arrayvec v0.7.7
   Compiling base64 v0.22.1
   Compiling micromap v0.3.0
   Compiling colorchoice v1.0.5
   Compiling web-time v1.1.0
   Compiling unicode-segmentation v1.13.3
   Compiling fastrand v2.4.1
   Compiling anstream v1.0.0
   Compiling tempfile v3.27.0
   Compiling blake3 v1.8.5
   Compiling digest v0.11.3
   Compiling fancy-regex v0.18.0
   Compiling regex v1.12.4
   Compiling uuid-simd v0.8.0
   Compiling iana-time-zone v0.1.65
   Compiling tracing v0.1.44
   Compiling thiserror v2.0.18
   Compiling lru v0.12.5
   Compiling fraction v0.15.4
   Compiling idna v1.1.0
   Compiling unicode-general-category v1.1.0
   Compiling email_address v0.2.9
   Compiling toml_datetime v0.6.11
   Compiling serde_spanned v0.6.9
   Compiling cpufeatures v0.3.0
   Compiling num-cmp v0.1.0
   Compiling clap_lex v1.1.0
   Compiling toml_write v0.1.2
   Compiling strsim v0.11.1
   Compiling bytecount v0.6.9
   Compiling winnow v0.7.15
   Compiling clap_builder v4.6.0
   Compiling sha1 v0.11.0
   Compiling chrono v0.4.45
   Compiling httparse v1.10.1
   Compiling matchers v0.2.0
   Compiling tracing-log v0.2.0
   Compiling sharded-slab v0.1.7
   Compiling http v1.4.2
   Compiling uuid v1.23.3
   Compiling ahash v0.8.12
   Compiling signal-hook-registry v1.4.8
   Compiling thread_local v1.1.10
   Compiling referencing v0.46.5
   Compiling nu-ansi-term v0.50.3
   Compiling signal-hook v0.3.18
   Compiling tracing-subscriber v0.3.23
   Compiling tungstenite v0.30.0
   Compiling liminal-protocol v0.7.0 (/Users/tom/Developer/ablative/stack/liminal/crates/liminal-protocol)
   Compiling jsonschema v0.46.5
   Compiling toml_edit v0.22.27
   Compiling futures-core v0.3.32
   Compiling spin v0.9.8
   Compiling clap v4.6.1
   Compiling toml v0.8.23
   Compiling cranelift-codegen v0.131.2
   Compiling cranelift-module v0.131.2
   Compiling cranelift-native v0.131.2
   Compiling cranelift-frontend v0.131.2
   Compiling cranelift-jit v0.131.2
   Compiling beamr v0.16.3
   Compiling haematite v0.8.1
   Compiling liminal-rs v0.5.5 (/Users/tom/Developer/ablative/stack/liminal/crates/liminal)
   Compiling liminal-server v0.8.2 (/Users/tom/Developer/ablative/stack/liminal/crates/liminal-server)
   Compiling liminal-sdk v0.7.0 (/Users/tom/Developer/ablative/stack/liminal/crates/liminal-sdk)
   Compiling liminal-server-tests v0.0.0 (/Users/tom/Developer/ablative/stack/liminal/target/tests/trybuild/liminal-server)
    Finished `dev` profile [unoptimized + debuginfo] target(s) in 1m 08s


test [0m[1mtests/trybuild/fenced_descriptions_remain_copy.rs[0m [should pass] ... [0m[32mok
[0mtest [0m[1mtests/trybuild/fenced_raw_mint_is_private.rs[0m [should fail to compile] ... [0m[32mok
[0mtest [0m[1mtests/trybuild/fenced_owner_cannot_mint_twice.rs[0m [should fail to compile] ... [0m[32mok
[0mtest [0m[1mtests/trybuild/fenced_proof_cannot_clone.rs[0m [should fail to compile] ... [0m[32mok
[0mtest [0m[1mtests/trybuild/fenced_proof_cannot_copy.rs[0m [should fail to compile] ... [0m[32mok
[0mtest [0m[1mtests/trybuild/fenced_proof_cannot_reuse_after_verify.rs[0m [should fail to compile] ... [0m[32mok
[0mtest [0m[1mtests/trybuild/fenced_proof_fate_method_is_private.rs[0m [should fail to compile] ... [0m[32mok
[0mtest [0m[1mtests/trybuild/fenced_attach_commit_cannot_split_twice.rs[0m [should fail to compile] ... [0m[32mok
[0mtest [0m[1mtests/trybuild/validated_marker_record_cannot_clone.rs[0m [should fail to compile] ... [0m[32mok
[0mtest [0m[1mtests/trybuild/validated_marker_record_cannot_copy.rs[0m [should fail to compile] ... [0m[32mok
[0mtest [0m[1mtests/trybuild/validated_marker_record_cannot_feed_two_recoveries.rs[0m [should fail to compile] ... [0m[32mok
[0m

test fenced_attach_linearity_ui_contract ... ok
    Checking liminal-server-tests v0.0.0 (/Users/tom/Developer/ablative/stack/liminal/target/tests/trybuild/liminal-server)
    Finished `dev` profile [unoptimized + debuginfo] target(s) in 0.44s


test [0m[1mtests/trybuild/plain_leave_projection_removed.rs[0m ... [0m[32mok
[0m

test leave_projection_removal_stays_a_compile_error ... ok

test result: ok. 3 passed; 0 failed; 0 ignored; 0 measured; 0 filtered out; finished in 299.86s

     Running tests/ws_transport_e2e.rs (target/debug/deps/ws_transport_e2e-5ae8fcfd29fe7ebd)

running 23 tests
test ws_dependency_adds_no_async_runtime_or_http_framework ... ok
test ws_empty_binary_message_closes ... ok
test ws_connection_serves_server_push_and_correlated_reply ... ok
test ws_and_tcp_auth_refusals_are_byte_identical_and_both_close ... ok
test ws_client_close_removes_connection_resources ... ok
test ws_fragmented_binary_is_reassembled_and_applied_once ... ok
test ws_and_tcp_connect_responses_are_byte_identical ... ok
test ws_and_tcp_share_one_max_connections_bound ... ok
test ws_nine_byte_header_closes ... ok
test ws_offered_subprotocol_is_refused ... ok
test ws_liminal_ping_gets_liminal_pong_not_transport_pong ... ok
test ws_ordinary_http_and_wrong_route_receive_fixed_refusals ... ok
test ws_oversize_declared_length_is_refused_before_allocation ... ok
test ws_subscriber_receives_tcp_publish_as_one_binary_message ... ok
test ws_text_message_is_a_typed_protocol_failure_that_closes ... ok
test ws_truncated_declared_body_closes ... ok
test ws_trailing_bytes_close ... ok
test ws_two_concatenated_frames_close ... ok
test ws_keepalive_sends_transport_pings_on_the_named_interval ... ok
test ws_origin_cases_enumerated ... ok
test ws_upgrade_declines_permessage_deflate_offer_without_negotiating ... ok
test ws_keepalive_absent_means_no_pings ... ok
test ws_graceful_shutdown_notifies_subscribers_and_drains_both_transports ... ok

test result: ok. 23 passed; 0 failed; 0 ignored; 0 measured; 0 filtered out; finished in 3.08s

     Running unittests src/lib.rs (target/debug/deps/liminal_ts_wasm-801327913c876b23)

running 100 tests
test protocol::backpressure::tests::pressure_state_has_exact_required_variants ... ok
test protocol::backpressure::tests::accept_decrements_outstanding_and_returns_to_normal ... ok
test protocol::backpressure::tests::payload_structs_carry_referenced_message_ids_and_reasons ... ok
test protocol::backpressure::tests::accept_preserves_rejecting_when_still_beyond_buffer ... ok
test protocol::backpressure::tests::accept_with_zero_outstanding_returns_protocol_error ... ok
test protocol::backpressure::tests::public_backpressure_types_implement_debug ... ok
test protocol::backpressure::tests::stream_pressure_rejects_zero_capacity ... ok
test protocol::backpressure::tests::stream_pressure_transitions_to_deferred_at_max_in_flight ... ok
test protocol::backpressure::tests::stream_pressure_transitions_to_rejecting_beyond_buffer ... ok
test protocol::backpressure::tests::subscribe_capacity_can_create_stream_pressure ... ok
test protocol::causal::tests::causal_context_serialization_round_trips ... ok
test protocol::causal::tests::causal_context_trait_bounds_are_available ... ok
test protocol::causal::tests::constructors_create_expected_context_shapes ... ok
test protocol::causal::tests::extract_reads_causal_context_without_payload_parsing ... ok
test protocol::causal::tests::independent_context_serializes_as_absent_fields ... ok
test protocol::codec::tests::causal_context_extracts_from_publish_frame_envelope_bytes ... ok
test protocol::codec::tests::conversation_close_optional_reason_code_round_trips ... ok
test protocol::codec::tests::decode_handles_garbage_inputs_without_panicking ... ok
test protocol::codec::tests::decode_rejects_invalid_stream_without_panicking ... ok
test protocol::codec::tests::decode_short_header_returns_incomplete_header ... ok
test protocol::codec::tests::decode_truncated_payload_returns_truncated_payload ... ok
test protocol::codec::tests::decode_unknown_frame_type_returns_unknown_and_consumes_payload ... ok
test protocol::codec::tests::deliver_frame_round_trips_seq_and_envelope ... ok
test protocol::codec::tests::encode_writes_header_fields_in_wire_order ... ok
test protocol::codec::tests::message_frames_preserve_envelope_payload_bytes ... ok
test protocol::codec::tests::no_payload_frames_round_trip_as_header_only ... ok
test protocol::codec::tests::pressure_frames_preserve_referenced_message_ids_and_reasons ... ok
test protocol::codec::tests::publish_idempotency_key_is_additive_and_round_trips ... ok
test protocol::codec::tests::subscription_schema_fields_round_trip_and_remain_accessible ... ok
test protocol::codec::tests::worker_register::worker_register_ack_invalid_status_byte_is_rejected ... ok
test protocol::codec::tests::worker_register::worker_register_ack_outcome_round_trips ... ok
test protocol::codec::tests::worker_register::worker_register_discriminants_are_additive_and_unknown_preserved ... ok
test protocol::codec::tests::round_trips_all_named_frame_types ... ok
test protocol::codec::tests::worker_register::worker_register_frames_round_trip ... ok
test protocol::codec::tests::worker_register::worker_register_node_presence_distinguishes_none_from_empty ... ok
test protocol::codec::tests::worker_register_nonempty_census_round_trips_exactly ... ok
test protocol::codec::tests::worker_register_old_shape_decodes_to_empty_census ... ok
test protocol::envelope::tests::causal_context_is_extractable_from_envelope_bytes ... ok
test protocol::envelope::tests::constructor_sets_all_fields ... ok
test protocol::envelope::tests::empty_payload_round_trips ... ok
test protocol::envelope::tests::encoded_layout_starts_with_schema_id_and_big_endian_lengths ... ok
test protocol::envelope::tests::envelope_trait_bounds_are_available ... ok
test protocol::envelope::tests::identical_fields_produce_identical_bytes ... ok
test protocol::envelope::tests::schema_id_wraps_exactly_thirty_two_bytes ... ok
test protocol::envelope::tests::serialization_round_trips_losslessly ... ok
test protocol::frame::tests::constructors_validate_streams ... ok
test protocol::frame::tests::frame_type_discriminants_round_trip ... ok
test protocol::handshake::tests::connect_ack_constructor_builds_stream_zero_frame ... ok
test protocol::handshake::tests::connect_ack_constructor_rejects_non_zero_stream ... ok
test protocol::handshake::tests::connect_ack_frame_round_trips_through_codec ... ok
test protocol::handshake::tests::connect_constructor_builds_stream_zero_frame_with_opaque_token ... ok
test protocol::handshake::tests::connect_constructor_rejects_non_zero_stream ... ok
test protocol::handshake::tests::connect_error_constructor_rejects_non_zero_stream ... ok
test protocol::handshake::tests::connect_error_frame_uses_error_reason_code_and_message ... ok
test protocol::handshake::tests::connect_frame_round_trips_through_codec ... ok
test protocol::lifecycle::tests::active_accepts_subscribe ... ok
test protocol::lifecycle::tests::closed_accepts_nothing ... ok
test protocol::lifecycle::tests::connect_ack_transitions_authenticating_to_active ... ok
test protocol::lifecycle::tests::connect_transitions_to_authenticating ... ok
test protocol::lifecycle::tests::connecting_rejects_ping_with_state_and_frame_type ... ok
test protocol::lifecycle::tests::connecting_rejects_publish_with_state_and_frame_type ... ok
test protocol::lifecycle::tests::disconnect_ack_in_closing_transitions_to_closed ... ok
test protocol::lifecycle::tests::ping_generates_pong_response_on_stream_zero ... ok
test protocol::lifecycle::tests::ping_in_connecting_returns_invalid_state_transition ... ok
test protocol::lifecycle::tests::ping_on_stream_one_in_active_returns_invalid_stream ... ok
test protocol::lifecycle::tests::ping_on_stream_zero_in_active_is_valid ... ok
test protocol::lifecycle::tests::pong_frames_carry_no_payload_semantically ... ok
test protocol::multiplex::tests::allocator_never_recycles_ids ... ok
test protocol::multiplex::tests::client_allocator_errors_after_final_odd_stream_id ... ok
test protocol::multiplex::tests::client_allocator_produces_odd_ids ... ok
test protocol::multiplex::tests::duplicate_insert_returns_error_and_preserves_state ... ok
test protocol::multiplex::tests::insert_adds_stream_and_counts_it ... ok
test protocol::multiplex::tests::remove_deletes_stream_and_updates_count ... ok
test protocol::multiplex::tests::server_allocator_errors_after_final_even_stream_id ... ok
test protocol::multiplex::tests::server_allocator_produces_even_ids ... ok
test protocol::multiplex::tests::stream_id_trait_bounds_are_available ... ok
test protocol::multiplex::tests::stream_one_is_application_and_not_control ... ok
test protocol::multiplex::tests::stream_state_has_exact_required_variants ... ok
test protocol::multiplex::tests::transition_on_missing_stream_returns_protocol_error ... ok
test protocol::multiplex::tests::stream_zero_is_control_and_not_application ... ok
test protocol::multiplex::tests::transition_updates_existing_stream_state ... ok
test protocol::schema::tests::negotiation_accepts_empty_list_as_opt_out ... ok
test protocol::schema::tests::negotiation_reports_schema_incompatible_with_distinct_reason_code ... ok
test protocol::schema::tests::negotiation_requires_exact_schema_id_equality ... ok
test protocol::schema::tests::negotiation_selects_channel_schema_when_accepted ... ok
test protocol::schema::tests::schema_incompatible_error_builds_subscribe_error_frame ... ok
test protocol::version::tests::deserialize_rejects_wrong_length ... ok
test protocol::version::tests::negotiation_reports_version_mismatch ... ok
test protocol::version::tests::negotiation_selects_exact_single_version ... ok
test protocol::version::tests::negotiation_selects_highest_mutual_version ... ok
test protocol::version::tests::version_round_trips_through_wire_bytes ... ok
test protocol::version::tests::version_serializes_to_exactly_four_bytes ... ok
test protocol::version::tests::version_trait_bounds_are_available ... ok
test protocol::version::tests::versions_order_by_major_then_minor ... ok
test tests::receive_surfaces_deliver_type_and_exact_payload ... ok
test tests::receive_surfaces_publish_ack_message_id ... ok
test tests::receive_surfaces_subscribe_ack_id ... ok
test tests::send_encodes_canonical_publish_frame ... ok
test tests::subscribe_encodes_canonical_frame ... ok
test tests::unsubscribe_encodes_server_subscription_id ... ok

test result: ok. 100 passed; 0 failed; 0 ignored; 0 measured; 0 filtered out; finished in 0.00s

   Doc-tests liminal_protocol

running 42 tests
test crates/liminal-protocol/src/lifecycle/admission/sequence.rs - lifecycle::admission::sequence::SequenceLedger (line 140) - compile fail ... ok
test crates/liminal-protocol/src/lifecycle/admission/order.rs - lifecycle::admission::order::OrderLedger (line 116) - compile fail ... ok
test crates/liminal-protocol/src/lifecycle/conversation.rs - lifecycle::conversation::ConversationCommit (line 490) - compile fail ... ok
test crates/liminal-protocol/src/client.rs - client::LostAuthorityTestimony (line 323) - compile fail ... ok
test crates/liminal-protocol/src/client/reconnect.rs - client::reconnect::ReconnectAttemptPermit (line 106) - compile fail ... ok
test crates/liminal-protocol/src/client/reconnect.rs - client::reconnect::ReconnectAttemptPermit (line 99) - compile fail ... ok
test crates/liminal-protocol/src/lifecycle/aggregate_commit.rs - lifecycle::aggregate_commit::AggregateOperationCommit (line 58) - compile fail ... ok
test crates/liminal-protocol/src/lifecycle/conversation.rs - lifecycle::conversation::ConversationEvent (line 281) - compile fail ... ok
test crates/liminal-protocol/src/client/barrier.rs - client::barrier::ClientPendingOperationRecord (line 110) - compile fail ... ok
test crates/liminal-protocol/src/lifecycle/conversation.rs - lifecycle::conversation::ParticipantConversation (line 44) - compile fail ... ok
test crates/liminal-protocol/src/lifecycle/cursor_facts.rs - lifecycle::cursor_facts::RecipientAckObligations (line 45) - compile fail ... ok
test crates/liminal-protocol/src/lifecycle/edge.rs - lifecycle::edge::OrdinaryBindingAuthority (line 803) - compile fail ... ok
test crates/liminal-protocol/src/lifecycle/edge.rs - lifecycle::edge::OrdinaryBindingAuthority (line 832) - compile fail ... ok
test crates/liminal-protocol/src/lifecycle/edge.rs - lifecycle::edge::OrdinaryBindingAuthority (line 824) - compile fail ... ok
test crates/liminal-protocol/src/lifecycle/edge.rs - lifecycle::edge::OrdinaryBindingAuthority (line 814) - compile fail ... ok
test crates/liminal-protocol/src/lifecycle/edge.rs - lifecycle::edge::ParticipantCursorProgress (line 481) - compile fail ... ok
test crates/liminal-protocol/src/lifecycle/enrollment.rs - lifecycle::enrollment::BindingOrigin (line 187) - compile fail ... ok
test crates/liminal-protocol/src/lifecycle/edge.rs - lifecycle::edge::CursorProgressContinuous (line 377) - compile fail ... ok
test crates/liminal-protocol/src/lifecycle/edge.rs - lifecycle::edge::MarkerDelivery (line 94) - compile fail ... ok
test crates/liminal-protocol/src/lifecycle/claim_frontier.rs - lifecycle::claim_frontier::HistoricalCausalFactRestore (line 356) - compile fail ... ok
test crates/liminal-protocol/src/lifecycle/enrollment.rs - lifecycle::enrollment::BindingOrigin (line 197) - compile fail ... ok
test crates/liminal-protocol/src/lifecycle/enrollment.rs - lifecycle::enrollment::BindingOrigin (line 205) - compile fail ... ok
test crates/liminal-protocol/src/lifecycle/membership.rs - lifecycle::membership::PreparedLeaveAuthority (line 596) - compile fail ... ok
test crates/liminal-protocol/src/lifecycle/observer_recovery.rs - lifecycle::observer_recovery::ObserverRecoveryAggregate (line 143) - compile fail ... ok
test crates/liminal-protocol/src/lifecycle/observer_recovery.rs - lifecycle::observer_recovery::ObserverProgressProjection (line 16) - compile fail ... ok
test crates/liminal-protocol/src/lifecycle/membership.rs - lifecycle::membership::PreparedLeaveAuthority (line 592) - compile fail ... ok
test crates/liminal-protocol/src/lifecycle/operation_event.rs - lifecycle::operation_event::AttachedOperation::new (line 144) - compile fail ... ok
test crates/liminal-protocol/src/lifecycle/operation_event.rs - lifecycle::operation_event::DetachedOperation::new (line 260) - compile fail ... ok
test crates/liminal-protocol/src/lifecycle/operation_event.rs - lifecycle::operation_event::DetachedOperation::new (line 246) - compile fail ... ok
test crates/liminal-protocol/src/lifecycle/operations/live_frontier.rs - lifecycle::operations::live_frontier::LiveFrontierOwner (line 59) - compile fail ... ok
test crates/liminal-protocol/src/lifecycle/operation_event.rs - lifecycle::operation_event::LeftOperation::new (line 374) - compile fail ... ok
test crates/liminal-protocol/src/lifecycle/operations/live_frontier.rs - lifecycle::operations::live_frontier::LiveFrontierOwner (line 51) - compile fail ... ok
test crates/liminal-protocol/src/lifecycle/operations/marker_drain.rs - lifecycle::operations::marker_drain::MarkerDeliveryProjection (line 55) - compile fail ... ok
test crates/liminal-protocol/src/lifecycle/operations/marker_drain.rs - lifecycle::operations::marker_drain::MarkerDeliveryProjection (line 66) - compile fail ... ok
test crates/liminal-protocol/src/lifecycle/operations/marker_proof.rs - lifecycle::operations::marker_proof::MarkerProofState::new (line 119) - compile fail ... ok
test crates/liminal-protocol/src/lifecycle/storage.rs - lifecycle::storage::MarkerDeliveryRestore (line 1097) - compile fail ... ok
test crates/liminal-protocol/src/lifecycle/operations/marker_drain.rs - lifecycle::operations::marker_drain::MarkerDrainCommit (line 98) - compile fail ... ok
test crates/liminal-protocol/src/lifecycle/storage.rs - lifecycle::storage::FencedAttachCommitRestore (line 1579) - compile fail ... ok
test crates/liminal-protocol/src/lifecycle/storage.rs - lifecycle::storage::OrdinaryBindingAuthorityRestore (line 1058) - compile fail ... ok
test crates/liminal-protocol/src/lifecycle/storage.rs - lifecycle::storage::OrdinaryBindingFateRestore (line 1481) - compile fail ... ok
test crates/liminal-protocol/src/lifecycle/storage.rs - lifecycle::storage::ParticipantConversationState (line 121) - compile fail ... ok
test crates/liminal-protocol/src/lifecycle/storage.rs - lifecycle::storage::RecoveredBindingFateRestore (line 1649) - compile fail ... ok

test result: ok. 42 passed; 0 failed; 0 ignored; 0 measured; 0 filtered out; finished in 0.30s

   Doc-tests liminal

running 0 tests

test result: ok. 0 passed; 0 failed; 0 ignored; 0 measured; 0 filtered out; finished in 0.00s

   Doc-tests liminal_sdk

running 1 test
test crates/liminal-sdk/src/types.rs - types::SchemaValidate (line 44) ... ok

test result: ok. 1 passed; 0 failed; 0 ignored; 0 measured; 0 filtered out; finished in 0.00s


running 1 test
test crates/liminal-sdk/src/channel.rs - channel::ChannelHandle (line 25) - compile fail ... ok

test result: ok. 1 passed; 0 failed; 0 ignored; 0 measured; 0 filtered out; finished in 0.09s

all doctests ran in 1.38s; merged doctests compilation took 0.87s
   Doc-tests liminal_server

running 0 tests

test result: ok. 0 passed; 0 failed; 0 ignored; 0 measured; 0 filtered out; finished in 0.00s

   Doc-tests liminal_ts_wasm

running 0 tests

test result: ok. 0 passed; 0 failed; 0 ignored; 0 measured; 0 filtered out; finished in 0.00s

error: 1 target failed:
    `-p liminal-server --lib`
TRUE_EXIT=101
