    Finished `test` profile [unoptimized + debuginfo] target(s) in 0.44s
     Running unittests src/lib.rs (target/debug/deps/liminal_server-5117af88e6fe0556)

running 697 tests
test cluster::discovery::tests::outcome_is_satisfied_when_no_seeds_or_some_connected ... ok
test cluster::membership::tests::delta_is_empty_by_default ... ok
test cluster::discovery::tests::resolver_learns_real_peer_names ... ok
test cluster::discovery::tests::as_resolver_coerces_to_shared_handle ... ok
test cluster::discovery::tests::seed_resolver_maps_each_seed_to_a_synthetic_label ... ok
test cluster::membership::tests::empty_initial_view_yields_no_peers ... ok
test cluster::membership::tests::a_redundant_event_queues_no_effect ... ok
test cluster::membership::tests::peer_names_resolve_through_the_atom_table ... ok
test cluster::membership::tests::queued_effects_are_lossless_and_report_their_depth ... ok
test cluster::sync::tests::local_memberships_track_subscriptions_for_backfill ... ok
test cluster::sync::tests::remote_targets_empty_without_remote_members ... ok
test cluster::membership::tests::shutdown_wakes_a_consumer_with_nothing_pending ... ok
test cluster::sync::tests::remote_targets_reflect_applied_remote_joins ... ok
test cluster::sync::tests::subscribe_joins_the_channel_pg_group ... ok
test config::env::tests::auth_token_override_replaces_existing_token ... ok
test config::env::tests::absent_environment_variables_leave_config_unchanged ... ok
test config::env::tests::auth_token_override_creates_missing_auth_section ... ok
test config::env::tests::cluster_listen_address_and_cookie_overrides_replace_values ... ok
test cluster::sync::tests::unsubscribe_leaves_the_channel_pg_group ... ok
test cluster::membership::tests::membership_source_has_no_retired_poll_family ... ok
test config::env::tests::cluster_listen_address_override_without_cluster_section_returns_validation_error ... ok
test config::env::tests::cluster_overrides_replace_existing_cluster_values ... ok
test config::env::tests::cluster_override_without_cluster_section_returns_validation_error ... ok
test config::env::tests::drain_timeout_override_replaces_file_value ... ok
test config::env::tests::invalid_health_listen_address_override_returns_config_load ... ok
test config::env::tests::invalid_listen_address_override_returns_config_load ... ok
test config::env::tests::health_listen_address_override_replaces_file_value ... ok
test config::env::tests::invalid_drain_timeout_override_returns_config_load ... ok
test config::env::tests::listen_address_override_replaces_file_value ... ok
test config::env::tests::websocket_empty_origin_list_override_is_fail_closed ... ok
test config::env::tests::persistence_path_override_replaces_file_value ... ok
test config::env::tests::websocket_origin_list_with_empty_entry_is_refused ... ok
test config::env::tests::websocket_overrides_replace_declared_section_values ... ok
test config::env::tests::websocket_override_without_declared_section_is_refused ... ok
test cluster::membership::tests::armed_membership_observes_a_join_without_sampling ... ok
test cluster::membership::tests::a_late_arm_sees_a_live_peer_in_its_initial_view ... ok
test config::file::tests::missing_file_returns_config_load ... ok
test config::validation::tests::absent_auth_section_passes_validation ... ok
test config::env::tests::file_then_env_then_validate_pipeline_gives_env_precedence ... ok
test config::file::tests::absent_limits_section_resolves_the_shipped_delivery_defaults ... ok
test config::file::tests::malformed_toml_returns_config_load_with_parse_details ... ok
test config::validation::tests::duplicate_channel_names_are_listed ... ok
test config::validation::tests::default_profile_is_full_and_passes_validation ... ok
test config::validation::tests::default_limits_pass_validation_and_carry_signed_numbers ... ok
test config::file::tests::operator_set_delivery_caps_survive_the_whole_load_pipeline ... ok
test config::file::tests::shipped_example_config_loads_through_the_real_loader ... ok
test config::validation::tests::empty_auth_token_is_rejected ... ok
test config::validation::tests::invalid_health_listen_address_reports_field_name ... ok
test config::file::tests::valid_toml_parses_into_server_config ... ok
test config::validation::tests::invalid_listen_address_reports_field_name ... ok
test config::validation::tests::matching_health_and_main_listen_ports_are_rejected ... ok
test config::validation::tests::matching_health_and_main_listen_addresses_are_rejected ... ok
test config::file::tests::unknown_fields_return_config_load ... ok
test config::validation::tests::invalid_json_schema_ref_reports_validation_error ... ok
test config::validation::tests::file_persistence_path_is_rejected ... ok
test config::validation::tests::missing_schema_ref_file_reports_validation_error ... ok
test config::validation::tests::multiple_validation_errors_are_reported_together ... ok
test cluster::membership::tests::join_leave_and_rejoin_are_observed_in_order ... ok
test config::validation::tests::present_non_empty_auth_token_passes_validation ... ok
test config::validation::tests::routing_rules_reference_configured_channels ... ok
test config::validation::tests::provenance_ttl_shorter_than_receipt_is_a_typed_config_error ... ok
test config::validation::tests::undersized_wire_frame_limit_is_a_typed_config_error ... ok
test config::validation::tests::unknown_profile_is_a_validation_error ... ok
test config::validation::tests::unreachable_persistence_path_reports_path ... ok
test config::validation::tests::valid_config_passes_validation ... ok
test config::validation::tests::valid_websocket_section_passes_validation ... ok
test config::validation::tests::websocket_empty_origin_list_is_valid_fail_closed_configuration ... ok
test config::validation::tests::websocket_duplicate_origin_is_a_typed_config_error ... ok
test config::validation::tests::websocket_address_conflicts_are_typed_config_errors ... ok
test config::validation::tests::websocket_absent_ping_interval_means_disabled_and_valid ... ok
test config::validation::tests::valid_participant_section_passes_validation ... ok
test config::validation::tests::websocket_malformed_origin_entries_are_typed_config_errors ... ok
test config::validation::tests::websocket_path_rules_are_typed_config_errors ... ok
test config::validation::tests::websocket_zero_ping_interval_is_a_typed_config_error ... ok
test config::validation::tests::worker_front_door_profile_rejects_channels_persistence_and_cluster ... ok
test config::validation::tests::websocket_zero_port_is_a_typed_config_error ... ok
test config::validation::tests::worker_front_door_profile_with_empty_topology_passes ... ok
test config::validation::tests::worker_front_door_rejects_participant_section ... ok
test config::validation::tests::zero_drain_timeout_is_rejected ... ok
test health::checks::tests::health_check_is_always_healthy_liveness ... ok
test health::checks::tests::readiness_ignores_cluster_membership_when_not_configured ... ok
test health::checks::tests::readiness_is_ready_only_when_all_applicable_conditions_are_met ... ok
test health::checks::tests::readiness_reports_missing_config ... ok
test config::file::tests::websocket_section_parses_and_absent_section_stays_none ... ok
test health::checks::tests::readiness_reports_missing_listener ... ok
test health::checks::tests::readiness_requires_cluster_membership_when_configured ... ok
test config::validation::tests::zero_limits_are_typed_config_errors ... ok
test health::checks::tests::shared_readiness_state_snapshots_updates ... ok
test config::validation::tests::zero_participant_values_are_typed_config_errors ... ok
test health::endpoint::tests::cluster_readiness_is_listed_when_configured_but_not_joined ... ok
test health::endpoint::tests::health_accept_source_has_no_wouldblock_sleep_poll ... ok
test health::endpoint::tests::health_endpoint_returns_json_200_regardless_of_readiness ... ok
test health::endpoint::tests::ready_endpoint_returns_200_after_all_startup_gates ... ok
test health::endpoint::tests::ready_endpoint_returns_503_before_main_listener_binds ... ok
test health::endpoint::tests::clustered_ready_transitions_503_to_200_when_membership_established ... ok
test health::endpoint::tests::unsupported_methods_on_health_paths_are_rejected ... ok
test health::endpoint::tests::unsupported_paths_are_not_served ... ok
test health::endpoint::tests::ready_endpoint_updates_from_shared_readiness_state ... ok
test health::endpoint::tests::unloadable_conversations_route_answers_the_operator_a_json_shape ... ok
test health::metrics_route::tests::render_body_exposes_the_three_server_families_after_activity ... ok
test health::unloadable::tests::an_installed_but_empty_record_is_a_different_zero ... ok
test health::unloadable::tests::an_uninstalled_surface_reports_that_it_is_looking_at_nothing ... ok
test health::unloadable::tests::the_surface_follows_the_record_it_was_given ... ok
test health::metrics_route::tests::health_and_ready_are_unaffected_by_the_metrics_route ... ok
test health::metrics_route::tests::metrics_endpoint_serves_prometheus_text_with_200 ... ok
test metrics::tests::init_registers_the_three_server_families_on_the_global_registry ... ok
test health::endpoint::tests::health_idle_grows_unrelated_counters_while_accept_stays_flat ... ok
test health::endpoint::tests::shutdown_interrupts_in_flight_silent_request_read ... ok
test server::connection::apply::tests::cap_refused_request_never_reaches_the_participant ... ok
test server::connection::apply::tests::connect_with_absent_token_against_gate_is_rejected_and_closed ... ok
test server::connection::apply::tests::connect_with_matching_token_is_accepted ... ok
test server::connection::apply::tests::connect_with_prefix_but_wrong_length_is_rejected ... ok
test server::connection::apply::tests::connect_with_wrong_token_is_rejected_and_closed ... ok
test server::connection::apply::tests::connect_without_configured_token_accepts_any_token ... ok
test server::connection::apply::tests::connection_cap_refused_request_never_reaches_the_participant ... ok
test server::connection::apply::tests::conversation_cap_refuses_past_the_limit_with_a_typed_error ... ok
test server::connection::apply::tests::conversation_close_sweeps_pending_and_tombstone_entries ... ok
test server::connection::apply::tests::duplicate_open_of_a_live_conversation_is_refused ... ok
test server::connection::apply::tests::failed_forward_rolls_back_its_reservation ... ok
test health::endpoint::tests::health_shutdown_interrupts_accept_wait ... ok
test config::validation::tests::absolute_schema_ref_is_loaded_and_parsed ... ok
test config::validation::tests::valid_json_invalid_schema_ref_reports_validation_error ... ok
test config::validation::tests::relative_schema_ref_resolves_against_base_dir ... ok
test server::connection::apply::tests::open_refusals_preserve_the_request_stream_id ... ok
test server::connection::apply::tests::participant_request_without_capability_responds_with_exact_rejection_then_closes ... ok
test server::connection::apply::tests::pressure_frames_are_auth_gated_when_token_configured ... ok
test server::connection::apply::tests::pressure_frames_remain_no_response_in_full_mode ... ok
test server::connection::apply::tests::publish_after_rejected_connect_is_still_closed ... ok
test server::connection::apply::tests::publish_after_successful_connect_is_honoured ... ok
test server::connection::apply::tests::publish_before_connect_against_gate_is_closed ... ok
test server::connection::apply::tests::publish_frame_delegates_to_liminal_services ... ok
test server::connection::apply::tests::publish_to_tapped_channel_bypasses_fan_out ... ok
test server::connection::apply::tests::publish_to_untapped_channel_still_fans_out ... ok
test server::connection::apply::tests::repeated_supported_connect_fails_closed_without_renegotiation ... ok
test server::connection::apply::tests::subscribe_and_unsubscribe_delegate_to_services ... ok
test server::connection::apply::tests::subscribe_and_worker_register_before_connect_are_closed ... ok
test server::connection::apply::tests::subscription_cap_refuses_past_the_limit_with_a_typed_error ... ok
test server::connection::apply::admission_tests::a_quiesced_channel_is_refused_with_its_own_code_and_carries_the_recorded_reason ... ok
test server::connection::apply::tests::unsupported_version_closes_without_publishing_handshake_state_or_application_work ... ok
test server::connection::apply::tests::worker_front_door_connect_keeps_participant_capability_disabled ... ok
test server::connection::apply::tests::worker_front_door_rejects_accept_pressure_frame_with_subscribe_error ... ok
test server::connection::apply::tests::worker_front_door_rejects_conversation_open_message_and_close ... ok
test server::connection::apply::tests::worker_front_door_rejects_defer_pressure_frame_with_subscribe_error ... ok
test server::connection::apply::tests::worker_front_door_rejects_ordinary_publish_with_publish_error ... ok
test server::connection::apply::tests::worker_front_door_rejects_reject_pressure_frame_with_subscribe_error ... ok
test server::connection::apply::tests::worker_front_door_rejects_subscribe_with_subscribe_error ... ok
test server::connection::apply::tests::worker_front_door_rejects_unsubscribe_with_subscribe_error ... ok
test server::connection::apply::tests::worker_front_door_serves_its_capabilities_across_rejections ... ok
test server::connection::apply::tests::worker_register_invokes_notifier_and_accepts ... ok
test server::connection::apply::tests::worker_register_rejection_surfaces_reason ... ok
test server::connection::apply::tests::worker_register_without_notifier_is_accepted ... ok
test server::connection::channel_registry::channel_registry_tests::access_refusals_carry_their_reserved_reason_codes ... ok
test server::connection::channel_registry::channel_registry_tests::already_registered_names_the_differing_field ... ok
test server::connection::channel_registry::channel_registry_tests::cap_refusals_name_the_config_key ... ok
test server::connection::channel_registry::channel_registry_tests::the_three_access_codes_are_mutually_distinct ... ok
test server::connection::delivery::tests::drains_in_order_with_monotonic_delivery_seq ... ok
test server::connection::delivery::tests::overflowed_subscription_is_shed_with_a_typed_error ... ok
test server::connection::delivery::tests::per_slice_budget_caps_deliveries ... ok
test server::connection::apply::admission_tests::an_absent_channel_is_refused_with_the_roster_code_and_the_preserved_string ... ok
test server::connection::delivery::tests::shed_error_frame_defers_under_outbound_pressure ... ok
test server::connection::apply::admission_tests::a_healthy_channel_is_admitted_through_the_same_consultation ... ok
test server::connection::apply::tests::installed_participant_wire_limit_reaches_negotiated_session ... ok
test server::connection::apply::admission_tests::an_admitted_operation_the_service_then_refuses_stays_undifferentiated ... ok
test server::connection::apply::tests::installed_participant_service_without_process_incarnation_fails_closed ... ok
test server::connection::apply::tests::installed_participant_service_advertises_and_dispatches_with_exact_incarnation ... ok
test server::connection::apply::tests::installed_participant_semantic_failure_closes_without_response ... ok
test server::connection::apply::tests::the_stamped_mount_reaches_the_handler_context_and_no_frame_can_move_it ... ok
test server::connection::delivery::tests::pipelined_large_burst_is_delivered_without_teardown ... ok
test health::endpoint::tests::silent_health_listener_has_zero_application_wakes ... ok
test server::connection::incarnation_tests::connection_ordinal_exhaustion_is_a_typed_admission_failure ... ok
test server::connection::incarnation_tests::ordinary_full_services_do_not_activate_participant_incarnations ... ok
test server::connection::incarnation_tests::a_pre_durable_write_failure_leaves_admission_working ... ok
test server::connection::incarnation_tests::worker_front_door_does_not_activate_participant_incarnations ... ok
test server::connection::incarnation_tests::a_refused_connection_is_told_why_before_the_socket_closes ... ok
test server::connection::incarnation_tests::startup_flush_failure_prevents_supervisor_construction ... ok
test server::connection::incarnation_tests::supervisor_fsyncs_startup_before_listener_can_bind ... ok
test server::connection::loopback::duplex_tests::a_blocked_client_write_learns_its_reader_vanished ... ok
test server::connection::incarnation_tests::a_failed_recovery_of_a_torn_predecessor_fails_construction_rather_than_holding_admission ... ok
test server::connection::loopback::duplex_tests::a_full_ring_answers_would_block_and_never_zero ... ok
test server::connection::loopback::duplex_tests::a_nearly_full_ring_accepts_a_partial_write_without_desync ... ok
test server::connection::loopback::duplex_tests::a_sequence_larger_than_the_ring_round_trips_across_two_threads ... ok
test server::connection::loopback::duplex_tests::a_write_to_a_dropped_peer_reports_broken_pipe ... ok
test server::connection::loopback::duplex_tests::a_zero_capacity_request_is_floored_so_the_ring_can_progress ... ok
test server::connection::loopback::duplex_tests::either_drop_order_leaves_no_panic_and_no_deadlock ... ok
test server::connection::loopback::duplex_tests::inbound_pending_answers_bytes_silence_and_hangup ... ok
test server::connection::loopback::duplex_tests::reads_drain_to_end_of_file_after_the_peer_end_is_dropped ... ok
test server::connection::loopback::duplex_tests::the_server_end_serves_as_the_outbound_drain_sink ... ok
test server::connection::loopback::duplex_tests::the_waker_fires_once_per_empty_to_nonempty_transition ... ok
test server::connection::loopback::duplex_tests::the_waker_fires_when_the_client_end_is_dropped ... ok
test server::connection::loopback::duplex_tests::a_blocked_client_write_gives_up_when_its_window_closes ... ok
test server::connection::loopback::duplex_tests::a_client_read_timeout_returns_bytes_that_arrive_inside_the_window ... ok
test server::connection::loopback::duplex_tests::a_blocked_client_write_resumes_when_the_reader_frees_space ... ok
test server::connection::incarnation_tests::an_ambiguous_durable_write_holds_admission_and_then_recovers_by_reading ... ok
test server::connection::loopback::duplex_tests::a_client_read_timeout_expires_without_bytes ... ok
test server::connection::incarnation_tests::accepted_connections_receive_distinct_durable_incarnations ... ok
test server::connection::loopback::process::tests::a_loopback_connect_with_a_wrong_token_is_refused_on_its_own_duplex ... ok
test server::connection::incarnation_tests::readiness_goes_false_while_admission_is_held_and_true_again_on_recovery ... ok
test server::connection::loopback::process::tests::a_loopback_process_stamps_its_mount_before_any_inbound_byte_is_read ... ok
test server::connection::outbound::tests::byte_budget_reports_progress_with_residue ... ok
test server::connection::outbound::tests::drain_of_empty_buffer_is_ok ... ok
test server::connection::outbound::tests::enqueue_beyond_capacity_reports_overflow ... ok
test server::connection::outbound::tests::enqueue_then_drain_delivers_the_frame ... ok
test server::connection::loopback::process::tests::a_loopback_connection_consumes_an_admission_slot_from_the_one_shared_pool ... ok
test server::connection::outbound::tests::large_frame_survives_partial_writes ... ok
test server::connection::loopback::process::tests::a_loopback_connect_with_the_configured_token_is_acked_through_the_real_apply_frame_path ... ok
test server::connection::loopback::process::tests::a_loopback_connection_at_capacity_is_refused_exactly_like_a_socket_connect ... ok
test server::connection::outbound::tests::would_block_with_residue_is_reported ... ok
test server::connection::loopback::process::tests::dropping_the_client_end_tears_the_loopback_connection_down_and_deregisters_it ... ok
test server::connection::loopback::process::tests::the_mount_on_the_record_is_the_door_that_admitted_the_connection ... ok
test server::connection::loopback::process::tests::the_registry_record_for_a_loopback_connection_carries_no_fd_and_tears_down_without_one ... ok
test server::connection::incarnation_tests::production_connection_fate_authority_opens_and_completes_with_signed_bound ... ok
test server::connection::participant_delivery::tests::held_cap::combined_held_heads_refuse_at_signed_cap_without_close_or_loss ... ok
test server::connection::participant_delivery::tests::held_fresh_encodes_share_the_exact_slice_budget_across_push_classes ... ok
test server::connection::participant_delivery::tests::observer_requeue::budget_requeue_keeps_newer_observer_wake ... ok
test server::connection::participant_delivery::tests::push_slice_budget_and_round_robin_are_exact ... ok
test server::connection::participant_delivery::tests::debt_refusal_and_pressure_holdback_remain_distinct ... ok
test server::connection::pending_reply::tests::cancel_all_drops_every_entry ... ok
test server::connection::pending_reply::tests::capacity_recovers_via_conversation_close ... ok
test server::connection::pending_reply::tests::capacity_recovers_via_late_reply_consume ... ok
test server::connection::pending_reply::tests::connection_cap_counts_pending_only_not_tombstones ... ok
test server::connection::pending_reply::tests::conversations_awaiting_reply_lists_only_pending_conversations ... ok
test server::connection::pending_reply::tests::expire_is_idempotent_across_slices ... ok
test server::connection::pending_reply::tests::multiple_pipelined_replies_on_one_conversation_match_fifo ... ok
test server::connection::pending_reply::tests::replies_are_correlated_per_conversation ... ok
test server::connection::pending_reply::tests::slow_actor_late_reply_never_matches_a_younger_entry ... ok
test server::connection::pending_reply::tests::timeout_then_late_reply_then_new_request ... ok
test server::connection::pending_reply::tests::wedged_conversation_refuses_while_siblings_proceed ... ok
test server::connection::process::teardown_tests::teardown_releases_conversations_through_finalize_not_close ... ok
test server::connection::process::terminal_tests::terminal_participant_rejection_drains_after_more_than_one_slice_budget ... ok
test server::connection::loopback::process::tests::a_parked_loopback_connection_is_woken_by_a_client_write_and_answers ... ok
test server::connection::participant_delivery::tests::slow_recipient_holds_only_its_head ... ok
test server::connection::refusal_tests::a_refused_tcp_client_reads_a_typed_frame_before_the_close ... ok
test server::connection::refusal_tests::a_refused_websocket_client_reads_a_typed_frame_and_a_close_with_reason ... ok
test server::connection::refusal_tests::each_refusal_class_is_distinguishable_on_the_wire ... ok
test server::connection::refusal_tests::every_close_reason_fits_in_a_control_frame ... ok
test server::connection::refusal_tests::the_saturation_refusal_classifies_from_its_own_server_error ... ok
test server::connection::services::durable_store_tests::build_connection_services_rejects_worker_profile_with_full_only_fields ... ok
test server::connection::participant_delivery::tests::tcp_and_websocket_publish_identical_participant_bytes ... ok
test server::connection::process::wake_tests::duplicate_ready_markers_are_harmless ... ok
test server::connection::incarnation_tests::startup_completes_historical_opens_before_returning_authority ... ok
test server::connection::participant_delivery::tests::oversize_is_config_corruption_not_pressure_policy ... ok
test server::connection::services::durable_store_tests::ephemeral_store_directory_is_owned_through_the_build_seam ... ok
test server::connection::services::durable_store_tests::full_only_constructors_reject_worker_profile ... ok
test server::connection::services::durable_store_tests::persistent_store_uses_configured_path_and_creates_no_temp_dir ... ok
test server::connection::services::durable_store_tests::worker_front_door_builds_no_store_and_no_temp_dir ... ok
test server::connection::services::durable_store_tests::worker_profile_census_is_empty_and_full_profile_records_all_schedulers ... ok
test server::connection::process::wake_tests::idle_connection_slice_count_is_flat_across_soak ... ok
test server::connection::services::services_registry_tests::a_rejected_schema_registers_nothing ... ok
test server::connection::services::services_registry_tests::probing_and_enumerating_never_spawn_an_actor ... ok
test server::connection::services::services_registry_tests::quiesce_admits_a_subscribe_that_read_active ... ok
test server::connection::services::services_registry_tests::quiesce_refuses_an_unregistered_name_and_the_probe_reports_it ... ok
test server::connection::services::services_registry_tests::registered_idle_channels_spawn_no_actor ... ok
test server::connection::services::services_registry_tests::registration_is_idempotent_only_for_an_identical_configuration ... ok
test server::connection::services::services_registry_tests::registering_over_a_boot_channel_never_flips_its_origin ... ok
test server::connection::participant_runtime_tests::supervisor_allocation_reaches_real_process_handler_as_exact_context ... ok
test server::connection::services::services_registry_tests::the_channel_cap_refuses_undeclared_and_reached ... ok
test server::connection::services_r5_tests::publish_without_subscriber_reports_not_delivered ... ok
test server::connection::participant_delivery::tests::w2_leg3::deferred_debt_does_not_self_requeue_or_create_debt_wakes ... ok
test server::connection::services_schema::tests::loaded_schema_id_derives_from_loaded_bytes ... ok
test server::connection::services_schema::tests::raw_bytes_resolution_matches_the_channel_def_form ... ok
test server::connection::services_schema::tests::raw_bytes_resolution_refuses_bytes_that_are_not_json ... ok
test server::connection::services_schema::tests::schema_ids_are_deterministic_and_content_addressed ... ok
test server::connection::services_schema::tests::schema_less_channel_is_permissive_and_uses_empty_schema_id ... ok
test server::connection::services_r5_tests::persisted_durable_state_survives_fresh_services_over_same_store ... ok
test server::connection::services::services_registry_tests::runtime_registered_channels_are_absent_after_restart ... ok
test server::connection::supervisor::tests::close_between_insert_and_confirm_publishes_nothing ... ok
test server::connection::supervisor::tests::close_racing_push_registration_never_strands_slot_or_cap ... ok
test server::connection::services_r5_tests::publish_failure_with_failing_release_returns_original_error ... ok
test server::connection::supervisor::tests::closing_connection_wakes_outstanding_push_awaiter_promptly ... ok
test server::connection::supervisor::tests::closing_one_connection_leaves_other_connections_push_intact ... ok
test server::connection::supervisor::tests::concurrent_enumeration_during_polling_does_not_change_outcome ... ok
test server::connection::supervisor::tests::closed_connection_releases_its_admission_slot ... ok
test server::connection::supervisor::tests::concurrent_spawns_at_the_limit_admit_exactly_one ... ok
test server::connection::services_r5_tests::shutdown_flush_persists_durable_channel_state_to_store ... ok
test server::connection::supervisor::tests::connection_cleanup_after_conversation_scheduler_shutdown_is_prompt ... ok
test server::connection::supervisor::tests::connection_scheduler_inventory_has_one_readiness_poll_thread ... ok
test server::connection::supervisor::tests::control_consumed_before_failed_wake_reads_ok_then_disconnected ... ok
test server::connection::supervisor::tests::connection_churn_greater_than_worker_count_remains_bounded ... ok
test server::connection::services_r5_tests::duplicate_idempotency_key_delivers_to_subscriber_exactly_once ... ok
test server::connection::supervisor::tests::crashing_one_connection_process_does_not_affect_others ... ok
test server::connection::participant_delivery::tests::w2_leg3::held_obligation_revalidates_binding_and_debt_before_offer ... ok
test server::connection::supervisor::tests::dropped_runtime_yields_disconnected_not_timeout ... ok
test server::connection::services_r5_tests::durable_channel_recovers_sequence_across_restart_over_same_path ... ok
test server::connection::services_r5_tests::publish_failure_releases_claim_so_reclaim_is_delivered ... ok
test server::connection::supervisor::tests::drain_exit_between_predicate_and_park_is_not_lost ... ok
test server::connection::supervisor::fate_tests::post_open_fatal_stops_new_opens_and_admission_and_activates_normal_shutdown ... ok
test server::connection::supervisor::tests::elapsed_receive_polls_are_benign_rearms ... ok
test server::connection::supervisor::tests::drain_completes_on_last_exit_delivered_by_w1b_fate ... ok
test server::connection::supervisor::fate_tests::complete_flush_failure_latches_fatal_and_activates_normal_shutdown ... ok
test server::connection::participant_delivery::tests::w2_leg3::connection_fate_drops_stale_head_and_replays_after_reconciled_cursor ... ok
test server::connection::supervisor::tests::explicit_deadline_expires_slot_and_releases_cap ... ok
test server::connection::supervisor::tests::flush_durable_state_propagates_shutdown_flush ... ok
test server::connection::supervisor::tests::drain_deadline_fires_at_most_once_per_sequence ... ok
test server::connection::supervisor::tests::duplicate_pid_registration_is_refused_and_prior_record_survives ... ok
test server::connection::supervisor::tests::externally_terminated_connection_with_open_conversations_returns_to_baseline ... ok
test server::connection::supervisor::tests::duration_max_deadline_is_refused_without_slot_leak ... ok
test server::connection::supervisor::tests::mark_crashed_wakes_outstanding_push_awaiter_promptly ... ok
test server::connection::supervisor::tests::late_reply_after_expiry_is_a_harmless_noop ... ok
test server::connection::supervisor::tests::force_close_sends_disconnect_and_removes_connection ... ok
test server::connection::supervisor::tests::from_config_worker_profile_builds_front_door_with_no_extra_schedulers ... ok
test server::connection::supervisor::tests::eof_hup_deregisters_readiness_and_closes_open_conversations ... ok
test server::connection::supervisor::tests::no_deadline_receive_never_blocks_on_registry_lock ... ok
test server::connection::supervisor::tests::max_connections_refuses_past_the_cap ... ok
test server::connection::supervisor::tests::poisoned_registry_still_reclaims_and_expires ... ok
test server::connection::supervisor::tests::no_final_slice_exit_cannot_leak_admission_slot_across_idle ... ok
test server::connection::supervisor::tests::poll_quantum_independence_yields_the_same_outcome ... ok
test server::connection::supervisor::tests::overdue_deadlined_receive_returns_expired_promptly ... ok
test server::connection::supervisor::tests::force_close_settle_uses_exit_notification_not_second_poll ... ok
test server::connection::supervisor::tests::no_final_slice_exit_record_reclaimed_by_delivery_not_scan ... ok
test server::connection::supervisor::tests::fd_reuse_stale_token_deregister_after_reclamation_is_harmless_no_op ... ok
test server::connection::supervisor::tests::last_drain_exit_simultaneous_with_deadline_resolves_one_winner ... ok
test server::connection::supervisor::tests::reclaim_reactor_holds_runtime_weak_so_it_releases_synchronously_at_drop ... ok
test server::connection::supervisor::tests::pre_wait_race_barrier_finds_data_arriving_after_arm ... ok
test server::connection::supervisor::tests::public_deadlined_push_expires_promptly_over_real_connection ... ok
test server::connection::supervisor::tests::reply_delivered_after_deadline_instant_beats_unobserved_expiry ... ok
test server::connection::supervisor::tests::resolved_push_then_close_is_a_noop_with_no_double_send ... ok
test server::connection::supervisor::tests::public_deadlined_push_reply_after_deadline_instant_still_wins ... ok
test server::connection::supervisor::tests::readable_ping_produces_one_pong_then_reparks ... ok
test server::connection::supervisor::tests::quiet_drain_wakes_only_for_exit_or_single_deadline ... ok
test server::connection::supervisor::tests::registered_connection_exit_reaches_supervisor_cleanup_by_delivery_not_reap ... ok
test server::connection::supervisor::tests::reply_availability_wakes_a_parked_connection ... ok
test server::connection::supervisor::tests::same_deadlined_schedule_yields_same_outcome_for_any_quantum ... ok
test server::connection::websocket::handshake_tests::duplicate_origin_headers_are_refused ... ok
test server::connection::websocket::handshake_tests::f6_empty_allow_list_refuses_origin_bearing_upgrades_only ... ok
test server::connection::websocket::handshake_tests::f6_listed_origin_passes ... ok
test server::connection::websocket::handshake_tests::f6_null_opaque_origin_is_refused_unless_listed ... ok
test server::connection::websocket::handshake_tests::f6_unlisted_origin_receives_typed_refusal ... ok
test server::connection::websocket::handshake_tests::offered_subprotocol_is_refused ... ok
test server::connection::websocket::handshake_tests::query_on_the_exact_path_is_refused ... ok
test server::connection::websocket::handshake_tests::refusal_statuses_are_fixed_and_non_success ... ok
test server::connection::websocket::handshake_tests::wrong_path_is_refused_with_not_found ... ok
test server::connection::supervisor::tests::resolver_winning_the_expiry_race_delivers_the_reply ... ok
test server::connection::supervisor::tests::receive_poll_quantum_never_changes_protocol_outcome ... ok
test server::connection::supervisor::tests::spawning_connections_creates_distinct_beamr_processes ... ok
test server::connection::websocket::listener::tests::stop_accepting_refuses_new_sockets ... ok
test server::connection::websocket::listener::tests::websocket_listener_source_has_no_accept_backoff_or_handshake_reap_poll ... ok
test server::connection::websocket::outbound::tests::default_capacity_matches_the_shared_outbound_bound ... ok
test server::connection::websocket::outbound::tests::drain_delivers_each_frame_as_one_byte_exact_binary_message ... ok
test server::connection::websocket::outbound::tests::has_room_accounts_for_queued_bytes ... ok
test server::connection::websocket::outbound::tests::one_enqueued_frame_becomes_one_canonical_message ... ok
test server::connection::websocket::outbound::tests::overflow_is_a_typed_fatal_error ... ok
test server::connection::supervisor::tests::shutdown_control_wakes_a_parked_subscriber_without_closing_it ... ok
test server::connection::websocket::listener::tests::websocket_bind_conflict_returns_typed_listener_bind ... ok
test server::connection::websocket::listener::tests::websocket_listener_binds_to_configured_address ... ok
test server::connection::websocket::process::tests::the_websocket_door_stamps_its_own_mount_on_the_connection_state ... ok
test server::connection::websocket::process::tests::ws_apply_binary_disconnect_closes ... ok
test server::connection::websocket::process::tests::ws_decode_accepts_exact_ten_byte_control_frame ... ok
test server::connection::websocket::process::tests::ws_decode_refuses_declared_body_short_by_one ... ok
test server::connection::websocket::process::tests::ws_decode_refuses_empty_message ... ok
test server::connection::websocket::process::tests::ws_decode_refuses_nine_byte_header ... ok
test server::connection::websocket::process::tests::ws_decode_refuses_trailing_byte ... ok
test server::connection::websocket::process::tests::ws_decode_refuses_two_concatenated_frames ... ok
test server::connection::websocket::process::tests::ws_decode_round_trips_every_frame_category_byte_exact ... ok
test server::connection::supervisor::tests::server_push_control_wakes_a_parked_process_and_reparks ... ok
test server::connection::worker_front_door::tests::construction_is_infallible_and_starts_no_scheduler ... ok
test server::connection::websocket::process::tests::ws_apply_binary_refuses_trailing_bytes_as_typed_error ... ok
test server::connection::websocket::process::tests::ws_apply_binary_refuses_truncated_body_as_typed_error ... ok
test server::connection::websocket::process::tests::ws_apply_binary_runs_the_shared_apply_frame_seam ... ok
test server::listener::tests::fd_exhaustion_sheds_loudly_and_recovers_without_spin ... ok
test server::connection::websocket::supervisor::tests::handshake_worker_completion_delivered_not_reap_scanned ... ok
test server::listener::tests::accepted_socket_racing_shutdown_is_supervised_or_shed_never_slept ... ok
test server::listener::tests::binding_in_use_port_returns_listener_bind ... ok
test server::listener::tests::main_listener_source_has_no_accept_backoff_or_reap_poll ... ok
test server::listener::tests::resource_exhaustion_accept_error_is_transient ... ok
test server::connection::websocket::listener::tests::silent_websocket_listener_has_zero_application_wakes ... ok
test server::listener::tests::accepts_multiple_simultaneous_connections ... ok
test server::listener::tests::listener_binds_to_configured_address ... ok
test server::listener::tests::listener_idle_grows_unrelated_reactor_slices_while_accept_counters_stay_flat ... ok
test server::listener::tests::stop_accepting_refuses_new_connections ... ok
test server::listener::tests::listener_shutdown_interrupts_accept_wait_without_backoff ... ok
test server::participant::aggregate_registry_tests::flush_ambiguous_owner_remains_quarantined_until_a_successful_barrier ... ok
test server::participant::aggregate_registry_tests::append_conflict_quarantines_then_cold_replays_without_retry ... ok
test server::participant::aggregate_registry_tests::concurrent_cold_open_creates_one_cell_and_one_genesis_append ... ok
test server::participant::aggregate_registry_tests::consume_replace_returns_the_same_noncloneable_owner_to_the_registry ... ok
test server::participant::aggregate_registry_tests::process_crash_discards_unflushed_visible_state_before_cold_reopen ... ok
test server::participant::aggregate_registry_tests::recovery_barrier_cold_replays_an_append_hidden_until_flush ... ok
test server::listener::tests::silent_main_listener_has_zero_application_wakes ... ok
test server::participant::aggregate_registry_tests::idle_release_drops_cell_and_later_cold_reopens_without_new_genesis ... ok
test server::participant::aggregate_registry_tests::existing_stream_cold_opens_without_appending ... ok
test server::participant::aggregate_registry_tests::malformed_cold_history_returns_error_without_invoking_handler ... ok
test server::participant::aggregate_registry_tests::release_refuses_held_operation_then_succeeds_after_operation_exits ... ok
test server::participant::aggregate_registry_tests::rejected_append_is_quarantined_and_resumed_only_by_later_explicit_call ... ok
test server::participant::aggregate_registry_tests::mismatched_replacement_is_dropped_and_original_cell_cold_reopens ... ok
test server::participant::aggregate_tests::append_conflict_aborts_speculation_and_cold_reloads_competing_commit ... ok
test server::participant::aggregate_registry_tests::same_conversation_operations_are_exclusive_but_other_conversations_progress ... ok
test server::participant::aggregate_tests::rejected_append_cannot_publish_speculative_protocol_state ... ok
test server::participant::aggregate_tests::cold_reopen_replays_exact_event_and_never_appends_second_genesis ... ok
test server::participant::conversation_stream_tests::append_rejects_unrepresentable_next_sequence_before_storage ... ok
test server::participant::aggregate_tests::flush_failure_aborts_speculation_and_reloads_appended_durable_reality ... ok
test server::participant::aggregate_tests::malformed_canonical_event_fails_cold_load_before_state_use ... ok
test server::participant::aggregate_tests::stored_sequence_must_equal_canonical_event_ordinal ... ok
test server::participant::conversation_stream_tests::optimistic_conflict_is_returned_without_retry ... ok
test server::participant::conversation_stream_tests::pages_are_contiguous_bounded_and_end_on_empty ... ok
test server::participant::dispatch_impact_tests::empty_accumulator_is_unchanged ... ok
test server::participant::dispatch_impact_tests::repeated_and_prefix_effects_union_without_precedence ... ok
test server::participant::dispatch_impact_tests::truthful_effect_with_no_current_target_remains_changed ... ok
test server::participant::dispatch_tests::decoded_request_reaches_handler_and_crate_value_is_framed ... ok
test server::participant::dispatch_tests::every_registered_client_request_reaches_the_same_semantic_seam ... ok
test server::participant::dispatch_tests::gate_rejection_never_calls_semantics ... ok
test server::participant::dispatch_tests::semantic_failure_is_fatal_and_has_no_wire_value ... ok
test server::participant::dispatch_tests::unrelated_generic_frame_bypasses_handler ... ok
test server::connection::supervisor::tests::drain_idle_grows_unrelated_slices_while_drain_counters_stay_flat ... ok
test server::participant::crash_repository_tests::pending_crash_replays_private_pending_authority_without_a_terminal_history_entry ... ok
test server::participant::detach_repository_tests::failed_first_flush_never_publishes_enrollment_outcome ... ok
test server::participant::detach_repository_tests::cold_reopen_replays_terminalized_detach_with_old_epoch ... ok
test server::participant::incarnation_stream_tests::allocate_before_first_startup_is_rejected_as_corrupt_history ... ok
test server::connection::supervisor::tests::err_from_public_push_publishes_nothing_after_close ... ok
test server::participant::incarnation_stream_tests::allocate_count_must_select_exact_fixed_width_suffix ... ok
test server::participant::incarnation_stream_tests::connection_fate_open_codec_refuses_noncanonical_or_overbound_conversations ... ok
test server::participant::incarnation_stream_tests::event_codec_pins_exact_startup_and_allocate_bytes ... ok
test server::participant::cursor_repository_tests::two_participants_ack_same_retained_suffix_and_survive_cold_reopen ... ok
test server::participant::incarnation_stream_tests::configured_reference_bound_refuses_before_any_append ... ok
test server::connection::supervisor::tests::s8_failed_wake_in_reclamation_window_publishes_nothing_then_funnel_completes ... ok
test server::participant::incarnation_stream_tests::cold_start_replays_each_historical_allocation_under_its_stored_bound ... ok
test server::participant::crash_repository_tests::all_crash_causes_survive_a_cold_database_reopen ... ok
test server::participant::incarnation_stream_tests::cold_replay_treats_only_an_empty_short_page_as_end_of_stream ... ok
test server::participant::incarnation_stream_tests::max_server_incarnation_refuses_live_startup_without_append ... ok
test server::participant::incarnation_stream_tests::max_ordinal_event_replays_then_exhaustion_emits_no_extra_event ... ok
test server::participant::incarnation_stream_tests::connection_fate_intent_rows_pin_exact_v2_bytes_and_frozen_v1_decode ... ok
test server::participant::incarnation_stream_tests::old_scalar_header_and_regression_are_not_representable ... ok
test server::participant::incarnation_stream_tests::referenced_max_collision_event_replays_terminal_exhaustion ... ok
test server::participant::incarnation_stream_tests::stored_allocate_after_terminal_exhaustion_is_corrupt ... ok
test server::participant::incarnation_stream_tests::stored_startup_after_server_exhaustion_is_corrupt ... ok
test server::participant::incarnation_stream_tests::startup_allocations_cold_replay_preserves_header_and_next_pair ... ok
test server::participant::incarnation_stream_tests::stored_declared_reference_bound_is_checked_before_reference_allocation ... ok
test server::participant::incarnation_stream_tests::second_startup_replays_history_and_resets_ordinal_namespace ... ok
test server::participant::incarnation_stream_tests::malformed_event_codec_is_rejected_before_protocol_replay ... ok
test server::connection::supervisor::tests::pending_reply_deadline_is_the_only_wake_under_zero_traffic ... ok
test server::participant::incarnation_stream_tests::historical_open_generation_bound_survives_limit_reduction_and_refuses_overbound_history ... ok
test server::participant::production::e2e_cold_tests::restart_between_delivery_and_ack_accepts ... ok
test server::participant::production::e2e_tests::amplify_leave_regression_response_push_interleave ... ok
test server::participant::production::e2e_cold_tests::records_and_leave_survive_real_socket_cold_reopen ... ok
test server::participant::production::e2e_leave_regression::leave_after_detach_reattach_supersession_discharges_unacked_obligation_and_reopens ... ok
test server::participant::production::e2e_tests::ack_after_reattach_before_replay_accepts_after_reconciliation ... ok
test server::participant::production::e2e_terminal_drain::live_socket_publish_drains_pending_terminal_then_unclean_restart_serves ... ok
test server::participant::production::e2e_tests::full_lifecycle_e2e_over_real_socket_replays_old_epoch ... ok
test server::participant::production::e2e_leave_commit_boundary::leave_discharge_replays_deterministically_across_the_commit_boundary ... ok
test server::participant::production::e2e_tests::e2e_sdk_tests::terminal_answer_precedes_independent_push_work ... ok
test server::participant::production::e2e_tests::tests_w2_leg3_idle::obligation_debt_dispatch_idle_has_zero_debt_attributable_work ... ok
test server::participant::production::tests::connection_fate_intent_incomplete_latches_first_fatal_before_semantic_or_publication_entry ... ok
test server::participant::production::e2e_tests::tests_endpoint_ack::endpoint_with_no_committed_obligation_refuses ... ok
test server::participant::production::tests::marker_ack_refuses_through_crate_selector ... ok
test server::participant::production::e2e_tests::parked_tcp_and_websocket_processes_wake_on_outbox_without_polling ... ok
test server::participant::production::tests::observer_recovery_classifies_exact_rows_over_durable_tracking ... ok
test server::participant::production::tests::terminalized_detach_cold_reopen_carries_old_epoch_through_dispatch ... ok
test server::participant::production::e2e_tests::tests_loopback_idle::a_parked_loopback_connection_costs_no_slices_while_another_one_works ... ok
test server::participant::production::tests::two_participant_same_suffix_acks_and_regression_refusal_survive_cold_reopen ... ok
test server::participant::production::tests_14_attach_presentation::attach_against_pending_finalization_must_not_answer_with_silence ... ok
test server::participant::production::tests_14_attach_presentation::live_path_stale_generation_is_answered_by_lookup_with_the_current_generation ... ok
test server::participant::production::tests_14_attach_presentation::the_pending_finalization_refusal_carries_the_observer_backpressure_row ... ok
test server::participant::production::e2e_terminal_drain_detached::live_socket_publish_drains_pending_detached_then_victim_resumes_and_restart_serves ... ok
test server::participant::production::tests_12_attach_marker_census::the_attach_marker_proof_state_reports_the_retained_marker_at_the_cursor ... ok
test server::participant::production::tests_12_attach_marker_census::a_cold_replay_answers_the_marker_bearing_attach_identically ... ok
test server::participant::production::tests_14_attach_presentation::stale_generation_attach_is_already_refused_with_a_frame ... ok
test server::participant::production::tests_14_attach_presentation::the_presented_refusal_commits_nothing_and_leaves_a_usable_authority ... ok
test server::participant::production::e2e_leave_regression::leave_discharges_the_left_identitys_obligations_and_bounds_live_payload ... ok
test server::participant::production::tests_12_attach_marker_census::the_truthful_flag_cannot_change_the_credential_attach_outcome ... ok
test server::participant::production::tests_37_observed_provenance::r_c0_token_phase_classification_is_unchanged_by_observed_provenance_retention ... ok
test server::participant::production::e2e_cold_all_shapes::cold_reopen_reconciles_and_replays_all_record_shapes ... ok
test server::participant::production::tests_37_observed_provenance::the_just_minted_attach_receipt_holds_no_provenance_slot ... ok
test server::participant::production::tests_binding::attach_while_bound_from_new_incarnation_recovers_crashed_binding ... ok
test server::participant::production::tests_binding::marker_bearing_attach_refuses_no_marker_expected ... ok
test server::participant::production::tests_37_observed_provenance::unproven_receipts_occupy_no_provenance_slot_and_proof_promotes_exactly_one ... ok
test server::participant::production::tests_binding::attach_while_bound_same_connection_supersedes_and_survives_cold_reopen ... ok
test server::participant::production::tests_binding::record_admission_lookup_rows_classify_typed_over_production_dispatch ... ok
test server::participant::production::tests_binding::enrollment_at_identity_limit_returns_typed_capacity_refusal_without_minting ... ok
test server::participant::production::tests_boot_containment::control_a_deferred_fault_is_inert_when_boot_appends_nothing ... ok
test server::participant::production::tests_boot_containment::control_uncorrupted_store_boots_and_serves_both_conversations ... ok
test server::participant::production::tests_binding::tests_binding_capacity::semantic_conversations_beyond_connection_limit_refuse_with_exact_envelope ... ok
test server::participant::production::tests_boot_containment::one_unloadable_record_must_not_prevent_the_node_from_starting ... ok
test server::participant::production::tests_boot_containment::one_unloadable_conversation_must_not_take_down_the_others ... ok
test server::participant::production::tests_boot_containment::a_refused_boot_drain_must_not_take_down_the_node ... ok
test server::participant::production::tests_boot_containment::a_post_drain_replay_failure_must_not_take_down_the_node ... ok
test server::participant::production::tests_capacity::enrollment_live_receipt_server_scope_refuses_and_survives_restart ... ok
test server::participant::production::tests_boot_containment::the_refusal_must_name_the_conversation_it_refused ... ok
test server::participant::production::tests_capacity::enrollment_identity_server_scope_refuses_and_survives_restart ... ok
test server::participant::production::tests_boot_containment::control_pending_terminal_lane_and_neighbour_boot_clean ... ok
test server::participant::production::tests_capacity_attach::attach_live_receipt_participant_scope_refusal ... ok
test server::participant::production::tests_capacity::enrollment_provenance_server_scope_refusal ... ok
test server::participant::production::tests_capacity_attach::attach_live_receipt_server_scope_refusal ... ok
test server::participant::production::tests_capacity::enrollment_provenance_conversation_scope_refusal_is_scoped ... ok
test server::participant::production::tests_config_d2::canonical_v2_marker_attached_and_recovery_rows_fit_signed_caps ... ok
test server::participant::production::tests_config_d2::canonical_v2_marker_bytes_exclude_unit2_projection_fields ... ok
test server::participant::production::tests_config_d2::d2_validation_accumulates_every_field_specific_failure ... ok
test server::participant::production::tests_capacity::enrollment_mixed_full_and_over_limit_refuses_the_earlier_full_scope ... ok
test server::participant::production::tests_capacity::enrollment_over_limit_scope_refuses_with_true_numbers ... ok
test server::participant::production::tests_capacity_attach::attach_mixed_full_and_over_limit_refuses_the_earlier_full_scope ... ok
test server::participant::production::tests_capacity_attach::attach_over_limit_scope_refuses_with_true_numbers ... ok
test server::participant::production::tests_capacity_attach::full_provenance_participant_scope_refuses_and_in_window_unknown_is_stale_authority ... ok
test server::participant::incarnation_stream_tests::cold_replay_crosses_bounded_pages_without_polling ... ok
test server::participant::production::tests_delivery_acceptance::socket_offer_and_write_never_reclaim ... ok
test server::participant::production::tests_f8b_seal::a_genesis_only_conversation_still_enrolls_as_ordinary_flow ... ok
test server::participant::production::tests_delivery_acceptance::reattach_replays_unacked_in_order_after_acked_frontier ... ok
test server::participant::production::tests_capacity_attach::expired_provenance_prunes_freeing_capacity_and_degrading_exact_old_tokens ... ok
test server::participant::production::tests_f8b_boot_drain::boot_drains_a_pending_terminal_lane_and_reaches_listening ... ok
test server::participant::production::tests_f8b_boot_drain::boot_empties_a_two_marker_lane_in_two_drains ... ok
test server::participant::production::tests_f8b_typed_refusal::a_non_precedence_admission_refusal_keeps_its_own_reason ... ok
test server::participant::production::tests_f8b_typed_refusal::a_durable_append_failure_stays_outside_the_refusal_carrier ... ok
test server::participant::production::tests_capacity_attach::attach_provenance_scope_refusals_follow_the_fixed_order ... ok
test server::participant::production::tests_f8_marker_poison::a_refused_connection_fate_leaves_no_durable_residue ... FAILED
test server::participant::production::tests_f8b_seal::the_boot_drain_verdict_names_the_seal ... ok
test server::participant::production::tests_f8b_seal::enrollment_into_a_sealed_conversation_is_refused_by_type ... ok
test server::participant::production::tests_layer2::drain_first_row_is_one_complete_poststate_and_contains_no_push ... ok
test server::participant::production::tests_layer2::production_dispatch_refusal_matrix_is_typed_tokened_and_respond_only ... ok
test server::participant::production::tests_f8b_seal::a_sealed_conversation_does_not_refuse_its_neighbours ... ok
test server::participant::production::tests_f8b_seal::boot_draining_the_last_identity_seals_the_conversation ... ok
test server::participant::production::tests_f8_marker_poison::the_incident_sequence_reboots_into_a_discharged_fate_and_a_live_server ... FAILED
test server::participant::production::tests_layer2::literal_same_stream_v1_five_kind_rows_are_schema_version_one ... ok
test server::participant::production::tests_log_v2::empty_stream_and_all_v2_stream_restore ... ok
test server::participant::production::tests_layer2::encode_dispatch_decode_assigns_sequence_and_one_exact_payload_row ... ok
test server::participant::production::tests_log_v2::literal_v1_row_is_rejected_as_schema_version_one ... ok
test server::participant::production::tests_leave::bound_leave_commits_retries_conflicts_and_survives_cold_reopen ... ok
test server::participant::production::tests_leave::detached_leave_commits_prior_terminal_and_retries_after_cold_reopen ... ok
test server::participant::production::tests_log_v2::mixed_v2_then_v1_page_is_rejected_before_returning_any_rows ... ok
test server::participant::production::tests_f8b_typed_refusal::an_occupied_lane_refusal_reaches_the_recovery_consumer_typed ... ok
test server::participant::production::tests_log_v2::leave_append_failure_publishes_no_response_or_tombstone ... ok
test server::participant::production::tests_leave::authorized_leave_refuses_stage_six_capacity_before_commit ... ok
test server::participant::production::tests_log_v2::leave_flush_failure_replays_only_a_complete_tombstone ... ok
test server::participant::production::tests_log_v2::mixed_stream_fails_startup_without_publishing_an_authority ... ok
test server::participant::production::tests_history::every_transition_history_matches_live_state_after_cold_restore ... ok
test server::participant::production::tests_log_v2::record_append_failure_publishes_no_response_or_poststate ... ok
test server::participant::production::tests_log_v2::record_flush_failure_replays_only_a_complete_row ... ok
test server::participant::production::tests_f8b_typed_refusal::partly_applied_connection_fate_reruns_its_committed_prefix_as_a_noop ... ok
test server::participant::production::tests_observer::capacity_check_counts_tracked_conversation_after_owner_discard ... ok
test server::participant::production::tests_observer::enrolled_conversation_without_track_row_recovers_classification ... ok
test server::participant::production::tests_marker_ack::marker_covered_outbox_accounting_stays_bounded_until_real_discharge ... ok
test server::participant::production::tests_observer_wake::coalescing::stale_arm_reaches_progressed_after_wake_coalesced ... ok
test server::participant::production::tests_marker_fate_repro::a_cold_replayed_marker_ack_must_leave_the_sealed_token_in_step ... ok
test server::participant::production::tests_outbox_log::canonical_outbox_encoder_prints_checked_q4_measurements ... ok
test server::participant::production::tests_outbox_log::extension_schema_version_refuses_before_projection ... ok
test server::participant::production::tests_outbox_log::mixed_extension_stream_refuses_without_returning_rows ... ok
test server::participant::production::tests_outbox_log::outbox_bound_domination_inequalities_hold_at_the_codec ... ok
test server::participant::production::tests_outbox_log::schema_v1_codec_round_trips_every_row_and_record_kind ... ok
test server::participant::production::tests_outbox_log::unit2_outbox_restore_batch_rows_has_the_signed_name_and_value ... ok
test server::participant::production::tests_outbox_owner::cumulative_ack_reclaims_only_the_recipient_prefix ... ok
test server::participant::production::tests_outbox_owner::leave_atomically_discharges_retired_obligations_and_replays ... ok
test server::participant::production::tests_outbox_owner::literal_v2_nonobligation_ack_restores_while_regression_refuses ... ok
test server::participant::production::tests_outbox_owner::live_recipient_obligation_bound_holds_without_mutation_and_owner_continues ... ok
test server::participant::production::tests_outbox_owner::live_recipient_obligation_bound_rejects_checked_product_overflow ... ok
test server::participant::production::tests_outbox_owner::marker_cursor_provenance_reconciles_without_consuming_outbox_state ... ok
test server::participant::production::tests_outbox_owner::participant_ack_only_advances_receipt_frontier ... ok
test server::participant::production::tests_outbox_owner::participant_outbox_owner_is_move_only ... ok
test server::participant::production::tests_outbox_owner::uncertain_duplicate_source_batch_is_idempotent_only_by_exact_bytes ... ok
test server::participant::production::tests_marker_fate_repro::a_redundant_marker_ack_at_the_cursor_must_answer_ack_noop ... ok
test server::participant::production::tests_marker_fate_repro::a_marker_ack_must_not_wedge_the_cached_authority_for_the_next_ordinary_ack ... ok
test server::participant::production::tests_outbox_barrier::published_obligation_tells_exact_live_dispatch_once ... ok
test server::participant::production::tests_marker_fate_repro::an_ordinary_ack_after_a_marker_ack_must_still_commit ... ok
test server::participant::production::tests_outbox_replay::impossible_extension_boundary_refuses_before_publication ... ok
test server::participant::production::tests_marker_fate_repro::an_ordinary_ack_crossing_a_marker_must_not_wedge_the_conversation ... ok
test server::participant::production::tests_outbox_replay::malformed_unknown_and_mixed_extension_refuses_before_publication ... ok
test server::participant::production::tests_outbox_replay::postcommit_outbox_append_failure_repairs_before_publication ... ok
test server::participant::production::tests_outbox_replay::uncertain_outbox_flush_accepts_exact_existing_without_duplicate ... ok
test server::participant::production::tests_marker_ack::marker_ack_requires_exact_offered_binding_testimony ... ok
test server::participant::production::tests_pending_died_live_reachability::live_connection_loss_rests_the_binding_at_pending_finalization_died ... ok
test server::participant::production::tests_outbox_replay::postcommit_outbox_failure_is_repaired_not_rolled_back ... ok
test server::participant::production::tests_marker_ack::marker_ack_preserves_owner_variant_and_reconciles_dispatch_cursor ... ok
test server::participant::production::tests_pending_died_live_reachability::attach_invariant_and_retention_wall_are_inseparable_at_this_configuration ... ok
test server::participant::production::tests_p0_64_live_extension::a_drain_prefixed_admission_writes_both_extension_rows_in_base_log_order ... ok
test server::participant::production::tests_pending_died_live_reachability::peer_record_drains_the_live_residence_and_erases_the_victim_identity ... ok
test server::participant::production::tests_pending_died_live_reachability::post_drain_reenrollment_is_walled_by_retention_not_by_identity ... ok
test server::participant::production::tests_receipts::live_receipt_replays_with_invalidated_old_secret ... ok
test server::participant::production::tests_pending_died_live_reachability::reattach_against_the_live_pending_died_residence_is_refused_on_the_wire ... ok
test server::participant::production::tests_receipts::attach_deadline_provenance_replay_carries_result_generation ... ok
test server::participant::production::tests_p0_64_live_extension::every_live_commit_path_matches_a_cold_replay_of_its_own_bytes ... ok
test server::participant::production::tests_observer_wake::dead_or_missing_weak_observer_handle_drops_only_targeted_wake ... ok
test server::participant::production::tests_receipts_enrollment::attach_inside_enrollment_receipt_window_supersedes_the_receipt ... ok
test server::participant::production::tests_receipts::superseded_receipt_keeps_provenance_then_degrades_to_stale_or_unknown ... ok
test server::participant::production::e2e_tests::e2e_sdk_tests::serverpush_sent_is_not_receipt_real_socket has been running for over 60 seconds
test server::participant::production::tests_receipts_enrollment::enrollment_token_replay_inside_provenance_window_is_receipt_expired ... ok
test server::participant::production::tests_record_admission::authorized_record_at_static_capacity_refuses_with_exact_token ... ok
test server::participant::production::tests_receipts_enrollment::enrollment_token_replay_after_provenance_window_is_enrollment_known ... ok
test server::participant::production::tests_residue::refused_probes_of_fresh_conversations_leave_no_durable_or_registry_residue ... ok
test server::participant::production::tests_record_admission_dedup::distinct_tokens_identical_bodies_commit_twice ... ok
test server::participant::production::tests_record_admission_dedup::different_participant_same_token_and_bytes_commits_anew_and_evicts_nothing ... ok
test server::participant::production::tests_record_admission_dedup::same_token_different_body_commits_new_record_and_never_answers_first ... ok
test server::participant::production::tests_receipts_enrollment::superseded_enrollment_token_maps_to_enrollment_known_after_provenance ... ok
test server::participant::production::tests_record_admission_dedup::same_token_same_bytes_across_cold_replay_and_rotation_answers_first_commit ... ok
test server::participant::production::tests_restore_window::second_pending_terminal_cannot_join_the_candidate_lane ... ok
test server::participant::production::tests_restore_window::residence_frontier_census_sole_terminal_candidate_closure_clear ... ok
test server::participant::production::tests_restore_window::terminal_drain_appends_leave_shaped_finalizer_transaction ... ok
test server::participant::production::tests_restore_window_detached::detached_drain_appends_detach_shaped_finalizer_transaction ... ok
test server::participant::production::tests_restore_window_detached::detached_residence_census_sole_terminal_candidate_closure_clear ... ok
test server::participant::production::tests_restore_window::valid_publish_during_pending_finalization_residence_commits_after_drain ... ok
test server::participant::production::tests_unloadable_surface::a_clean_store_reports_an_installed_but_empty_surface ... ok
test server::participant::production::tests_restore_window_detached::valid_publish_during_pending_detached_residence_commits_after_drain ... ok
test server::participant::production::tests_restore_window_detached::died_then_detached_candidates_drain_strictly_by_admission_order ... ok
test server::participant::production::tests_restore_window_detached::drained_detached_victim_resumes_with_exact_secret ... ok
test server::participant::production::tests_w1a::same_participant_ack_lineage_regression_refuses_before_observer_mutation ... ok
test server::participant::production::tests_w1a::two_participant_high_then_lower_ack_replay_preserves_observer_maximum ... ok
test server::participant::production::tests_w1a::leave_projection_has_one_surviving_producer_and_duplicate_injection_refuses ... ok
test server::participant::production::tests_w1a::unsupported_ahead_or_nonwitness_observer_advance_refuses_loudly ... ok
test server::participant::production::tests_w1b_census::standalone_pending_finalizer_has_no_production_entry_point ... ok
test server::participant::production::tests_w1b_census::w1b_tear_rider_removes_tautological_four_counter_tuple ... ok
test server::participant::production::tests_unloadable_surface::the_health_surface_names_the_conversation_the_node_refused_to_load ... ok
test server::participant::production::tests_w1a::observer_recovery_first_touch_repairs_missing_advance_before_classification ... ok
test server::participant::production::tests_w1b_connection_fate::participant_service_fatal_blocks_obligation_dispatch ... ok
test server::participant::production::tests_w1b_connection_fate::production_connection_fate_handler_completes_listed_conversation_without_matching_slot ... ok
test server::participant::production::tests_w1b_connection_fate::clean_disconnect_appends_detached_source_before_transport_teardown ... ok
test server::participant::production::tests_w1b_connection_fate::connection_lost_appends_died_source_before_transport_teardown ... ok
test server::participant::production::tests_w1a::live_leave_commit_projects_left_sequence_for_settled_and_pending_paths ... ok
test server::participant::production::tests_w1b_connection_fate::protocol_error_appends_died_source_only_for_bound_terminal_refusal ... ok
test server::participant::production::tests_w1a_leave_barrier::leave_source_flush_precedes_observer_advance_flush ... ok
test server::participant::production::tests_w1b_connection_fate::protocol_fate_classification_requires_current_bound_authority ... ok
test server::participant::production::tests_w1b_connection_fate::server_force_close_appends_shutdown_detached_source_before_release ... ok
test server::participant::production::tests_w1b_fate_completion::pending_detached_restart_restores_disconnect_or_shutdown_without_refinish ... ok
test server::participant::production::tests_w1b_connection_fate::unclean_restart_appends_prior_incarnation_died_before_owner_publication ... ok
test server::participant::production::tests_w1b_fenced_codec::attached_v3_closed_modes_round_trip_complete_fenced_proof ... ok
test server::participant::production::tests_w1b_fenced_codec::composed_terminal_decode_validates_kind_cause_order_source_and_presentation ... ok
test server::participant::production::tests_w1b_fenced_codec::fenced_attach_proof_refuses_every_redundant_field_mismatch ... ok
test server::participant::production::tests_w1b_fenced_codec::fenced_attach_proof_refuses_noncanonical_malformed_debt_and_successor_bytes ... ok
test server::participant::production::tests_w1b_fate_completion::recovered_completion_uses_protocol_floor_and_exact_production_caller ... ok
test server::participant::production::tests_w1b_fate_completion::ordinary_completion_uses_protocol_floor_and_exact_production_caller ... ok
test server::participant::production::tests_w1b_fate_completion::ordinary_source_flush_precedes_observer_advance_and_cold_repair ... ok
test server::participant::production::tests_w1b_fate_completion::recovered_source_flush_precedes_observer_advance_and_cold_repair ... ok
test server::participant::production::tests_w1b_fenced_finalizer::pending_died_recovered_reservation_makes_fenced_attach_finalizer_non_presenting ... ok
test server::participant::production::tests_w1b_occurrence::died_then_recovered_same_epoch_presents_died_once ... ok
test server::participant::production::tests_w1b_occurrence::fate_occurrence_key_presents_each_new_arm_at_most_once ... ok
test server::participant::production::tests_w1b_occurrence::recovered_after_pending_died_presents_measured_floor_once ... ok
test server::participant::production::tests_w1b_occurrence::recovered_then_died_same_epoch_after_advance_flush_refuses_without_second_presentation ... ok
test server::participant::production::tests_w1b_occurrence::recovered_then_died_same_epoch_refuses_before_observer_mutation ... ok
test server::participant::production::tests_unit2_layer1::every_v2_source_maps_exhaustively_in_sequence_order ... ok
test server::participant::production::tests_w1b_fenced_presenting::pending_terminal_composed_by_attach_presents_only_attached_source ... ok
test server::participant::production::tests_w1b_marker_source::marker_source_validation_refuses_typed_before_authority_construction ... ok
test server::participant::production::tests_unit2_layer1::recipient_snapshot::recipient_snapshot_is_postcommit_bound_and_resumable_detached_minus_sender ... ok
test server::participant::production::tests_w1b_pending_detached_leave::leave_finalizer_resolves_pending_source_without_claiming_stored_cause ... ok
test server::participant::production::tests_w1b_oracle26::attach_commit_splits_operational_state_and_one_noncloneable_fate_token ... ok
test server::participant::production::tests_w1b_projection::fenced_attached_projects_exact_presenting_terminal_then_attached ... ok
test server::participant::production::tests_w1b_projection::recovered_reservation_consumer_projects_attached_without_terminal_witness ... ok
test server::participant::production::tests_w1b_pending_detached_leave::pending_detached_finalized_by_leave_presents_only_live_leave_commit ... ok
test server::participant::production::tests_w1b_pending_died_restart::pending_died_restart_restores_cause_epoch_order_without_refinish ... ok
test server::participant::production::tests_w1b_intent_recovery::connection_fate_intent_failure_on_middle_conversation_completes_every_tail_binding ... ok
test server::participant::production::tests_w1b_substrate::attached_v2_mapping_is_lossless_and_marker_rows_refuse_without_proof ... ok
test server::participant::production::tests_w1b_substrate::detached_stored_operation_round_trips_request_disconnect_and_shutdown ... ok
test server::participant::production::tests_w1b_substrate::died_stored_operation_round_trips_and_replays_committed_and_pending ... ok
test server::participant::production::tests_w1b_pending_died_restart::pending_died_finalized_by_leave_presents_only_live_leave_commit ... ok
test server::participant::production::tests_w1b_intent_recovery::post_open_middle_failure_latches_service_fatal_and_startup_completes_tail ... ok
test server::participant::production::tests_w1b_substrate::ordinary_stored_operation_round_trips_and_replays_measured_fate ... ok
test server::participant::production::tests_w1b_substrate::recovered_stored_operation_round_trips_without_died_terminal ... ok
test server::participant::production::tests_w1b_substrate::old_v2_reader_refuses_v3_fate_row_with_typed_schema_version ... ok
test server::participant::production::tests_w1b_pending_finalizer::pending_died_recovered_reservation_makes_leave_finalizer_non_presenting ... ok
test server::participant::production::tests_w1b_source_flush::detached_source_flush_precedes_observer_advance_and_cold_repair ... ok
test server::participant::production::tests_w1b_substrate::v3_reader_accepts_v2_prefix_and_refuses_v2_after_v3 ... ok
test server::participant::production::tests_w1b_source_flush::died_source_flush_precedes_observer_advance_and_cold_repair ... ok
test server::participant::production::tests_w1b_source_flush::died_specific_fate_intent_completes_after_source_only_crash ... ok
test server::participant::production::tests_w1b_substrate::missing_unknown_malformed_and_mixed_operation_versions_refuse_before_publication ... ok
test server::participant::production::tests_w2_impacts::debt_zero_transition_releases_deferred_obligation ... ok
test server::participant::production::tests_w2_impacts::dispatch_impact_covers_state_preserving_marker_and_w1b_changes ... ok
test server::participant::production::tests_w2_impacts::dispatch_impact_unions_multi_effect_targets ... ok
test server::participant::production::tests_w2_impacts::registration_is_passive_and_committed_bind_tells_without_sweep ... ok
test server::participant::production::tests_w2_impacts::semantic_noop_refusal_and_unchanged_commit_emit_no_dispatch_tell ... ok
test server::participant::production::tests_w2_leg1_census::debt_tell_between_drain_and_wait_is_seen_by_final_probe ... ok
test server::participant::production::tests_w2_leg1_census::dispatch_source_has_no_timer_sweep_or_periodic_probe ... ok
test server::participant::production::tests_w1b_while_dead_replay::clean_leave_departed_mints_no_obligation ... ok
test server::participant::production::tests_w2_leg1_census::obligation_debt_dispatch_never_unlocks_between_debt_and_obligation_selection ... ok
test server::participant::production::tests_w2_leg1_census::obligation_debt_dispatch_preserves_pump_order_on_both_transports ... ok
test server::participant::production::tests_w2_leg1_census::obligation_debt_dispatch_seams_before_delivery_after_under_one_owner ... ok
test server::participant::production::tests_w1b_substrate::v2_after_v3_across_operation_page_boundary_refuses_before_apply ... ok
test server::participant::production::tests_w1b_validation_memory::validate_pass_memory_is_page_and_active_state_bounded ... ok
test server::participant::production::tests_w2_leg1_census::temporary_fate_preserves_cursor_facts_and_rebinds_exact_epoch ... ok
test server::participant::production::tests_w2_leg2_census::enrollment_clear_or_owed_and_no_obligation_are_total ... ok
test server::participant::production::tests_w2_leg2_census::nonzero_debt_ack_row_replays_obligation_aware_commit ... ok
test server::participant::production::tests_w2_leg3_crash_early::crash_before_debt_flush_restores_prior_dispatch_state ... ok
test server::participant::production::tests_w2_leg3_crash_early::crash_after_debt_flush_before_tell_rebind_replays_ready_work ... ok
test server::participant::production::tests_w2_leg3_crash_late::crash_after_tell_before_enqueue_rebind_replays_same_obligation ... ok
test server::participant::production::tests_w2_leg3_crash_late::crash_after_enqueue_before_ack_reoffers_and_accepts_endpoint ... ok
test server::participant::production::tests_w2_leg3_crash_late::w1b_fate_replay_precedes_bind_triggered_dispatch ... ok
test server::participant::production::tests_w1b_while_dead_replay::while_dead_publish_reaches_resumed_replay ... ok
test server::participant::production::tests_w2_leg3_crash_late::crash_between_nonzero_ack_barriers_reconciles_one_coupled_commit ... ok
test server::participant::production::tests_w3_restore::missing_tail_repair_persists_before_later_base_failure_byte_identically ... ok
test server::participant::production::tests_w3_restore::later_page_decode_failure_takes_precedence_over_earlier_semantic_conflict ... ok
test server::participant::production::tests_p0_60_admission_cost::admission_cost_does_not_grow_with_history has been running for over 60 seconds
test server::participant::production::tests_p0_60_admission_cost::one_admission_does_not_reread_the_conversation has been running for over 60 seconds
test server::participant::production::tests_w3_restore::pass_two_cursor_failure_maps_through_extension_log_error_and_drops_staged_state ... ok
test server::participant::production::tests_w3_restore::restore_retained_authority_counts_are_measured_and_ledgered ... ok
test server::participant::production::tests_w3_restore::midstream_outbox_decode_failure_preserves_typed_error_and_publishes_no_state ... ok
test server::participant::production::tests_w2_leg1_census::marker_drain_retry_accumulates_all_prefix_effects ... ok
test server::participant::publication::tests::parked_connection_wakes_on_outbox_and_no_polling_occurs ... ok
test server::participant::transport_tests::authenticated_request_without_advertised_capability_is_rejected ... ok
test server::participant::transport_tests::configured_wire_frame_limit_normalizes_to_generic_ceiling ... ok
test server::participant::transport_tests::crate_server_value_survives_generic_transport_round_trip ... ok
test server::participant::transport_tests::encode_server_push_is_byte_identical_to_direct_participant_encoding ... ok
test server::participant::transport_tests::incomplete_frame_within_limit_remains_in_incremental_decoder ... ok
test server::participant::transport_tests::negotiated_limit_rejects_from_header_before_body_arrives ... ok
test server::participant::transport_tests::negotiated_unknown_outer_frame_uses_shared_request_decoder ... ok
test server::participant::transport_tests::unauthenticated_participant_request_returns_shared_rejection ... ok
test server::participant::transport_tests::unrelated_unknown_frame_remains_outside_participant_protocol ... ok
test server::runtime::tests::failed_cluster_start_leaves_membership_unestablished ... ok
test server::shutdown::tests::drain_returns_immediately_when_no_connections_are_active ... ok
test server::shutdown::tests::drain_source_has_no_reap_count_sleep_loop ... ok
test server::shutdown::tests::shutdown_handle_initiates_once ... ok
test server::shutdown::tests::shutdown_handle_wait_unblocks_on_initiate ... ok
test server::participant::production::tests_w3_restore::outbox_restore_peak_decoded_rows_never_exceeds_one_page ... ok
test server::participant::production::tests_w1b_umbrella::fate_live_and_cold_replay_produce_identical_witnesses_and_state ... ok
test server::participant::production::tests_w3_restore::same_base_head_group_straddling_page_cut_replays_without_repair ... ok
test server::participant::production::tests_w3_restore::short_nonempty_pages_with_remaining_rows_do_not_terminate_restore ... ok
test server::participant::production::tests_w2_leg1_census::coupled_debt_owner_covers_every_w1b_fate_and_finalizer_route ... ok
test server::participant::production::tests_w3_restore::observer_recovery_restores_absent_owner_page_wise_with_exact_errors ... ok
test server::participant::production::e2e_tests::e2e_sdk_tests::serverpush_sent_is_not_receipt_real_socket ... ok
test server::participant::production::tests_p0_60_admission_cost::one_admission_does_not_reread_the_conversation ... ok
test server::participant::production::tests_p0_60_admission_cost::admission_cost_does_not_grow_with_history ... ok

failures:

---- server::participant::production::tests_f8_marker_poison::a_refused_connection_fate_leaves_no_durable_residue stdout ----
Error: "the peer's ack through 13 did not commit, so hard observer progress was never lifted over the marker at 12 and the incident is not armed: StaleAuthority(Live { request: ParticipantAck(ParticipantAckEnvelope { conversation_id: 167, participant_id: 1, capability_generation: Generation(1), through_seq: 13 }), current_generation: Generation(2) })"

---- server::participant::production::tests_f8_marker_poison::the_incident_sequence_reboots_into_a_discharged_fate_and_a_live_server stdout ----
Error: "the peer's ack through 13 did not commit, so hard observer progress was never lifted over the marker at 12 and the incident is not armed: StaleAuthority(Live { request: ParticipantAck(ParticipantAckEnvelope { conversation_id: 167, participant_id: 1, capability_generation: Generation(1), through_seq: 13 }), current_generation: Generation(2) })"


failures:
    server::participant::production::tests_f8_marker_poison::a_refused_connection_fate_leaves_no_durable_residue
    server::participant::production::tests_f8_marker_poison::the_incident_sequence_reboots_into_a_discharged_fate_and_a_live_server

test result: FAILED. 695 passed; 2 failed; 0 ignored; 0 measured; 0 filtered out; finished in 141.21s

error: test failed, to rerun pass `-p liminal-server --lib`
     Running unittests src/main.rs (target/debug/deps/liminal_server-7876b184f4b709b7)

running 0 tests

test result: ok. 0 passed; 0 failed; 0 ignored; 0 measured; 0 filtered out; finished in 0.00s

     Running tests/admission_refusal_visibility.rs (target/debug/deps/admission_refusal_visibility-489abaaa41d8e3eb)

running 1 test
test a_saturation_refusal_increments_a_labelled_admission_counter ... ok

test result: ok. 1 passed; 0 failed; 0 ignored; 0 measured; 0 filtered out; finished in 0.05s

     Running tests/cluster_two_node.rs (target/debug/deps/cluster_two_node-5530dd2740358b58)

running 6 tests
test cluster_start_flips_node_readiness_to_established ... ok
test subscription_on_a_is_visible_as_remote_member_on_b ... ok
test late_joiner_is_backfilled_with_existing_subscriptions ... ok
test publish_on_b_reaches_subscriber_on_a ... ok
test dropping_a_node_purges_its_remote_members_and_survivors_still_deliver ... ok
test stable_membership_source_has_zero_consumer_wakes ... ok

test result: ok. 6 passed; 0 failed; 0 ignored; 0 measured; 0 filtered out; finished in 3.08s

     Running tests/embedded_metrics_are_live.rs (target/debug/deps/embedded_metrics_are_live-5c312974c4df9935)

running 1 test
test an_embedded_server_arms_the_process_metrics_surface ... ok

test result: ok. 1 passed; 0 failed; 0 ignored; 0 measured; 0 filtered out; finished in 0.06s

     Running tests/loopback_parity_e2e.rs (target/debug/deps/loopback_parity_e2e-3ddf5fbbf8d97ead)

running 3 tests
test the_exempt_attach_secret_is_thirty_two_bytes_wide ... ok
test the_parity_substitution_does_not_absorb_an_unrelated_difference ... ok
test a_loopback_drive_and_a_socket_drive_leave_byte_identical_records ... ok

test result: ok. 3 passed; 0 failed; 0 ignored; 0 measured; 0 filtered out; finished in 2.06s

     Running tests/loopback_sdk_e2e.rs (target/debug/deps/loopback_sdk_e2e-e4ee7c39560ca594)

running 5 tests
test an_embedded_server_at_admission_capacity_refuses_a_loopback_connect ... ok
test dropping_the_loopback_transport_tears_the_server_connection_down ... ok
test a_wrong_token_is_refused_on_its_own_loopback_exactly_as_on_a_socket ... ok
test a_participant_enrolls_and_commits_a_record_over_the_loopback ... ok
test an_sdk_client_handshakes_over_the_loopback_against_a_real_embedded_server ... ok

test result: ok. 5 passed; 0 failed; 0 ignored; 0 measured; 0 filtered out; finished in 1.32s

     Running tests/participant_churn_convergence_e2e.rs (target/debug/deps/participant_churn_convergence_e2e-f34f96e1e98b5dda)

running 1 test
test a_conversation_converges_after_attach_exchanges_torn_mid_flight ... ok

test result: ok. 1 passed; 0 failed; 0 ignored; 0 measured; 0 filtered out; finished in 2.25s

     Running tests/participant_quiet_pump_e2e.rs (target/debug/deps/participant_quiet_pump_e2e-472a3316fc68448a)

running 4 tests
test the_pump_window_fits_inside_the_boot_budget ... ok
test a_seat_boots_within_its_gate_after_a_quiet_loopback_drain ... ok
test a_seat_boots_within_its_gate_after_a_quiet_websocket_drain ... ok
test a_seat_boots_within_its_gate_after_a_quiet_tcp_drain ... ok

test result: ok. 4 passed; 0 failed; 0 ignored; 0 measured; 0 filtered out; finished in 6.36s

     Running tests/participant_strand_recovery_e2e.rs (target/debug/deps/participant_strand_recovery_e2e-5144060e4f40ed09)

running 1 test
test a_torn_but_bound_attach_recovers_instead_of_stranding_the_client ... ok

test result: ok. 1 passed; 0 failed; 0 ignored; 0 measured; 0 filtered out; finished in 1.28s

     Running tests/pipelined_close.rs (target/debug/deps/pipelined_close-8c8b2a3ee41b0286)

running 1 test
test pipelined_ping_then_disconnect_still_gets_the_pong ... ok

test result: ok. 1 passed; 0 failed; 0 ignored; 0 measured; 0 filtered out; finished in 0.06s

     Running tests/push_flush_e2e.rs (target/debug/deps/push_flush_e2e-1218dd28bad290f2)

running 2 tests
test schema_rejection_surfaces_through_flush_with_raw_reason ... ok
test close_reports_clean_acceptance_and_half_close ... ok

test result: ok. 2 passed; 0 failed; 0 ignored; 0 measured; 0 filtered out; finished in 0.07s

     Running tests/sdk_tcp_e2e.rs (target/debug/deps/sdk_tcp_e2e-a461414b35199319)

running 18 tests
test sdk_tcp_connect_to_closed_port_fails ... ok
test sdk_tcp_missing_token_is_rejected ... ok
test sdk_tcp_client_publishes_over_real_socket ... ok
test sdk_tcp_correct_token_connects_and_publishes ... ok
test sdk_tcp_no_auth_section_behaves_as_before ... ok
test sdk_tcp_client_subscribes_over_real_socket ... ok
test sdk_tcp_wrong_token_is_rejected ... ok
test worker_registration_rejected_returns_typed_error ... ok
test server_push_to_client_returns_correlated_reply ... ok
test sdk_tcp_publish_with_idempotency_key_reports_genuine_delivery_ack ... ok
test worker_registration_round_trips_and_deregisters_on_close ... ok
test sdk_tcp_publish_with_no_subscriber_reports_non_delivery ... ok
test sdk_tcp_conversation_request_then_receive_correlates ... ok
test worker_registration_without_notifier_is_accepted ... ok
test sdk_tcp_real_schema_rejects_invalid_and_delivers_valid ... ok
test sdk_tcp_request_reply_returns_correlated_response ... ok
test server_push_does_not_regress_request_reply ... ok
test sdk_tcp_conversation_send_then_publish_stays_in_sync ... ok

test result: ok. 18 passed; 0 failed; 0 ignored; 0 measured; 0 filtered out; finished in 0.85s

     Running tests/sdk_ws_e2e.rs (target/debug/deps/sdk_ws_e2e-c55c87d26d9aedba)

running 4 tests
test sdk_ws_wrong_path_is_typed_refusal ... ok
test sdk_publish_parity_over_real_acceptor ... ok
test sdk_subscription_delivery_parity_over_real_acceptor ... ok
test sdk_auth_parity_over_real_acceptor ... ok

test result: ok. 4 passed; 0 failed; 0 ignored; 0 measured; 0 filtered out; finished in 10.08s

     Running tests/server_conversation_supervisor.rs (target/debug/deps/server_conversation_supervisor-fd8cf9a18db375aa)

running 6 tests
test registered_responder_handles_its_subject_instead_of_echo ... ok
test conversation_message_drives_real_actor ... ok
test open_conversation_spawns_real_supervised_actor_with_participant ... ok
test request_reply_message_is_really_processed_by_the_participant ... ok
test unregistered_subject_still_echoes ... ok
test participant_crash_is_detected_via_structural_linked_exit ... ok

test result: ok. 6 passed; 0 failed; 0 ignored; 0 measured; 0 filtered out; finished in 0.08s

     Running tests/subscription_e2e.rs (target/debug/deps/subscription_e2e-e2ee4140e2108a6f)

running 5 tests
test subscription_publish_wakes_parked_connection_in_order ... ok
test slow_reader_does_not_wedge_other_connections ... ok
test large_payload_is_delivered_intact ... ok
test oversize_frame_survives_wouldblock_boundary_and_no_desync ... ok
test inbox_overflow_sheds_the_offending_subscription_without_tearing_down_the_connection ... ok

test result: ok. 5 passed; 0 failed; 0 ignored; 0 measured; 0 filtered out; finished in 0.43s

     Running tests/subscription_shed_visibility_e2e.rs (target/debug/deps/subscription_shed_visibility_e2e-a1bd7b0d11c8420d)

running 4 tests
test b_deliveries_are_counted_per_transport_without_disturbing_the_aggregate ... ok
test a_forced_shed_is_counted_and_logged ... ok
test c_a_shed_websocket_subscription_surfaces_a_typed_error ... ok
test d_a_shed_tcp_subscription_surfaces_a_typed_error ... ok

test result: ok. 4 passed; 0 failed; 0 ignored; 0 measured; 0 filtered out; finished in 0.25s

     Running tests/subscription_starvation_e2e.rs (target/debug/deps/subscription_starvation_e2e-5552ef340458f291)

running 3 tests
test c_the_smallest_configurable_slice_budget_still_delivers_everything ... ok
test a_burst_larger_than_the_delivery_slice_never_starves_a_subscriber ... ok
test b_two_websocket_subscribers_on_one_boot_share_the_same_fate ... ok

test result: ok. 3 passed; 0 failed; 0 ignored; 0 measured; 0 filtered out; finished in 1.31s

     Running tests/teardown_delivery_e2e.rs (target/debug/deps/teardown_delivery_e2e-f70253fe4aeab17d)

running 2 tests
test pin_a2_parked_subscriber_receives_burst_after_publisher_drop ... ok
test pin_a1_shutdown_flushes_accepted_publishes_before_disconnect ... ok

test result: ok. 2 passed; 0 failed; 0 ignored; 0 measured; 0 filtered out; finished in 7.81s

     Running tests/tracing_output_e2e.rs (target/debug/deps/tracing_output_e2e-eddcd7ddb6ae732e)

running 1 test
test spawned_server_reports_startup_on_stderr ... ok

test result: ok. 1 passed; 0 failed; 0 ignored; 0 measured; 0 filtered out; finished in 2.96s

     Running tests/trybuild_gate.rs (target/debug/deps/trybuild_gate-27307522071a900f)

running 3 tests
   Compiling libc v0.2.186
   Compiling proc-macro2 v1.0.106
   Compiling quote v1.0.45
   Compiling unicode-ident v1.0.24
    Checking cfg-if v1.0.4
    Checking equivalent v1.0.2
    Checking allocator-api2 v0.2.21
   Compiling find-msvc-tools v0.1.9
   Compiling shlex v2.0.1
    Checking smallvec v1.15.2
    Checking foldhash v0.2.0
   Compiling pkg-config v0.3.33
   Compiling serde_core v1.0.228
   Compiling cranelift-srcgen v0.131.2
   Compiling libm v0.2.16
   Compiling cranelift-assembler-x64-meta v0.131.2
    Checking hashbrown v0.16.1
   Compiling wasmtime-internal-core v44.0.2
    Checking log v0.4.32
    Checking stable_deref_trait v1.2.1
    Checking hashbrown v0.17.1
   Compiling autocfg v1.5.1
   Compiling serde v1.0.228
   Compiling heck v0.5.0
   Compiling jobserver v0.1.34
    Checking once_cell v1.21.4
   Compiling cranelift-isle v0.131.2
    Checking memchr v2.8.2
   Compiling num-traits v0.2.19
   Compiling cc v1.2.64
    Checking indexmap v2.14.0
   Compiling zstd-safe v7.2.4
   Compiling syn v2.0.117
   Compiling cranelift-codegen-shared v0.131.2
   Compiling cranelift-codegen-meta v0.131.2
   Compiling crossbeam-utils v0.8.21
   Compiling target-lexicon v0.13.5
    Checking bumpalo v3.20.3
   Compiling cranelift-assembler-x64 v0.131.2
    Checking fnv v1.0.7
    Checking arbitrary v1.4.2
    Checking cranelift-bitset v0.131.2
   Compiling parking_lot_core v0.9.12
   Compiling getrandom v0.4.2
    Checking cranelift-entity v0.131.2
    Checking rand_core v0.10.1
    Checking rustc-hash v2.1.2
    Checking regalloc2 v0.15.1
    Checking cranelift-bforest v0.131.2
    Checking gimli v0.33.0
    Checking cranelift-control v0.131.2
   Compiling zmij v1.0.21
    Checking scopeguard v1.2.0
    Checking litemap v0.8.2
    Checking writeable v0.6.3
    Checking itoa v1.0.18
    Checking lock_api v0.4.14
   Compiling zstd-sys v2.0.16+zstd.1.5.7
    Checking num-integer v0.1.46
    Checking aho-corasick v1.1.4
    Checking errno v0.3.14
   Compiling anyhow v1.0.102
   Compiling icu_normalizer_data v2.2.0
    Checking utf8_iter v1.0.4
   Compiling icu_properties_data v2.2.0
   Compiling serde_json v1.0.150
    Checking regex-syntax v0.8.11
   Compiling ref-cast v1.0.25
    Checking pin-project-lite v0.2.17
   Compiling camino v1.2.2
   Compiling zerocopy v0.8.52
   Compiling crc32fast v1.5.0
   Compiling version_check v0.9.5
   Compiling getrandom v0.3.4
    Checking bytes v1.11.1
   Compiling rustix v1.1.4
    Checking typenum v1.20.1
    Checking regex-automata v0.4.14
   Compiling ahash v0.8.12
   Compiling cranelift-codegen v0.131.2
   Compiling synstructure v0.13.2
    Checking hybrid-array v0.4.13
    Checking num-bigint v0.4.6
    Checking chacha20 v0.10.0
    Checking mach2 v0.4.3
    Checking simd-adler32 v0.3.9
    Checking lazy_static v1.5.0
    Checking adler2 v2.0.1
    Checking bitflags v2.13.0
    Checking bitflags v1.3.2
    Checking miniz_oxide v0.8.9
    Checking region v3.0.2
    Checking rand v0.10.2
    Checking num-rational v0.4.2
    Checking num-iter v0.1.45
   Compiling blake3 v1.8.5
    Checking crossbeam-epoch v0.9.18
    Checking wasmtime-internal-jit-icache-coherence v44.0.2
    Checking num-complex v0.4.6
    Checking tracing-core v0.1.36
    Checking mio v1.2.1
    Checking socket2 v0.6.4
    Checking borrow-or-share v0.2.4
    Checking ecow v0.2.6
    Checking foldhash v0.1.5
   Compiling unicode-general-category v1.1.0
    Checking hashbrown v0.14.5
    Checking utf8parse v0.2.2
   Compiling thiserror v2.0.18
    Checking bit-vec v0.8.0
    Checking bit-set v0.8.0
    Checking gleam-types v0.4.3
    Checking anstyle-parse v1.0.0
    Checking hashbrown v0.15.5
    Checking num v0.4.3
    Checking crossbeam-deque v0.8.6
    Checking dashmap v6.2.1
   Compiling zerofrom-derive v0.1.7
test fenced_attach_linearity_ui_contract has been running for over 60 seconds
test leave_projection_removal_stays_a_compile_error has been running for over 60 seconds
test process_killed_has_no_production_participant_binding_emitter has been running for over 60 seconds
   Compiling yoke-derive v0.8.2
   Compiling serde_derive v1.0.228
   Compiling zerovec-derive v0.11.3
   Compiling displaydoc v0.2.6
   Compiling ref-cast-impl v1.0.25
   Compiling tokio-macros v2.7.0
    Checking zerofrom v0.1.8
    Checking yoke v0.8.3
   Compiling thiserror-impl v2.0.18
    Checking zerovec v0.11.6
    Checking tokio v1.52.3
    Checking zerotrie v0.2.4
   Compiling tracing-attributes v0.1.31
    Checking flate2 v1.1.9
    Checking tinystr v0.8.3
    Checking icu_locale_core v2.2.0
    Checking potential_utf v0.1.5
    Checking icu_collections v2.2.0
    Checking crypto-common v0.2.2
    Checking block-buffer v0.12.1
    Checking parking_lot v0.12.5
    Checking icu_provider v2.2.0
    Checking crossbeam-queue v0.3.12
    Checking crossbeam-channel v0.5.15
    Checking icu_normalizer v2.2.0
    Checking icu_properties v2.2.0
    Checking num_cpus v1.17.0
    Checking percent-encoding v2.3.2
    Checking micromap v0.3.0
    Checking base64 v0.22.1
    Checking const-oid v0.10.2
    Checking constant_time_eq v0.4.2
    Checking md5 v0.8.0
   Compiling httparse v1.10.1
    Checking colorchoice v1.0.5
    Checking outref v0.5.2
    Checking arrayvec v0.7.7
    Checking is_terminal_polyfill v1.70.2
    Checking data-encoding v2.11.0
    Checking fastrand v2.4.1
    Checking arrayref v0.3.9
    Checking vsimd v0.8.0
    Checking anstyle-query v1.1.5
    Checking web-time v1.1.0
    Checking unicode-segmentation v1.13.3
    Checking core-foundation-sys v0.8.7
    Checking anstyle v1.0.14
    Checking uuid-simd v0.8.0
    Checking anstream v1.0.0
    Checking iana-time-zone v0.1.65
    Checking tempfile v3.27.0
    Checking fluent-uri v0.4.1
    Checking email_address v0.2.9
    Checking serde_spanned v0.6.9
    Checking toml_datetime v0.6.11
    Checking digest v0.11.3
    Checking tracing v0.1.44
    Checking idna_adapter v1.2.2
    Checking idna v1.1.0
    Checking lru v0.12.5
    Checking fraction v0.15.4
    Checking fancy-regex v0.18.0
    Checking regex v1.12.4
    Checking referencing v0.46.5
    Checking cpufeatures v0.3.0
    Checking clap_lex v1.1.0
    Checking bytecount v0.6.9
    Checking toml_write v0.1.2
    Checking num-cmp v0.1.0
    Checking strsim v0.11.1
   Compiling signal-hook v0.3.18
    Checking winnow v0.7.15
    Checking clap_builder v4.6.0
    Checking sha1 v0.11.0
    Checking chrono v0.4.45
   Compiling clap_derive v4.6.1
    Checking jsonschema v0.46.5
   Compiling async-trait v0.1.89
    Checking tracing-log v0.2.0
    Checking matchers v0.2.0
    Checking sharded-slab v0.1.7
    Checking http v1.4.2
    Checking signal-hook-registry v1.4.8
    Checking uuid v1.23.3
    Checking thread_local v1.1.10
    Checking nu-ansi-term v0.50.3
    Checking liminal-protocol v0.5.1 (/Users/tom/Developer/ablative/stack/liminal/.claude/worktrees/p0-37/crates/liminal-protocol)
    Checking tungstenite v0.30.0
    Checking tracing-subscriber v0.3.23
    Checking toml_edit v0.22.27
    Checking futures-core v0.3.32
    Checking spin v0.9.8
    Checking clap v4.6.1
   Compiling zstd v0.13.3
   Compiling beamr v0.16.3
    Checking toml v0.8.23
    Checking cranelift-module v0.131.2
    Checking cranelift-native v0.131.2
    Checking cranelift-frontend v0.131.2
    Checking cranelift-jit v0.131.2
    Checking haematite v0.8.1
    Checking liminal-rs v0.5.5 (/Users/tom/Developer/ablative/stack/liminal/.claude/worktrees/p0-37/crates/liminal)
    Checking liminal-server v0.6.1 (/Users/tom/Developer/ablative/stack/liminal/.claude/worktrees/p0-37/crates/liminal-server)
    Checking liminal-sdk v0.6.1 (/Users/tom/Developer/ablative/stack/liminal/.claude/worktrees/p0-37/crates/liminal-sdk)
    Checking liminal-server-tests v0.0.0 (/Users/tom/Developer/ablative/stack/liminal/.claude/worktrees/p0-37/target/tests/trybuild/liminal-server)
    Finished `dev` profile [unoptimized + debuginfo] target(s) in 2m 55s


test [0m[1mtests/trybuild/production_connection_fate_cannot_select_process_killed.rs[0m ... [0m[32mok
[0m

test process_killed_has_no_production_participant_binding_emitter ... ok
    Checking liminal-server-tests v0.0.0 (/Users/tom/Developer/ablative/stack/liminal/.claude/worktrees/p0-37/target/tests/trybuild/liminal-server)
    Finished `dev` profile [unoptimized + debuginfo] target(s) in 0.72s


test [0m[1mtests/trybuild/plain_leave_projection_removed.rs[0m ... [0m[32mok
[0m

test leave_projection_removal_stays_a_compile_error ... ok
   Compiling cfg-if v1.0.4
   Compiling equivalent v1.0.2
   Compiling allocator-api2 v0.2.21
   Compiling libc v0.2.186
   Compiling smallvec v1.15.2
   Compiling foldhash v0.2.0
   Compiling serde_core v1.0.228
   Compiling log v0.4.32
   Compiling zerofrom v0.1.8
   Compiling stable_deref_trait v1.2.1
   Compiling libm v0.2.16
   Compiling hashbrown v0.17.1
   Compiling memchr v2.8.2
   Compiling yoke v0.8.3
   Compiling once_cell v1.21.4
   Compiling num-traits v0.2.19
   Compiling rustc-hash v2.1.2
   Compiling zerovec v0.11.6
   Compiling fnv v1.0.7
   Compiling arbitrary v1.4.2
   Compiling rand_core v0.10.1
   Compiling cranelift-assembler-x64 v0.131.2
   Compiling hashbrown v0.16.1
   Compiling bumpalo v3.20.3
   Compiling crossbeam-utils v0.8.21
   Compiling indexmap v2.14.0
   Compiling regalloc2 v0.15.1
   Compiling tinystr v0.8.3
   Compiling target-lexicon v0.13.5
   Compiling writeable v0.6.3
   Compiling itoa v1.0.18
   Compiling litemap v0.8.2
   Compiling cranelift-codegen-shared v0.131.2
   Compiling scopeguard v1.2.0
   Compiling num-integer v0.1.46
   Compiling cranelift-control v0.131.2
   Compiling icu_locale_core v2.2.0
   Compiling lock_api v0.4.14
   Compiling potential_utf v0.1.5
   Compiling wasmtime-internal-core v44.0.2
   Compiling parking_lot_core v0.9.12
   Compiling errno v0.3.14
   Compiling getrandom v0.4.2
   Compiling aho-corasick v1.1.4
   Compiling zerotrie v0.2.4
   Compiling utf8_iter v1.0.4
   Compiling gimli v0.33.0
   Compiling regex-syntax v0.8.11
   Compiling icu_collections v2.2.0
   Compiling zmij v1.0.21
   Compiling cranelift-bitset v0.131.2
   Compiling bytes v1.11.1
   Compiling cranelift-entity v0.131.2
   Compiling typenum v1.20.1
   Compiling cranelift-bforest v0.131.2
   Compiling icu_provider v2.2.0
   Compiling pin-project-lite v0.2.17
   Compiling icu_normalizer_data v2.2.0
   Compiling anyhow v1.0.102
   Compiling icu_properties_data v2.2.0
   Compiling zstd-sys v2.0.16+zstd.1.5.7
   Compiling num-bigint v0.4.6
   Compiling mach2 v0.4.3
   Compiling serde v1.0.228
   Compiling hybrid-array v0.4.13
   Compiling serde_json v1.0.150
   Compiling chacha20 v0.10.0
   Compiling bitflags v1.3.2
   Compiling adler2 v2.0.1
   Compiling lazy_static v1.5.0
   Compiling bitflags v2.13.0
   Compiling simd-adler32 v0.3.9
   Compiling rustix v1.1.4
   Compiling miniz_oxide v0.8.9
   Compiling rand v0.10.2
   Compiling region v3.0.2
   Compiling ref-cast v1.0.25
   Compiling icu_properties v2.2.0
   Compiling zstd-safe v7.2.4
   Compiling regex-automata v0.4.14
   Compiling icu_normalizer v2.2.0
   Compiling camino v1.2.2
   Compiling num-rational v0.4.2
   Compiling crc32fast v1.5.0
   Compiling getrandom v0.3.4
   Compiling zerocopy v0.8.52
   Compiling wasmtime-internal-jit-icache-coherence v44.0.2
   Compiling num-iter v0.1.45
   Compiling crossbeam-epoch v0.9.18
   Compiling num-complex v0.4.6
   Compiling mio v1.2.1
   Compiling socket2 v0.6.4
   Compiling tracing-core v0.1.36
   Compiling ecow v0.2.6
   Compiling utf8parse v0.2.2
   Compiling borrow-or-share v0.2.4
   Compiling hashbrown v0.14.5
   Compiling foldhash v0.1.5
   Compiling bit-vec v0.8.0
   Compiling hashbrown v0.15.5
   Compiling gleam-types v0.4.3
   Compiling bit-set v0.8.0
   Compiling fluent-uri v0.4.1
   Compiling tokio v1.52.3
   Compiling anstyle-parse v1.0.0
   Compiling idna_adapter v1.2.2
   Compiling num v0.4.3
   Compiling crossbeam-deque v0.8.6
   Compiling flate2 v1.1.9
   Compiling dashmap v6.2.1
   Compiling zstd v0.13.3
   Compiling crypto-common v0.2.2
   Compiling block-buffer v0.12.1
   Compiling parking_lot v0.12.5
   Compiling crossbeam-channel v0.5.15
   Compiling crossbeam-queue v0.3.12
   Compiling num_cpus v1.17.0
   Compiling fastrand v2.4.1
   Compiling data-encoding v2.11.0
   Compiling vsimd v0.8.0
   Compiling constant_time_eq v0.4.2
   Compiling core-foundation-sys v0.8.7
   Compiling micromap v0.3.0
   Compiling web-time v1.1.0
   Compiling const-oid v0.10.2
   Compiling is_terminal_polyfill v1.70.2
   Compiling percent-encoding v2.3.2
   Compiling arrayref v0.3.9
   Compiling colorchoice v1.0.5
   Compiling unicode-segmentation v1.13.3
   Compiling md5 v0.8.0
   Compiling base64 v0.22.1
   Compiling anstyle v1.0.14
   Compiling arrayvec v0.7.7
   Compiling anstyle-query v1.1.5
   Compiling outref v0.5.2
   Compiling anstream v1.0.0
   Compiling uuid-simd v0.8.0
   Compiling digest v0.11.3
   Compiling blake3 v1.8.5
   Compiling iana-time-zone v0.1.65
   Compiling tempfile v3.27.0
   Compiling tracing v0.1.44
   Compiling thiserror v2.0.18
   Compiling lru v0.12.5
   Compiling fraction v0.15.4
   Compiling idna v1.1.0
   Compiling unicode-general-category v1.1.0
   Compiling regex v1.12.4
   Compiling fancy-regex v0.18.0
   Compiling serde_spanned v0.6.9
   Compiling email_address v0.2.9
   Compiling toml_datetime v0.6.11
   Compiling cpufeatures v0.3.0
   Compiling winnow v0.7.15
   Compiling toml_write v0.1.2
   Compiling num-cmp v0.1.0
   Compiling clap_lex v1.1.0
   Compiling strsim v0.11.1
   Compiling bytecount v0.6.9
   Compiling sha1 v0.11.0
   Compiling clap_builder v4.6.0
   Compiling matchers v0.2.0
   Compiling chrono v0.4.45
   Compiling httparse v1.10.1
   Compiling tracing-log v0.2.0
   Compiling sharded-slab v0.1.7
   Compiling http v1.4.2
   Compiling uuid v1.23.3
   Compiling ahash v0.8.12
   Compiling signal-hook-registry v1.4.8
   Compiling referencing v0.46.5
   Compiling thread_local v1.1.10
   Compiling nu-ansi-term v0.50.3
   Compiling tungstenite v0.30.0
   Compiling tracing-subscriber v0.3.23
   Compiling signal-hook v0.3.18
   Compiling liminal-protocol v0.5.1 (/Users/tom/Developer/ablative/stack/liminal/.claude/worktrees/p0-37/crates/liminal-protocol)
   Compiling futures-core v0.3.32
   Compiling spin v0.9.8
   Compiling jsonschema v0.46.5
   Compiling toml_edit v0.22.27
   Compiling clap v4.6.1
   Compiling toml v0.8.23
   Compiling cranelift-codegen v0.131.2
   Compiling cranelift-native v0.131.2
   Compiling cranelift-module v0.131.2
   Compiling cranelift-frontend v0.131.2
   Compiling cranelift-jit v0.131.2
   Compiling beamr v0.16.3
   Compiling haematite v0.8.1
   Compiling liminal-rs v0.5.5 (/Users/tom/Developer/ablative/stack/liminal/.claude/worktrees/p0-37/crates/liminal)
   Compiling liminal-server v0.6.1 (/Users/tom/Developer/ablative/stack/liminal/.claude/worktrees/p0-37/crates/liminal-server)
   Compiling liminal-sdk v0.6.1 (/Users/tom/Developer/ablative/stack/liminal/.claude/worktrees/p0-37/crates/liminal-sdk)
   Compiling liminal-server-tests v0.0.0 (/Users/tom/Developer/ablative/stack/liminal/.claude/worktrees/p0-37/target/tests/trybuild/liminal-server)
    Finished `dev` profile [unoptimized + debuginfo] target(s) in 1m 06s


test [0m[1mtests/trybuild/fenced_descriptions_remain_copy.rs[0m [should pass] ... [0m[32mok
[0mtest [0m[1mtests/trybuild/fenced_raw_mint_is_private.rs[0m [should fail to compile] ... [0m[32mok
[0mtest [0m[1mtests/trybuild/fenced_owner_cannot_mint_twice.rs[0m [should fail to compile] ... [0m[32mok
[0mtest [0m[1mtests/trybuild/fenced_proof_cannot_clone.rs[0m [should fail to compile] ... [0m[32mok
[0mtest [0m[1mtests/trybuild/fenced_proof_cannot_copy.rs[0m [should fail to compile] ... [0m[32mok
[0mtest [0m[1mtests/trybuild/fenced_proof_cannot_reuse_after_verify.rs[0m [should fail to compile] ... [0m[32mok
[0mtest [0m[1mtests/trybuild/fenced_proof_fate_method_is_private.rs[0m [should fail to compile] ... [0m[32mok
[0mtest [0m[1mtests/trybuild/fenced_attach_commit_cannot_split_twice.rs[0m [should fail to compile] ... [0m[32mok
[0mtest [0m[1mtests/trybuild/validated_marker_record_cannot_clone.rs[0m [should fail to compile] ... [0m[32mok
[0mtest [0m[1mtests/trybuild/validated_marker_record_cannot_copy.rs[0m [should fail to compile] ... [0m[32mok
[0mtest [0m[1mtests/trybuild/validated_marker_record_cannot_feed_two_recoveries.rs[0m [should fail to compile] ... [0m[32mok
[0m

test fenced_attach_linearity_ui_contract ... ok

test result: ok. 3 passed; 0 failed; 0 ignored; 0 measured; 0 filtered out; finished in 357.50s

     Running tests/ws_transport_e2e.rs (target/debug/deps/ws_transport_e2e-89672bb339e16f03)

running 23 tests
test ws_dependency_adds_no_async_runtime_or_http_framework ... ok
test ws_connection_serves_server_push_and_correlated_reply ... ok
test ws_client_close_removes_connection_resources ... ok
test ws_and_tcp_connect_responses_are_byte_identical ... ok
test ws_fragmented_binary_is_reassembled_and_applied_once ... ok
test ws_and_tcp_auth_refusals_are_byte_identical_and_both_close ... ok
test ws_and_tcp_share_one_max_connections_bound ... ok
test ws_empty_binary_message_closes ... ok
test ws_nine_byte_header_closes ... ok
test ws_liminal_ping_gets_liminal_pong_not_transport_pong ... ok
test ws_offered_subprotocol_is_refused ... ok
test ws_ordinary_http_and_wrong_route_receive_fixed_refusals ... ok
test ws_oversize_declared_length_is_refused_before_allocation ... ok
test ws_subscriber_receives_tcp_publish_as_one_binary_message ... ok
test ws_trailing_bytes_close ... ok
test ws_text_message_is_a_typed_protocol_failure_that_closes ... ok
test ws_truncated_declared_body_closes ... ok
test ws_origin_cases_enumerated ... ok
test ws_two_concatenated_frames_close ... ok
test ws_upgrade_declines_permessage_deflate_offer_without_negotiating ... ok
test ws_keepalive_sends_transport_pings_on_the_named_interval ... ok
test ws_keepalive_absent_means_no_pings ... ok
test ws_graceful_shutdown_notifies_subscribers_and_drains_both_transports ... ok

test result: ok. 23 passed; 0 failed; 0 ignored; 0 measured; 0 filtered out; finished in 3.07s

   Doc-tests liminal_server

running 0 tests

test result: ok. 0 passed; 0 failed; 0 ignored; 0 measured; 0 filtered out; finished in 0.00s

error: 1 target failed:
    `-p liminal-server --lib`
